Ubigeo,Departamento,Provincia,Distrito,Localidad
060411,CAJAMARCA,CHOTA,LLAMA,LA RAMADA DE LLAMA
140202,LAMBAYEQUE,FERREÏ¿½AFE,CAÏ¿½ARIS,SABILA
060411,CAJAMARCA,CHOTA,LLAMA,LLAMA
140101,LAMBAYEQUE,CHICLAYO,CHICLAYO,CHICLAYO
061101,CAJAMARCA,SAN MIGUEL,SAN MIGUEL,LA COMUNIDAD
060505,CAJAMARCA,CONTUMAZA,SAN BENITO,LA BANDA
061102,CAJAMARCA,SAN MIGUEL,BOLIVAR,LA LUCMA
061110,CAJAMARCA,SAN MIGUEL,SAN GREGORIO,MIRADOR
061108,CAJAMARCA,SAN MIGUEL,NANCHOC,NANCHOC
061105,CAJAMARCA,SAN MIGUEL,EL PRADO,GUAYO ALTO
061105,CAJAMARCA,SAN MIGUEL,EL PRADO,LA MASCOTA
061108,CAJAMARCA,SAN MIGUEL,NANCHOC,CARHUASI
061202,CAJAMARCA,SAN PABLO,SAN BERNARDINO,ANISPAMAPA
060505,CAJAMARCA,CONTUMAZA,SAN BENITO,EL MOLINO
060505,CAJAMARCA,CONTUMAZA,SAN BENITO,COBOT
061203,CAJAMARCA,SAN PABLO,SAN LUIS,ESPINAL
060505,CAJAMARCA,CONTUMAZA,SAN BENITO,SAN BENITO
060416,CAJAMARCA,CHOTA,SAN JUAN DE LICUPIS,CARHUAQUERO
060808,CAJAMARCA,JAEN,PUCARA,SHIMBE
060607,CAJAMARCA,CUTERVO,QUEROCOTILLO,GUAYABAS
060601,CAJAMARCA,CUTERVO,CUTERVO,SANICULLO ALTO
060601,CAJAMARCA,CUTERVO,CUTERVO,LANCHE
060601,CAJAMARCA,CUTERVO,CUTERVO,SANICULLO BAJO
060601,CAJAMARCA,CUTERVO,CUTERVO,SAN JUAN DE ALIAGA
060607,CAJAMARCA,CUTERVO,QUEROCOTILLO,MOLINO
060607,CAJAMARCA,CUTERVO,QUEROCOTILLO,LAS JUNTAS
060602,CAJAMARCA,CUTERVO,CALLAYUC,SAN JUAN DE DIOS
060607,CAJAMARCA,CUTERVO,QUEROCOTILLO,LAS DELICIAS
060607,CAJAMARCA,CUTERVO,QUEROCOTILLO,JUNTAS
060601,CAJAMARCA,CUTERVO,CUTERVO,SANUCULLO BAJO
060607,CAJAMARCA,CUTERVO,QUEROCOTILLO,QUEROCOTILLO
060601,CAJAMARCA,CUTERVO,CUTERVO,VALLE CALLACATE
140301,LAMBAYEQUE,LAMBAYEQUE,LAMBAYEQUE,LAMBAYEQUE
140301,LAMBAYEQUE,LAMBAYEQUE,LAMBAYEQUE,BATNGRANDE
140301,LAMBAYEQUE,LAMBAYEQUE,LAMBAYEQUE,LAS DUNAS
140306,LAMBAYEQUE,LAMBAYEQUE,MORROPE,MORROPE
140310,LAMBAYEQUE,LAMBAYEQUE,SALAS,LA RAMADA
061110,CAJAMARCA,SAN MIGUEL,SAN GREGORIO,SAN GREGORIO
061113,CAJAMARCA,SAN MIGUEL,UNION AGUA BLANCA,LIVES
060807,CAJAMARCA,JAEN,POMAHUACA,SHIMBE
060804,CAJAMARCA,JAEN,COLASAY,CEDRO DEL PASTO
060807,CAJAMARCA,JAEN,POMAHUACA,EL SHIMBE
060804,CAJAMARCA,JAEN,COLASAY,AGUA SABROSA
060807,CAJAMARCA,JAEN,POMAHUACA,HUARANGOPAMPA
060607,CAJAMARCA,CUTERVO,QUEROCOTILLO,SAUCES
060807,CAJAMARCA,JAEN,POMAHUACA,CATAGUAS
060607,CAJAMARCA,CUTERVO,QUEROCOTILLO,LANCHEPAMPA
060601,CAJAMARCA,CUTERVO,CUTERVO,AULLAN
060603,CAJAMARCA,CUTERVO,CHOROS,SUCCHA
140310,LAMBAYEQUE,LAMBAYEQUE,SALAS,COLAYA
140310,LAMBAYEQUE,LAMBAYEQUE,SALAS,PENACHI
060411,CAJAMARCA,CHOTA,LLAMA,SUCCHA DE HUANGAMARCA
060411,CAJAMARCA,CHOTA,LLAMA,SAN ANTONIO
060411,CAJAMARCA,CHOTA,LLAMA,CUCARACRA
060411,CAJAMARCA,CHOTA,LLAMA,SUCCHA HUANGAMARCA
060411,CAJAMARCA,CHOTA,LLAMA,TIMON
060902,CAJAMARCA,SAN IGNACIO,CHIRINOS,CORDILLERA ANDINA
060902,CAJAMARCA,SAN IGNACIO,CHIRINOS,SAN PEDRO
060807,CAJAMARCA,JAEN,POMAHUACA,CAMPAMENTO LIMON
060807,CAJAMARCA,JAEN,POMAHUACA,SAN LORENZO
140312,LAMBAYEQUE,LAMBAYEQUE,TUCUME,TUCUME
061106,CAJAMARCA,SAN MIGUEL,LA FLORIDA,LA ALAJA
061202,CAJAMARCA,SAN PABLO,SAN BERNARDINO,POQUISH
060411,CAJAMARCA,CHOTA,LLAMA,PEÏ¿½A NEGRA
060801,CAJAMARCA,JAEN,JAEN,VALENCIA
060902,CAJAMARCA,SAN IGNACIO,CHIRINOS,LA CATAHUA
060903,CAJAMARCA,SAN IGNACIO,HUARANGO,LA TOTORA
060807,CAJAMARCA,JAEN,POMAHUACA,LANCHEMA
060416,CAJAMARCA,CHOTA,SAN JUAN DE LICUPIS,RAMALDON (RAMALPON)
061113,CAJAMARCA,SAN MIGUEL,UNION AGUA BLANCA,AMBUDU
060416,CAJAMARCA,CHOTA,SAN JUAN DE LICUPIS,PAY PAY
060416,CAJAMARCA,CHOTA,SAN JUAN DE LICUPIS,PALO BLANCO
060416,CAJAMARCA,CHOTA,SAN JUAN DE LICUPIS,LAS PAMPAS
060412,CAJAMARCA,CHOTA,MIRACOSTA,LADIS
060412,CAJAMARCA,CHOTA,MIRACOSTA,PALO VERDE
060412,CAJAMARCA,CHOTA,MIRACOSTA,RONALPON
060412,CAJAMARCA,CHOTA,MIRACOSTA,AÏ¿½ICATE
060411,CAJAMARCA,CHOTA,LLAMA,CHECOPON
060411,CAJAMARCA,CHOTA,LLAMA,ENCALADA
060416,CAJAMARCA,CHOTA,SAN JUAN DE LICUPIS,CHAMANA LA POZA
060416,CAJAMARCA,CHOTA,SAN JUAN DE LICUPIS,LOS PORONGOS
060411,CAJAMARCA,CHOTA,LLAMA,SAN MATEO
060807,CAJAMARCA,JAEN,POMAHUACA,PASCO PAMPA
060807,CAJAMARCA,JAEN,POMAHUACA,HUARANGO PAMPA
060807,CAJAMARCA,JAEN,POMAHUACA,MANGAYPA
060807,CAJAMARCA,JAEN,POMAHUACA,BUENOS AIRES
060804,CAJAMARCA,JAEN,COLASAY,FLOR DE LIPACA
060807,CAJAMARCA,JAEN,POMAHUACA,LIMON PAMPA
060808,CAJAMARCA,JAEN,PUCARA,TAURANA
060804,CAJAMARCA,JAEN,COLASAY,BOMBOCA
060607,CAJAMARCA,CUTERVO,QUEROCOTILLO,GUAYABAS (LAS GUAYABAS)
060602,CAJAMARCA,CUTERVO,CALLAYUC,AGUA DULCE
060418,CAJAMARCA,CHOTA,TOCMOCHE,TOCMOCHE
060411,CAJAMARCA,CHOTA,LLAMA,MAYCHIL
060411,CAJAMARCA,CHOTA,LLAMA,ASUNCION
060411,CAJAMARCA,CHOTA,LLAMA,PADEN
060416,CAJAMARCA,CHOTA,SAN JUAN DE LICUPIS,CHATUQUIS
060416,CAJAMARCA,CHOTA,SAN JUAN DE LICUPIS,CHILALAN (CHILANLAN)
060801,CAJAMARCA,JAEN,JAEN,LA FLOR
061303,CAJAMARCA,SANTA CRUZ,CATACHE,MUNANA
061303,CAJAMARCA,SANTA CRUZ,CATACHE,EL MONTE
060411,CAJAMARCA,CHOTA,LLAMA,SAN CARLOS (CARHUAQUERO)
060807,CAJAMARCA,JAEN,POMAHUACA,POMAHUACA
060807,CAJAMARCA,JAEN,POMAHUACA,PUEBLO NUEVO
060607,CAJAMARCA,CUTERVO,QUEROCOTILLO,SANTOS (LAMPARAN)
130208,LA LIBERTAD,ASCOPE,CASA GRANDE,SANTA CLARA
130202,LA LIBERTAD,ASCOPE,CHICAMA,CHICAMA
130207,LA LIBERTAD,ASCOPE,SANTIAGO DE CAO,SUMANIQUE
130203,LA LIBERTAD,ASCOPE,CHOCOPE,SALAMANCA
130203,LA LIBERTAD,ASCOPE,CHOCOPE,CHOCOPE
130203,LA LIBERTAD,ASCOPE,CHOCOPE,SINTUCO
130202,LA LIBERTAD,ASCOPE,CHICAMA,PIEDRA MOLINO
130614,LA LIBERTAD,OTUZCO,USQUIL,HUARISH
130208,LA LIBERTAD,ASCOPE,CASA GRANDE,CASA GRANDE
130701,LA LIBERTAD,PACASMAYO,SAN PEDRO DE LLOC,CHASCARRAPE
060804,CAJAMARCA,JAEN,COLASAY,CEDRO DEL PASTO CPM
130208,LA LIBERTAD,ASCOPE,CASA GRANDE,ROMA
010703,AMAZONAS,UTCUBAMBA,CUMBA,CARBAJALES
130203,LA LIBERTAD,ASCOPE,CHOCOPE,CARIAGA
130204,LA LIBERTAD,ASCOPE,MAGDALENA DE CAO,MAGDALENA DE CAO
140202,LAMBAYEQUE,FERREÏ¿½AFE,CAÏ¿½ARIS,HUACAPAMPA
140202,LAMBAYEQUE,FERREÏ¿½AFE,CAÏ¿½ARIS,CHILASQUE
060502,CAJAMARCA,CONTUMAZA,CHILETE,HUERTAS
061303,CAJAMARCA,SANTA CRUZ,CATACHE,CASCADEN
061303,CAJAMARCA,SANTA CRUZ,CATACHE,PICUY
060411,CAJAMARCA,CHOTA,LLAMA,HUALANGA (SAN PABLO)
060411,CAJAMARCA,CHOTA,LLAMA,MOLLE
060808,CAJAMARCA,JAEN,PUCARA,LA PAUCA
140202,LAMBAYEQUE,FERREÏ¿½AFE,CAÏ¿½ARIS,HUALTE
130205,LA LIBERTAD,ASCOPE,PAIJAN,CHUIN
130205,LA LIBERTAD,ASCOPE,PAIJAN,PAIJAN
060505,CAJAMARCA,CONTUMAZA,SAN BENITO,COLBOT
060607,CAJAMARCA,CUTERVO,QUEROCOTILLO,HUANCAS
061303,CAJAMARCA,SANTA CRUZ,CATACHE,MARAMPAMPA
140310,LAMBAYEQUE,LAMBAYEQUE,SALAS,PEDREGAL
130101,LA LIBERTAD,TRUJILLO,TRUJILLO,TRUJILLO
130207,LA LIBERTAD,ASCOPE,SANTIAGO DE CAO,CARTAVIO
130702,LA LIBERTAD,PACASMAYO,GUADALUPE,GUADALUPE
130208,LA LIBERTAD,ASCOPE,CASA GRANDE,LA QUINTA LA GLORIA
140310,LAMBAYEQUE,LAMBAYEQUE,SALAS,SALAS
110501,ICA,PISCO,PISCO,URB. LOS JARDINES MZ F L8
110504,ICA,PISCO,INDEPENDENCIA,SANTA ISABEL
150204,LIMA,BARRANCA,SUPE,SAN NICOLAS CMT 14
150204,LIMA,BARRANCA,SUPE,EL MOLINO
150204,LIMA,BARRANCA,SUPE,EL MOLINO S.N.
150601,LIMA,HUARAL,HUARAL,LA QUINCHA
150119,LIMA,LIMA,LURIN,ZONA B
150119,LIMA,LIMA,LURIN,ZONA A
150119,LIMA,LIMA,LURIN,ZONA D
150123,LIMA,LIMA,PACHACAMAC,ZONA C
150119,LIMA,LIMA,LURIN,ZONA C
021801,ANCASH,SANTA,CHIMBOTE,LA CAMPIÏ¿½A KM 7
110111,ICA,ICA,SANTIAGO,LA VENTA COOP.STA. DOM.
110207,ICA,CHINCHA,PUEBLO NUEVO,TUPAC AMARU ZONA A
110504,ICA,PISCO,INDEPENDENCIA,INDEPENDENCIA
110206,ICA,CHINCHA,GROCIO PRADO,BALCONCITO AV. VICTORIA S
090101,HUANCAVELICA,HUANCAVELICA,HUANCAVELICA,SAN ANTONIO DE PURICANCHA
110303,ICA,NAZCA,EL INGENIO,CASERIO BOGOTALLA
110303,ICA,NAZCA,EL INGENIO,EL INGENIO
150204,LIMA,BARRANCA,SUPE,BOLIVAR (ULTIMA CUADRA)
150204,LIMA,BARRANCA,SUPE,LA LADERA COMITE 14 S.N.
150204,LIMA,BARRANCA,SUPE,LA LADERA SAN NICOLAS
150204,LIMA,BARRANCA,SUPE,JR. BOLOGNESI 575
150204,LIMA,BARRANCA,SUPE,SAN NICOLAS
150204,LIMA,BARRANCA,SUPE,SAN NICOLAS COMITE 16
150507,LIMA,CAÏ¿½ETE,IMPERIAL,RAMOS LARREA
150119,LIMA,LIMA,LURIN,RINCONADA BAJA
110202,ICA,CHINCHA,ALTO LARAN,SAN LUIS
110205,ICA,CHINCHA,EL CARMEN,GUAYABO
110202,ICA,CHINCHA,ALTO LARAN,YAURITAMBO
110205,ICA,CHINCHA,EL CARMEN,HUAYABO
110503,ICA,PISCO,HUMAY,BERNALES
050612,AYACUCHO,LUCANAS,OCAÏ¿½A,FUNDO MOLINO
110202,ICA,CHINCHA,ALTO LARAN,HUACHINGA
110205,ICA,CHINCHA,EL CARMEN,CHAMORRO
140305,LAMBAYEQUE,LAMBAYEQUE,MOCHUMI,PAREDONES MUY FINCA
150805,LIMA,HUAURA,HUALMAY,PROL LAS FLORES C 5
150512,LIMA,CAÏ¿½ETE,QUILMANA,FUNDO EL 25
150507,LIMA,CAÏ¿½ETE,IMPERIAL,VALLE DE CAÏ¿½ETE
150510,LIMA,CAÏ¿½ETE,NUEVO IMPERIAL,PUEBLO NUEVO
150501,LIMA,CAÏ¿½ETE,SAN VICENTE DE CAÏ¿½ETE,SAN MIGUEL
150512,LIMA,CAÏ¿½ETE,QUILMANA,LA HUERTA
150507,LIMA,CAÏ¿½ETE,IMPERIAL,ASUNCION 8
150512,LIMA,CAÏ¿½ETE,QUILMANA,QUILMANA
090401,HUANCAVELICA,CASTROVIRREYNA,CASTROVIRREYNA,SINTO
110205,ICA,CHINCHA,EL CARMEN,HUARANGAL
110201,ICA,CHINCHA,CHINCHA ALTA,CONDORILLO ALTO
110202,ICA,CHINCHA,ALTO LARAN,ALTO LARAN
110403,ICA,PALPA,RIO GRANDE,PAUCARRASTRO
110403,ICA,PALPA,RIO GRANDE,RIO GRANDE CERCADO
110206,ICA,CHINCHA,GROCIO PRADO,IRRIGACION PAMPA Ï¿½OCO
110205,ICA,CHINCHA,EL CARMEN,VIÏ¿½A VIEJA
110201,ICA,CHINCHA,CHINCHA ALTA,SANTOS NAGARO
110201,ICA,CHINCHA,CHINCHA ALTA,CHINCHA ALTA
220601,SAN MARTIN,MARISCAL CACERES,JUANJUI,JUANJUICILLO
060108,CAJAMARCA,CAJAMARCA,LOS BAÏ¿½OS DEL INCA,TARTAR GRANDE
110305,ICA,NAZCA,VISTA ALEGRE,CASERIO QUEMAZON
110504,ICA,PISCO,INDEPENDENCIA,CABEZA DE TORO LTRAL. 5
110504,ICA,PISCO,INDEPENDENCIA,CABEZA DE TORO LATERAL 5
110305,ICA,NAZCA,VISTA ALEGRE,PORTACHUELO
110107,ICA,ICA,PUEBLO NUEVO,PONGO GRANDE
110210,ICA,CHINCHA,SUNAMPE,PAMPA DE CANELO
110207,ICA,CHINCHA,PUEBLO NUEVO,SAN ISIDRO
110205,ICA,CHINCHA,EL CARMEN,HOJA REDONDA
110205,ICA,CHINCHA,EL CARMEN,CARMEN ALTO
110205,ICA,CHINCHA,EL CARMEN,FUNDO SAN MARTIN
110208,ICA,CHINCHA,SAN JUAN DE YANAC,SAN JUAN DE YANAC
110507,ICA,PISCO,SAN CLEMENTE,AGUA SANTA DEL PORVENIR
110204,ICA,CHINCHA,CHINCHA BAJA,24 DE JUNIO SECTOR PLAYA
110504,ICA,PISCO,INDEPENDENCIA,CABEZA DE TORO LATERAL 02
110204,ICA,CHINCHA,CHINCHA BAJA,FUNDO SAN PEDRO
110501,ICA,PISCO,PISCO,LA ESPERANZA
110202,ICA,CHINCHA,ALTO LARAN,AYLLOQUE
110207,ICA,CHINCHA,PUEBLO NUEVO,PUEBLO NUEVO
110204,ICA,CHINCHA,CHINCHA BAJA,C.P. 24 DE JUNIO
230109,TACNA,TACNA,SAMA,LAS YARAS
200601,PIURA,SULLANA,SULLANA,AH 9 DE OCTUBRE
200601,PIURA,SULLANA,SULLANA,CIENEGUILLO NORTE
200114,PIURA,PIURA,TAMBO GRANDE,PALOMINOS
200601,PIURA,SULLANA,SULLANA,CIENEGUILLO
200601,PIURA,SULLANA,SULLANA,AH EL OBRERO
200601,PIURA,SULLANA,SULLANA,AH JESUS MARIA
200601,PIURA,SULLANA,SULLANA,SULLANA
200601,PIURA,SULLANA,SULLANA,EL OBRERO
150810,LIMA,HUAURA,SANTA MARIA,CHONTA   SANTA ANA
150810,LIMA,HUAURA,SANTA MARIA,LURIAMA
150806,LIMA,HUAURA,HUAURA,EL CARMEN
150810,LIMA,HUAURA,SANTA MARIA,CHONTA
150806,LIMA,HUAURA,HUAURA,OASIS
150806,LIMA,HUAURA,HUAURA,JOSE C.MARIATEGUI
150810,LIMA,HUAURA,SANTA MARIA,SANTA ANA
150806,LIMA,HUAURA,HUAURA,INGENIO
150806,LIMA,HUAURA,HUAURA,21 DE ENERO
150806,LIMA,HUAURA,HUAURA,PAMPA EL CURA
150806,LIMA,HUAURA,HUAURA,ACARAY
150811,LIMA,HUAURA,SAYAN,IRRIGACION SANTA ROSA
150123,LIMA,LIMA,PACHACAMAC,VILLA LIBERTAD
150123,LIMA,LIMA,PACHACAMAC,PACHACAMAC
110201,ICA,CHINCHA,CHINCHA ALTA,SAN AGUSTIN UPIS
110202,ICA,CHINCHA,ALTO LARAN,BARRIO SAN LUIS
110204,ICA,CHINCHA,CHINCHA BAJA,SAN AGUSTIN SAN PABLITO
110206,ICA,CHINCHA,GROCIO PRADO,LATERAL 08
110209,ICA,CHINCHA,SAN PEDRO DE HUACARPANA,SAN PEDRO DE HUACARPANA
150203,LIMA,BARRANCA,PATIVILCA,PAMPA SAN JOSE DE CARAQUE
150119,LIMA,LIMA,LURIN,SUMACPACHA
150119,LIMA,LIMA,LURIN,SANTA GENOVEVA
150123,LIMA,LIMA,PACHACAMAC,PAMPA GRANDE
150123,LIMA,LIMA,PACHACAMAC,CASICA
150731,LIMA,HUAROCHIRI,SANTO DOMINGO DE LOS OLLEROS,SANTO DOMINGO DE LOS OLLE
150119,LIMA,LIMA,LURIN,BUENA VISTA
150119,LIMA,LIMA,LURIN,LURIN
150119,LIMA,LIMA,LURIN,BUENA VISTA ZONA B
150123,LIMA,LIMA,PACHACAMAC,GUAYABO
070103,CALLAO,CALLAO,CARMEN DE LA LEGUA-REYNOSO,CARMEN DE LA LEGUA-REYNOSO
110301,ICA,NAZCA,NAZCA,NAZCA
110205,ICA,CHINCHA,EL CARMEN,EL CARMEN
140108,LAMBAYEQUE,CHICLAYO,MONSEFU,CALLANCA
140108,LAMBAYEQUE,CHICLAYO,MONSEFU,MONSEFU
140108,LAMBAYEQUE,CHICLAYO,MONSEFU,POMAPE
140108,LAMBAYEQUE,CHICLAYO,MONSEFU,VALLE HERMOSO
200207,PIURA,AYABACA,PAIMAS,PIEDRAS NEGRAS
200602,PIURA,SULLANA,BELLAVISTA,BELLAVISTA
200601,PIURA,SULLANA,SULLANA,CIENEGUILLO CENTRO
150812,LIMA,HUAURA,VEGUETA,TIROLER
150509,LIMA,CAÏ¿½ETE,MALA,MALA
120601,JUNIN,SATIPO,SATIPO,SATIPO
021101,ANCASH,HUARMEY,HUARMEY,LECHERAL ALTO Y BAJO (LECHERAL)
110103,ICA,ICA,LOS AQUIJES,LOS AQUIJES
110106,ICA,ICA,PARCONA,PARCONA
140105,LAMBAYEQUE,CHICLAYO,JOSE LEONARDO ORTIZ,JOSE LEONARDO ORTIZ (SANNCARLOS)
150407,LIMA,CANTA,SANTA ROSA DE QUIVES,LA CABAÑA
150805,LIMA,HUAURA,HUALMAY,HUALMAY - LA ESPERANZA
110204,ICA,CHINCHA,CHINCHA BAJA,CHINCHA BAJA
110107,ICA,ICA,PUEBLO NUEVO,PUEBLO NUEVO
110101,ICA,ICA,ICA,ICA
110403,ICA,PALPA,RIO GRANDE,RIO GRANDE
110401,ICA,PALPA,PALPA,PALPA
200105,PIURA,PIURA,CATACAOS,A.H. NUEVO CATACAOS
150204,LIMA,BARRANCA,SUPE,SUPE
150204,LIMA,BARRANCA,SUPE,LA CAMPIÑA DE SUPE (PEDREGAL)
110403,ICA,PALPA,RIO GRANDE,LA RANCHERIA
200105,PIURA,PIURA,CATACAOS,CATACAOS
021501,ANCASH,PALLASCA,CABANA,CABANA
110402,ICA,PALPA,LLIPATA,LLIPATA
090407,HUANCAVELICA,CASTROVIRREYNA,HUACHOS,HUACHOS
140307,LAMBAYEQUE,LAMBAYEQUE,MOTUPE,MOTUPE
110210,ICA,CHINCHA,SUNAMPE,SUNAMPE
090610,HUANCAVELICA,HUAYTARA,SAN ANTONIO DE CUSICANCHA,PAMPACHACRA
110507,ICA,PISCO,SAN CLEMENTE,SAN CLEMENTE
110210,ICA,CHINCHA,SUNAMPE,LA PALMA
200401,PIURA,MORROPON,CHULUCANAS,A.H. MICAELA BASTIDAS
200401,PIURA,MORROPON,CHULUCANAS,LA ENCANTADA
200401,PIURA,MORROPON,CHULUCANAS,SAUSAL
200401,PIURA,MORROPON,CHULUCANAS,KM 50
200401,PIURA,MORROPON,CHULUCANAS,NOMALA
200105,PIURA,PIURA,CATACAOS,SAN PABLO
200105,PIURA,PIURA,CATACAOS,PEDREGAL GRANDE
200104,PIURA,PIURA,CASTILLA,CASTILLA
060606,CAJAMARCA,CUTERVO,PIMPINGOS,MICHINO
060106,CAJAMARCA,CAJAMARCA,JESUS,COLLPA
200107,PIURA,PIURA,CURA MORI,ALMIRANTE MIGUEL GRAU
200107,PIURA,PIURA,CURA MORI,ZONA LITIGIO
060101,CAJAMARCA,CAJAMARCA,CAJAMARCA,CAJAMARCA
200404,PIURA,MORROPON,LA MATANZA,LA MATANZA
070101,CALLAO,CALLAO,CALLAO,CALLAO
080901,CUSCO,LA CONVENCION,SANTA ANA,QUILLABAMBA
081306,CUSCO,URUBAMBA,OLLANTAYTAMBO,JOCAS
200301,PIURA,HUANCABAMBA,HUANCABAMBA,HUANCABAMBA
160101,LORETO,MAYNAS,IQUITOS,000013
160101,LORETO,MAYNAS,IQUITOS,000012
160101,LORETO,MAYNAS,IQUITOS,000027
160101,LORETO,MAYNAS,IQUITOS,000006
170203,MADRE DE DIOS,MANU,MADRE DE DIOS,QUEBRADA HECURO
170203,MADRE DE DIOS,MANU,MADRE DE DIOS,BOCA COLORADO
170203,MADRE DE DIOS,MANU,MADRE DE DIOS,COLORADO
170203,MADRE DE DIOS,MANU,MADRE DE DIOS,BAJO PUQUIRI
170201,MADRE DE DIOS,MANU,MANU,GUACAMAYO PACAL
170203,MADRE DE DIOS,MANU,MADRE DE DIOS,SAN JUAN CHICO
170103,MADRE DE DIOS,TAMBOPATA,LAS PIEDRAS,LAS PIEDRAS
170203,MADRE DE DIOS,MANU,MADRE DE DIOS,GUACAMAYO
170203,MADRE DE DIOS,MANU,MADRE DE DIOS,PUERTO LUZ
170203,MADRE DE DIOS,MANU,MADRE DE DIOS,BOCA AMIGO
250101,UCAYALI,CORONEL PORTILLO,CALLERIA,JR. SANTA TERESA 359
100901,HUANUCO,PUERTO INCA,PUERTO INCA,CAS. SHEBONYA
250101,UCAYALI,CORONEL PORTILLO,CALLERIA,NUEVO PARAISO  LA ADUANA
250105,UCAYALI,CORONEL PORTILLO,YARINACOCHA,JR. NUEVA LUZ DE FATIMA
250101,UCAYALI,CORONEL PORTILLO,CALLERIA,JR. PACHITEA 830
250101,UCAYALI,CORONEL PORTILLO,CALLERIA,CARRET. MANANTAY
250101,UCAYALI,CORONEL PORTILLO,CALLERIA,LA HOYADA
160606,LORETO,UCAYALI,VARGAS GUERRA,ORELLANA
250101,UCAYALI,CORONEL PORTILLO,CALLERIA,JR. GONZALES PRADA 178
150101,LIMA,LIMA,LIMA,CAÏ¿½ETE
250301,UCAYALI,PADRE ABAD,PADRE ABAD,AGUAYTIA
250101,UCAYALI,CORONEL PORTILLO,CALLERIA,JR. MAYA DE BRITO 324
250102,UCAYALI,CORONEL PORTILLO,CAMPOVERDE,LOS PINOS KM. 38 C.VERDE
250101,UCAYALI,CORONEL PORTILLO,CALLERIA,JR. LOS SANTOS MZ 10   12
250101,UCAYALI,CORONEL PORTILLO,CALLERIA,JR. 23 DE FEBRERO NÏ¿½ 210
250101,UCAYALI,CORONEL PORTILLO,CALLERIA,AA.HH. COOTRIP S N
250101,UCAYALI,CORONEL PORTILLO,CALLERIA,JR. CAPAC YUPANQUI MZ.65
250302,UCAYALI,PADRE ABAD,IRAZOLA,SAN ALEJANDRO
220901,SAN MARTIN,SAN MARTIN,TARAPOTO,JR. GARCILAZO DE LA VEGA
250101,UCAYALI,CORONEL PORTILLO,CALLERIA,VIRGEN FATIMA MZ.30 L.3
250101,UCAYALI,CORONEL PORTILLO,CALLERIA,JR. BOLIVAR 325
250101,UCAYALI,CORONEL PORTILLO,CALLERIA,AV. SAN FERNANDO 578
250101,UCAYALI,CORONEL PORTILLO,CALLERIA,A.H.LA VICTORIA MZ.L L.8
250102,UCAYALI,CORONEL PORTILLO,CAMPOVERDE,CALLE 7 DE JUNIO  226
250101,UCAYALI,CORONEL PORTILLO,CALLERIA,NUEVO PARAISO
250101,UCAYALI,CORONEL PORTILLO,CALLERIA,A.H. MARTHA CHAVEZ MZ.16
250101,UCAYALI,CORONEL PORTILLO,CALLERIA,AV. ALFONSO UGARTE 798
250101,UCAYALI,CORONEL PORTILLO,CALLERIA,A.H. JOSE OLAYA M.11 L.1
250101,UCAYALI,CORONEL PORTILLO,CALLERIA,JR.VICTOR MONTALVO 581.
250101,UCAYALI,CORONEL PORTILLO,CALLERIA,AA.HH. MICAELA BASTIDAS
250101,UCAYALI,CORONEL PORTILLO,CALLERIA,MALECON GRAU S N VARGAS G
250101,UCAYALI,CORONEL PORTILLO,CALLERIA,AV. AMAZONICO 354
250101,UCAYALI,CORONEL PORTILLO,CALLERIA,JR. MOQUEGUA 191
250101,UCAYALI,CORONEL PORTILLO,CALLERIA,JR. LUIS SCAVINO 424
250101,UCAYALI,CORONEL PORTILLO,CALLERIA,ASERRADERO EL TAMBO M.MAS
250101,UCAYALI,CORONEL PORTILLO,CALLERIA,JR. ARICA 452
250101,UCAYALI,CORONEL PORTILLO,CALLERIA,CAS.HIERBA BUENA C.F.B 18
250101,UCAYALI,CORONEL PORTILLO,CALLERIA,JR. ADOLFO MOREY 325
250101,UCAYALI,CORONEL PORTILLO,CALLERIA,LUIS SCAVINO 115
250101,UCAYALI,CORONEL PORTILLO,CALLERIA,JR. MOPQUEGUA
200410,PIURA,MORROPON,YAMANGO,NUEVA ESPERANZA
200405,PIURA,MORROPON,MORROPON,CALLE RUIZ
200405,PIURA,MORROPON,MORROPON,CALLE COMERCIO
200301,PIURA,HUANCABAMBA,HUANCABAMBA,LA VILLA
200402,PIURA,MORROPON,BUENOS AIRES,BUENOS AIRES
200408,PIURA,MORROPON,SANTA CATALINA DE MOSSA,COCA
200402,PIURA,MORROPON,BUENOS AIRES,EL INGENIO
200401,PIURA,MORROPON,CHULUCANAS,CALLE COLON
150132,LIMA,LIMA,SAN JUAN DE LURIGANCHO,SAN JUAN DE LURIGANCHO
170101,MADRE DE DIOS,TAMBOPATA,TAMBOPATA,PUERTO MALDONADO
170302,MADRE DE DIOS,TAHUAMANU,IBERIA,IBERIA
170104,MADRE DE DIOS,TAMBOPATA,LABERINTO,LABERINTO
170101,MADRE DE DIOS,TAMBOPATA,TAMBOPATA,FLORIDA ALTA
170302,MADRE DE DIOS,TAHUAMANU,IBERIA,AH SAN MARTIN
170102,MADRE DE DIOS,TAMBOPATA,INAMBARI,MAZUKO
170202,MADRE DE DIOS,MANU,FITZCARRALD,BOCA MANU
170101,MADRE DE DIOS,TAMBOPATA,TAMBOPATA,PRIMAVERA ALTA
170204,MADRE DE DIOS,MANU,HUEPETUHE,SETAPO
170201,MADRE DE DIOS,MANU,MANU,SALVACION
170103,MADRE DE DIOS,TAMBOPATA,LAS PIEDRAS,EL TRIUNFO
170203,MADRE DE DIOS,MANU,MADRE DE DIOS,SAN JUAN GRANDE
170201,MADRE DE DIOS,MANU,MANU,SHINTUYA
170302,MADRE DE DIOS,TAHUAMANU,IBERIA,BARRIO ALTO PERU
080902,CUSCO,LA CONVENCION,ECHARATE,MAYAPO
100507,HUANUCO,HUAMALIES,MONZON,CACHICOTO
100601,HUANUCO,LEONCIO PRADO,RUPA-RUPA,QDA DEL AGUILA
100606,HUANUCO,LEONCIO PRADO,MARIANO DAMASO BERAUN,BUENOS AIRES
100605,HUANUCO,LEONCIO PRADO,LUYANDO,NARANJILLO
100604,HUANUCO,LEONCIO PRADO,JOSE CRESPO Y CASTILLO,AUCAYACU
100606,HUANUCO,LEONCIO PRADO,MARIANO DAMASO BERAUN,SAN JOSE
100602,HUANUCO,LEONCIO PRADO,DANIEL ALOMIA ROBLES,PUMAHUASI
100606,HUANUCO,LEONCIO PRADO,MARIANO DAMASO BERAUN,HUARAZ
160108,LORETO,MAYNAS,PUNCHANA,019005
160102,LORETO,MAYNAS,ALTO NANAY,036005
160113,LORETO,MAYNAS,SAN JUAN BAUTISTA,LAS MERCEDES
160705,LORETO,DATEM DEL MARAÏ¿½ON,PASTAZA,NUEVO ANDOAS
160705,LORETO,DATEM DEL MARAÏ¿½ON,PASTAZA,SIWIN
160705,LORETO,DATEM DEL MARAÏ¿½ON,PASTAZA,HUAGRAMANA
160801,LORETO,PUTUMAYO,PUTUMAYO,PUTUMAYO
160304,LORETO,LORETO,TROMPETEROS,TROMPETEROS
160112,LORETO,MAYNAS,BELEN,BELEN
160113,LORETO,MAYNAS,SAN JUAN BAUTISTA,SAN JUAN BAUTISTA
160201,LORETO,ALTO AMAZONAS,YURIMAGUAS,047705
160108,LORETO,MAYNAS,PUNCHANA,020005
160108,LORETO,MAYNAS,PUNCHANA,0000101
220206,SAN MARTIN,BELLAVISTA,SAN RAFAEL,NVO CHIMBOTE
160101,LORETO,MAYNAS,IQUITOS,IQUITOS
160104,LORETO,MAYNAS,INDIANA,CAS MANITI II ZONA
160108,LORETO,MAYNAS,PUNCHANA,000004
160101,LORETO,MAYNAS,IQUITOS,089005
170101,MADRE DE DIOS,TAMBOPATA,TAMBOPATA,PARIAMANU
170101,MADRE DE DIOS,TAMBOPATA,TAMBOPATA,PARIAMARCA
170102,MADRE DE DIOS,TAMBOPATA,INAMBARI,LAGO INAMBARILLO
170101,MADRE DE DIOS,TAMBOPATA,TAMBOPATA,PTO MALDONADO
250101,UCAYALI,CORONEL PORTILLO,CALLERIA,PUCALLPA
250105,UCAYALI,CORONEL PORTILLO,YARINACOCHA,PUERTO CALLAO
250101,UCAYALI,CORONEL PORTILLO,CALLERIA,SAN FERNANDO
250301,UCAYALI,PADRE ABAD,PADRE ABAD,ZUNGARO
250103,UCAYALI,CORONEL PORTILLO,IPARIA,NUEVO AHUAYPA
200405,PIURA,MORROPON,MORROPON,A.H. CAPITAN QUIÏ¿½ONES
200101,PIURA,PIURA,PIURA,A.H. BUENOS AIRES
150604,LIMA,HUARAL,AUCALLAMA,PALPA
150605,LIMA,HUARAL,CHANCAY,CHANCAY
150605,LIMA,HUARAL,CHANCAY,PERALVILLO
150605,LIMA,HUARAL,CHANCAY,PAMPA LIBRE
150605,LIMA,HUARAL,CHANCAY,CHANCAYLLO
150605,LIMA,HUARAL,CHANCAY,QUEPEPAMPA
150811,LIMA,HUAURA,SAYAN,GRANJA SANTA CONSTANZA
150811,LIMA,HUAURA,SAYAN,SAYAN
150601,LIMA,HUARAL,HUARAL,JR.ICA LT.02 S N REF.URBA
200605,PIURA,SULLANA,MARCAVELICA,MARCAVELICA
150117,LIMA,LIMA,LOS OLIVOS,LOS ROSALES
070101,CALLAO,CALLAO,CALLAO,CIUDAD SATELITE
100601,HUANUCO,LEONCIO PRADO,RUPA-RUPA,SINCHI ROCA
100601,HUANUCO,LEONCIO PRADO,RUPA-RUPA,YURIMAGUAS
100604,HUANUCO,LEONCIO PRADO,JOSE CRESPO Y CASTILLO,STA. MARTHA LA BOCA
100602,HUANUCO,LEONCIO PRADO,DANIEL ALOMIA ROBLES,LA VICTORIA
100602,HUANUCO,LEONCIO PRADO,DANIEL ALOMIA ROBLES,LAS VEGAS
100601,HUANUCO,LEONCIO PRADO,RUPA-RUPA,AGUAJE
100604,HUANUCO,LEONCIO PRADO,JOSE CRESPO Y CASTILLO,MARONILLA
100604,HUANUCO,LEONCIO PRADO,JOSE CRESPO Y CASTILLO,BARTOLOME HERRERA
100702,HUANUCO,MARAÏ¿½ON,CHOLON,STA.CRUZ FUNDO TIGRILLO
100601,HUANUCO,LEONCIO PRADO,RUPA-RUPA,TINGO MARIA
100601,HUANUCO,LEONCIO PRADO,RUPA-RUPA,MERCED DE LOCRO
100604,HUANUCO,LEONCIO PRADO,JOSE CRESPO Y CASTILLO,STA MARTHA LA BOCA
100602,HUANUCO,LEONCIO PRADO,DANIEL ALOMIA ROBLES,LAS DELICIAS
100601,HUANUCO,LEONCIO PRADO,RUPA-RUPA,SUPTE SAN JORGE
100606,HUANUCO,LEONCIO PRADO,MARIANO DAMASO BERAUN,SANTA ROSA DE QUEZADA
250301,UCAYALI,PADRE ABAD,PADRE ABAD,SHANBO
140304,LAMBAYEQUE,LAMBAYEQUE,JAYANCA,JAYANCA
200101,PIURA,PIURA,PIURA,PIURA
160113,LORETO,MAYNAS,SAN JUAN BAUTISTA,LOS DELFINES
160101,LORETO,MAYNAS,IQUITOS,000007
160101,LORETO,MAYNAS,IQUITOS,000018
160101,LORETO,MAYNAS,IQUITOS,NANAY   QUEBRADA POLIS
160108,LORETO,MAYNAS,PUNCHANA,PUNCHANA
160108,LORETO,MAYNAS,PUNCHANA,000002
160106,LORETO,MAYNAS,MAZAN,000104
160101,LORETO,MAYNAS,IQUITOS,000008
160105,LORETO,MAYNAS,LAS AMAZONAS,LAS AMAZONAS
160113,LORETO,MAYNAS,SAN JUAN BAUTISTA,SAN JUAN
160113,LORETO,MAYNAS,SAN JUAN BAUTISTA,000025
160511,LORETO,REQUENA,YAQUERANA,004008
160108,LORETO,MAYNAS,PUNCHANA,000001
160101,LORETO,MAYNAS,IQUITOS,MANACAMIRI
160113,LORETO,MAYNAS,SAN JUAN BAUTISTA,000030
160113,LORETO,MAYNAS,SAN JUAN BAUTISTA,9 DE ABRIL
160107,LORETO,MAYNAS,NAPO,408
160501,LORETO,REQUENA,REQUENA,REQUENA
160113,LORETO,MAYNAS,SAN JUAN BAUTISTA,DELFINES
160113,LORETO,MAYNAS,SAN JUAN BAUTISTA,CRUZ DEL SUR
160101,LORETO,MAYNAS,IQUITOS,SAN ANTONIO
160101,LORETO,MAYNAS,IQUITOS,000009
160108,LORETO,MAYNAS,PUNCHANA,00004
160303,LORETO,LORETO,TIGRE,000104
160108,LORETO,MAYNAS,PUNCHANA,049105
160101,LORETO,MAYNAS,IQUITOS,VILLA DISNARDA
160511,LORETO,REQUENA,YAQUERANA,000104
160113,LORETO,MAYNAS,SAN JUAN BAUTISTA,MERCEDES
160101,LORETO,MAYNAS,IQUITOS,MICAELA BASTIDAS
160108,LORETO,MAYNAS,PUNCHANA,NUEVO VERSALLES
160101,LORETO,MAYNAS,IQUITOS,1 DE ENERO
160101,LORETO,MAYNAS,IQUITOS,000015
160101,LORETO,MAYNAS,IQUITOS,000014
160113,LORETO,MAYNAS,SAN JUAN BAUTISTA,001005
160113,LORETO,MAYNAS,SAN JUAN BAUTISTA,TERMINAL
160101,LORETO,MAYNAS,IQUITOS,FERNANDO LORES
160112,LORETO,MAYNAS,BELEN,SAN FRANCISCO
160504,LORETO,REQUENA,EMILIO SAN MARTIN,022005
160113,LORETO,MAYNAS,SAN JUAN BAUTISTA,PTO. ALMENDRA
160112,LORETO,MAYNAS,BELEN,PUEBLO LIBRE
160301,LORETO,LORETO,NAUTA,NAUTA
160101,LORETO,MAYNAS,IQUITOS,PRADERA
160108,LORETO,MAYNAS,PUNCHANA,IQUITOS
160113,LORETO,MAYNAS,SAN JUAN BAUTISTA,QUISTOCOCHA
160101,LORETO,MAYNAS,IQUITOS,000010
160113,LORETO,MAYNAS,SAN JUAN BAUTISTA,ZUNGAROCOCHA
160101,LORETO,MAYNAS,IQUITOS,1 DE FEBRERO
160113,LORETO,MAYNAS,SAN JUAN BAUTISTA,CARRETERA IQUITOS NAUTA
160801,LORETO,PUTUMAYO,PUTUMAYO,SOPLIN VARGAS
160601,LORETO,UCAYALI,CONTAMANA,CONTAMANA
160112,LORETO,MAYNAS,BELEN,BAGAZAN
160113,LORETO,MAYNAS,SAN JUAN BAUTISTA,HUAMBRE
160108,LORETO,MAYNAS,PUNCHANA,CASERIO POLIS
160113,LORETO,MAYNAS,SAN JUAN BAUTISTA,SANTO TOMAS
160107,LORETO,MAYNAS,NAPO,SANTA CLOTILDE
160107,LORETO,MAYNAS,NAPO,SAN LUIS DE TACSHA
160108,LORETO,MAYNAS,PUNCHANA,SIMON BOLIVAR
160506,LORETO,REQUENA,PUINAHUA,PACAYA SAMIRIA
160101,LORETO,MAYNAS,IQUITOS,MARISCAL CACERES
160101,LORETO,MAYNAS,IQUITOS,NORTENITA
160113,LORETO,MAYNAS,SAN JUAN BAUTISTA,ANITA CABRERA
160101,LORETO,MAYNAS,IQUITOS,000005
160108,LORETO,MAYNAS,PUNCHANA,NVO. VERSALLES
160113,LORETO,MAYNAS,SAN JUAN BAUTISTA,V.DISNARDA
160505,LORETO,REQUENA,MAQUIA,CASERIO MARUPA
160701,LORETO,DATEM DEL MARAÏ¿½ON,BARRANCA,SAN LORENZO
160402,LORETO,MARISCAL RAMON CASTILLA,PEBAS,000104
160101,LORETO,MAYNAS,IQUITOS,KM12 CARRT IQUITOS NAUTA
160801,LORETO,PUTUMAYO,PUTUMAYO,SAN PEDRO
160108,LORETO,MAYNAS,PUNCHANA,0000003
220503,SAN MARTIN,LAMAS,BARRANQUITA,BARRANQUITA
160509,LORETO,REQUENA,TAPICHE,000104
160101,LORETO,MAYNAS,IQUITOS,0000003
160403,LORETO,MARISCAL RAMON CASTILLA,YAVARI,YAVARI
160113,LORETO,MAYNAS,SAN JUAN BAUTISTA,AEROPUERTO
160201,LORETO,ALTO AMAZONAS,YURIMAGUAS,000101
160101,LORETO,MAYNAS,IQUITOS,00005
160201,LORETO,ALTO AMAZONAS,YURIMAGUAS,047005
160211,LORETO,ALTO AMAZONAS,TENIENTE CESAR LOPEZ ROJAS,104005
160108,LORETO,MAYNAS,PUNCHANA,SAN JUAN DE POLIS
160101,LORETO,MAYNAS,IQUITOS,PROSPERO 1010
160202,LORETO,ALTO AMAZONAS,BALSAPUERTO,050008
160101,LORETO,MAYNAS,IQUITOS,PROGRESO 633
160201,LORETO,ALTO AMAZONAS,YURIMAGUAS,056105
160112,LORETO,MAYNAS,BELEN,SARITA COLONIA
160302,LORETO,LORETO,PARINARI,PACAYA SAMIRIA
160113,LORETO,MAYNAS,SAN JUAN BAUTISTA,BELLO HORIZONTE
160106,LORETO,MAYNAS,MAZAN,MAZAN
160113,LORETO,MAYNAS,SAN JUAN BAUTISTA,SHUSHUNA
160113,LORETO,MAYNAS,SAN JUAN BAUTISTA,QUEBRADA SHUSHUNA
160113,LORETO,MAYNAS,SAN JUAN BAUTISTA,VIRGEN DE LOURDES
160113,LORETO,MAYNAS,SAN JUAN BAUTISTA,V.D.
160101,LORETO,MAYNAS,IQUITOS,MORONACOCHA
160201,LORETO,ALTO AMAZONAS,YURIMAGUAS,KM21
160107,LORETO,MAYNAS,NAPO,DIAMANTE AZUL
160401,LORETO,MARISCAL RAMON CASTILLA,RAMON CASTILLA,CABALLO COCHA
160303,LORETO,LORETO,TIGRE,INTUTO
160112,LORETO,MAYNAS,BELEN,000012
160112,LORETO,MAYNAS,BELEN,SAMAREN 350
160112,LORETO,MAYNAS,BELEN,CARDOZO
160113,LORETO,MAYNAS,SAN JUAN BAUTISTA,RUMOCOCHA
160113,LORETO,MAYNAS,SAN JUAN BAUTISTA,EL TRIUNFO
160705,LORETO,DATEM DEL MARAÏ¿½ON,PASTAZA,WIJIN
170102,MADRE DE DIOS,TAMBOPATA,INAMBARI,ROSITAS
250103,UCAYALI,CORONEL PORTILLO,IPARIA,SANTA VELITA DE TABACOA
250302,UCAYALI,PADRE ABAD,IRAZOLA,NESHUYA
250101,UCAYALI,CORONEL PORTILLO,CALLERIA,MANANTAY
250105,UCAYALI,CORONEL PORTILLO,YARINACOCHA,FONAVI
250101,UCAYALI,CORONEL PORTILLO,CALLERIA,C.F.B. KM. 13
250105,UCAYALI,CORONEL PORTILLO,YARINACOCHA,HUSARES DEL PERU
250101,UCAYALI,CORONEL PORTILLO,CALLERIA,SANTA GRACIELA MZ.G LT5
250101,UCAYALI,CORONEL PORTILLO,CALLERIA,AA.HH. 07 DE JUNIO
250303,UCAYALI,PADRE ABAD,CURIMANA,CURIMANA
250105,UCAYALI,CORONEL PORTILLO,YARINACOCHA,AA.HH. LAS ALAMEDAS
250101,UCAYALI,CORONEL PORTILLO,CALLERIA,A.H. PRIMAVER II ETAPA
250105,UCAYALI,CORONEL PORTILLO,YARINACOCHA,CAS. SAN JOSE
250202,UCAYALI,ATALAYA,SEPAHUA,NUEVA UNION
250101,UCAYALI,CORONEL PORTILLO,CALLERIA,JOSE OLAYA
200401,PIURA,MORROPON,CHULUCANAS,LAS PAMPAS
200110,PIURA,PIURA,LA UNION,LA UNION
150118,LIMA,LIMA,LURIGANCHO,CARAPONGO
150507,LIMA,CAÏ¿½ETE,IMPERIAL,IMPERIAL
150501,LIMA,CAÏ¿½ETE,SAN VICENTE DE CAÏ¿½ETE,HERBAY ALTO
150510,LIMA,CAÏ¿½ETE,NUEVO IMPERIAL,BELLAVISTA
150501,LIMA,CAÏ¿½ETE,SAN VICENTE DE CAÏ¿½ETE,URB. MIRAFLORES
150501,LIMA,CAÏ¿½ETE,SAN VICENTE DE CAÏ¿½ETE,PUQUIOCASTILLA
150501,LIMA,CAÏ¿½ETE,SAN VICENTE DE CAÏ¿½ETE,STA. ROSA ALTA
150514,LIMA,CAÏ¿½ETE,SAN LUIS,LA QUEBRADA
150501,LIMA,CAÏ¿½ETE,SAN VICENTE DE CAÏ¿½ETE,ACEQUIA CRISTALINO UNANUE
150501,LIMA,CAÏ¿½ETE,SAN VICENTE DE CAÏ¿½ETE,PUQUO SAN TUSTIO
150501,LIMA,CAÏ¿½ETE,SAN VICENTE DE CAÏ¿½ETE,LOS CLADIOLOS
150501,LIMA,CAÏ¿½ETE,SAN VICENTE DE CAÏ¿½ETE,PUQUO CASTILLO TRANQ
150501,LIMA,CAÏ¿½ETE,SAN VICENTE DE CAÏ¿½ETE,MIRAFLORES
150501,LIMA,CAÏ¿½ETE,SAN VICENTE DE CAÏ¿½ETE,URB MIRAFLORES
150501,LIMA,CAÏ¿½ETE,SAN VICENTE DE CAÏ¿½ETE,VIALES BAJO
100606,HUANUCO,LEONCIO PRADO,MARIANO DAMASO BERAUN,CUEVA DE LAS PAVAS
100601,HUANUCO,LEONCIO PRADO,RUPA-RUPA,AFILADOR
250102,UCAYALI,CORONEL PORTILLO,CAMPOVERDE,NESHUYA
250301,UCAYALI,PADRE ABAD,PADRE ABAD,PREVISTO
100602,HUANUCO,LEONCIO PRADO,DANIEL ALOMIA ROBLES,FLORES DE BELEN
100601,HUANUCO,LEONCIO PRADO,RUPA-RUPA,CASTILLO GRANDE
221002,SAN MARTIN,TOCACHE,NUEVO PROGRESO,PROGRESO
221001,SAN MARTIN,TOCACHE,TOCACHE,NUEVO PROGRESO
100605,HUANUCO,LEONCIO PRADO,LUYANDO,SANTA ROSA DE SHAPAJILLA
100103,HUANUCO,HUANUCO,CHINCHAO,CHINCHAO
100507,HUANUCO,HUAMALIES,MONZON,MONZON
100606,HUANUCO,LEONCIO PRADO,MARIANO DAMASO BERAUN,PALMAS
100604,HUANUCO,LEONCIO PRADO,JOSE CRESPO Y CASTILLO,VENENILLO
130702,LA LIBERTAD,PACASMAYO,GUADALUPE,CAFETAL 2
140101,LAMBAYEQUE,CHICLAYO,CHICLAYO,CAMPODONICO
140301,LAMBAYEQUE,LAMBAYEQUE,LAMBAYEQUE,SANTA ROSA
010301,AMAZONAS,BONGARA,JUMBILLA,JUMBILLA
060801,CAJAMARCA,JAEN,JAEN,JAEN
160113,LORETO,MAYNAS,SAN JUAN BAUTISTA,VARILLAL
160112,LORETO,MAYNAS,BELEN,PUERTO ALEGRIA II ZONA
160104,LORETO,MAYNAS,INDIANA,016005
160113,LORETO,MAYNAS,SAN JUAN BAUTISTA,SANTA CLARA
160113,LORETO,MAYNAS,SAN JUAN BAUTISTA,106004
160113,LORETO,MAYNAS,SAN JUAN BAUTISTA,LAS COLINAS
160112,LORETO,MAYNAS,BELEN,PENJAMO
160113,LORETO,MAYNAS,SAN JUAN BAUTISTA,LAS FLORES
160509,LORETO,REQUENA,TAPICHE,SAN VICENTE
160108,LORETO,MAYNAS,PUNCHANA,SANTA MARIA DEL OJEAL
160101,LORETO,MAYNAS,IQUITOS,PAMPACHICA
160113,LORETO,MAYNAS,SAN JUAN BAUTISTA,PENA NEGRA
160112,LORETO,MAYNAS,BELEN,NUEVO CAMPEON
160101,LORETO,MAYNAS,IQUITOS,TUPAC AMARU
160303,LORETO,LORETO,TIGRE,014005
160107,LORETO,MAYNAS,NAPO,000104
160108,LORETO,MAYNAS,PUNCHANA,001202
160103,LORETO,MAYNAS,FERNANDO LORES,PORVENIR
160113,LORETO,MAYNAS,SAN JUAN BAUTISTA,NUEVO HORIZONTE
160101,LORETO,MAYNAS,IQUITOS,000011
160113,LORETO,MAYNAS,SAN JUAN BAUTISTA,005202
160105,LORETO,MAYNAS,LAS AMAZONAS,000104
160302,LORETO,LORETO,PARINARI,011005
160101,LORETO,MAYNAS,IQUITOS,000101
160201,LORETO,ALTO AMAZONAS,YURIMAGUAS,YURIMAGUAS
160301,LORETO,LORETO,NAUTA,014005
160113,LORETO,MAYNAS,SAN JUAN BAUTISTA,EX PETROLEROS
160302,LORETO,LORETO,PARINARI,013205
160511,LORETO,REQUENA,YAQUERANA,ANASHI
160112,LORETO,MAYNAS,BELEN,BEZUDIO
160113,LORETO,MAYNAS,SAN JUAN BAUTISTA,MORALILLO
160801,LORETO,PUTUMAYO,PUTUMAYO,PUERTO MILAGRO
160113,LORETO,MAYNAS,SAN JUAN BAUTISTA,SAN PABLO LUZ
160113,LORETO,MAYNAS,SAN JUAN BAUTISTA,JOAQUIN ABENSUR
160113,LORETO,MAYNAS,SAN JUAN BAUTISTA,AA.HH. AEROPUERTO
160103,LORETO,MAYNAS,FERNANDO LORES,TAMSHIYACU
160108,LORETO,MAYNAS,PUNCHANA,CALLE MAYNAS 200
160112,LORETO,MAYNAS,BELEN,ISLA IQUITOS
160112,LORETO,MAYNAS,BELEN,ANITA CABRERA
160113,LORETO,MAYNAS,SAN JUAN BAUTISTA,LAS CAMELIAS
160112,LORETO,MAYNAS,BELEN,SANTA BARBARA
160201,LORETO,ALTO AMAZONAS,YURIMAGUAS,041005
160108,LORETO,MAYNAS,PUNCHANA,001602
160101,LORETO,MAYNAS,IQUITOS,LA PRADERA
160112,LORETO,MAYNAS,BELEN,LUPUNA
160301,LORETO,LORETO,NAUTA,28 DE JULIO
160108,LORETO,MAYNAS,PUNCHANA,000006
160113,LORETO,MAYNAS,SAN JUAN BAUTISTA,13 DE FEBRERO
160103,LORETO,MAYNAS,FERNANDO LORES,000104
160503,LORETO,REQUENA,CAPELO,FLOR DE PUNGA
160113,LORETO,MAYNAS,SAN JUAN BAUTISTA,UNION
160113,LORETO,MAYNAS,SAN JUAN BAUTISTA,VILLA DISNARDA
160108,LORETO,MAYNAS,PUNCHANA,AA.HH. ARQUIMEDES SANTILL
160113,LORETO,MAYNAS,SAN JUAN BAUTISTA,SALAVERRY
160113,LORETO,MAYNAS,SAN JUAN BAUTISTA,NVO. QUISTOCOCHA
160112,LORETO,MAYNAS,BELEN,SAN ANDRES
250101,UCAYALI,CORONEL PORTILLO,CALLERIA,30 DE AGOSTO
170303,MADRE DE DIOS,TAHUAMANU,TAHUAMANU,ZAPALLAL
170303,MADRE DE DIOS,TAHUAMANU,TAHUAMANU,ALERTA
170104,MADRE DE DIOS,TAMBOPATA,LABERINTO,SANTA ROSA
100902,HUANUCO,PUERTO INCA,CODO DEL POZUZO,ESMERALDA
190305,PASCO,OXAPAMPA,POZUZO,POZUZO
250204,UCAYALI,ATALAYA,YURUA,BREU
250105,UCAYALI,CORONEL PORTILLO,YARINACOCHA,A.H. LAS COLINAS
250105,UCAYALI,CORONEL PORTILLO,YARINACOCHA,LAS ALAMEDAS
250101,UCAYALI,CORONEL PORTILLO,CALLERIA,C.F.B. KM. 7200
250102,UCAYALI,CORONEL PORTILLO,CAMPOVERDE,LAS PALMAS
250101,UCAYALI,CORONEL PORTILLO,CALLERIA,AA.HH. PEDRO PORTILLO
250102,UCAYALI,CORONEL PORTILLO,CAMPOVERDE,TUPAC AMARU
250101,UCAYALI,CORONEL PORTILLO,CALLERIA,AA.HH. TUPAC AMARU
250203,UCAYALI,ATALAYA,TAHUANIA,SEMPAYA
250302,UCAYALI,PADRE ABAD,IRAZOLA,VON HUMBOLT
250102,UCAYALI,CORONEL PORTILLO,CAMPOVERDE,LAS PALMERAS
250106,UCAYALI,CORONEL PORTILLO,NUEVA REQUENA,NUEVO PARAISO
250101,UCAYALI,CORONEL PORTILLO,CALLERIA,VILLA PRIMAVERA KM.10
160603,LORETO,UCAYALI,PADRE MARQUEZ,TIRUNTAN
250201,UCAYALI,ATALAYA,RAIMONDI,RAMON CASTILLA
250201,UCAYALI,ATALAYA,RAIMONDI,ATALAYA
200105,PIURA,PIURA,CATACAOS,NUEVO CATACAOS
200105,PIURA,PIURA,CATACAOS,JR. PIURA
200301,PIURA,HUANCABAMBA,HUANCABAMBA,Ï¿½ANGALI
200101,PIURA,PIURA,PIURA,URB. LOS FICUS
120303,JUNIN,CHANCHAMAYO,PICHANAQUI,PICHANAQUI
050503,AYACUCHO,LA MAR,AYNA,ROSARIO
050503,AYACUCHO,LA MAR,AYNA,SAN FRANCISCO
050104,AYACUCHO,HUAMANGA,CARMEN ALTO,PALLCCA
050105,AYACUCHO,HUAMANGA,CHIARA,PUCACCASA
050502,AYACUCHO,LA MAR,ANCO,ANCHIHUAY SIERRA (ANCHIGU
050501,AYACUCHO,LA MAR,SAN MIGUEL,PALMAPAMPA
050401,AYACUCHO,HUANTA,HUANTA,HUANTA
050101,AYACUCHO,HUAMANGA,AYACUCHO,AYACUCHO
050101,AYACUCHO,HUAMANGA,AYACUCHO,SANTA ELENA
050503,AYACUCHO,LA MAR,AYNA,AURORA
050501,AYACUCHO,LA MAR,SAN MIGUEL,PICHIWILCA
080907,CUSCO,LA CONVENCION,KIMBIRI,KIMBIRI
050503,AYACUCHO,LA MAR,AYNA,MACHENTE
050110,AYACUCHO,HUAMANGA,SAN JUAN BAUTISTA,SAN JUAN BAUTISTA
050106,AYACUCHO,HUAMANGA,OCROS,VACAHUASI
150136,LIMA,LIMA,SAN MIGUEL,SAN MIGUEL
150801,LIMA,HUAURA,HUACHO,HUACHO
170102,MADRE DE DIOS,TAMBOPATA,INAMBARI,MAZUCO
050503,AYACUCHO,LA MAR,AYNA,VILLA VISTA
080907,CUSCO,LA CONVENCION,KIMBIRI,PUEBLO LIBRE BAJA
080910,CUSCO,LA CONVENCION,PICHARI,NATIVIDAD
080907,CUSCO,LA CONVENCION,KIMBIRI,SAMPANTUARI ANARO
080907,CUSCO,LA CONVENCION,KIMBIRI,MAQUETE ALTA
080907,CUSCO,LA CONVENCION,KIMBIRI,PROGRESO
080907,CUSCO,LA CONVENCION,KIMBIRI,LIMATAMBO
080910,CUSCO,LA CONVENCION,PICHARI,PICHARI
080907,CUSCO,LA CONVENCION,KIMBIRI,LA LIBERTAD
080907,CUSCO,LA CONVENCION,KIMBIRI,HELARES
080907,CUSCO,LA CONVENCION,KIMBIRI,MAQUETE SERANTA
080907,CUSCO,LA CONVENCION,KIMBIRI,CALIFORNIA
080907,CUSCO,LA CONVENCION,KIMBIRI,MAPITUNARI
081103,CUSCO,PAUCARTAMBO,CHALLABAMBA,CHALLABAMBA
030101,APURIMAC,ABANCAY,ABANCAY,ABANCAY
080105,CUSCO,CUSCO,SAN SEBASTIAN,SAN SEBASTIAN
080910,CUSCO,LA CONVENCION,PICHARI,MANTARO
120606,JUNIN,SATIPO,PANGOA,PAQUICHARI
080907,CUSCO,LA CONVENCION,KIMBIRI,MANITEA ALTA
080907,CUSCO,LA CONVENCION,KIMBIRI,LOS ANGELES
080907,CUSCO,LA CONVENCION,KIMBIRI,SAN JUAN DE CEVICHARI
100602,HUANUCO,LEONCIO PRADO,DANIEL ALOMIA ROBLES,PUENTE PENDENCIA
100603,HUANUCO,LEONCIO PRADO,HERMILIO VALDIZAN,SAN ISIDRO
100606,HUANUCO,LEONCIO PRADO,MARIANO DAMASO BERAUN,CORAZON DE JESUS
250302,UCAYALI,PADRE ABAD,IRAZOLA,CORAZON DE JESUS
221001,SAN MARTIN,TOCACHE,TOCACHE,TOCACHE NUEVO
100602,HUANUCO,LEONCIO PRADO,DANIEL ALOMIA ROBLES,ALTO HUAYHUANTE
100802,HUANUCO,PACHITEA,CHAGLLA,PUCA PLAYA (HUANCHAY)
100601,HUANUCO,LEONCIO PRADO,RUPA-RUPA,BRISAS DEL HUALLAGA
130105,LA LIBERTAD,TRUJILLO,LA ESPERANZA,LA ESPERANZA
140312,LAMBAYEQUE,LAMBAYEQUE,TUCUME,LOS BANCES
061102,CAJAMARCA,SAN MIGUEL,BOLIVAR,MARAILOMA
140308,LAMBAYEQUE,LAMBAYEQUE,OLMOS,OLMOS
140206,LAMBAYEQUE,FERREÏ¿½AFE,PUEBLO NUEVO,PUEBLO NUEVO
200304,PIURA,HUANCABAMBA,HUARMACA,ROCOTO
140203,LAMBAYEQUE,FERREÏ¿½AFE,INCAHUASI,INCAHUASI
240105,TUMBES,TUMBES,SAN JACINTO,RICA PLAYA
220901,SAN MARTIN,SAN MARTIN,TARAPOTO,TARAPOTO
160201,LORETO,ALTO AMAZONAS,YURIMAGUAS,SANANGO
160202,LORETO,ALTO AMAZONAS,BALSAPUERTO,SAN GABRIEL DE VARADERO
160113,LORETO,MAYNAS,SAN JUAN BAUTISTA,EL DORADO
160112,LORETO,MAYNAS,BELEN,SANTA MARIA DE FATIMA
160201,LORETO,ALTO AMAZONAS,YURIMAGUAS,PUERTO PERU
160211,LORETO,ALTO AMAZONAS,TENIENTE CESAR LOPEZ ROJAS,LIBERTAD DE CUIPARILLO
160201,LORETO,ALTO AMAZONAS,YURIMAGUAS,PAMPA HERMOSA
160201,LORETO,ALTO AMAZONAS,YURIMAGUAS,GRAU
160201,LORETO,ALTO AMAZONAS,YURIMAGUAS,SAN RAMON
160211,LORETO,ALTO AMAZONAS,TENIENTE CESAR LOPEZ ROJAS,MERCEDES
160201,LORETO,ALTO AMAZONAS,YURIMAGUAS,TUPAC AMARU
160112,LORETO,MAYNAS,BELEN,9 DE OCTUBRE
160201,LORETO,ALTO AMAZONAS,YURIMAGUAS,ROCA FUERTE
160201,LORETO,ALTO AMAZONAS,YURIMAGUAS,COTO YACU
160112,LORETO,MAYNAS,BELEN,JUAN VELASCO ALVARADO
160113,LORETO,MAYNAS,SAN JUAN BAUTISTA,AA.HH.SAN PABLO DE LA L
160113,LORETO,MAYNAS,SAN JUAN BAUTISTA,PAMPACHICA
160108,LORETO,MAYNAS,PUNCHANA,MOMONCILLO
160511,LORETO,REQUENA,YAQUERANA,BUEN PERU
160101,LORETO,MAYNAS,IQUITOS,LOBOYACU
160112,LORETO,MAYNAS,BELEN,PROGRESO
160105,LORETO,MAYNAS,LAS AMAZONAS,CENTRO POBLADO MENOR DE Y
160113,LORETO,MAYNAS,SAN JUAN BAUTISTA,DOCE DE ABRIL
160113,LORETO,MAYNAS,SAN JUAN BAUTISTA,LA VILLA DEL BUEN PASTOR
160105,LORETO,MAYNAS,LAS AMAZONAS,ORAN
160511,LORETO,REQUENA,YAQUERANA,YAQUERANA
160104,LORETO,MAYNAS,INDIANA,INDIANA
160201,LORETO,ALTO AMAZONAS,YURIMAGUAS,CHIRAPA
160303,LORETO,LORETO,TIGRE,TIGRE
160504,LORETO,REQUENA,EMILIO SAN MARTIN,EMILIO SAN MARTIN
160206,LORETO,ALTO AMAZONAS,LAGUNAS,LAGUNAS
220503,SAN MARTIN,LAMAS,BARRANQUITA,SANTIAGO DE BORJA
160201,LORETO,ALTO AMAZONAS,YURIMAGUAS,NUEVA ALIANZA
170101,MADRE DE DIOS,TAMBOPATA,TAMBOPATA,PALMA REAL
170203,MADRE DE DIOS,MANU,MADRE DE DIOS,PACAL GUACAMAYO
170303,MADRE DE DIOS,TAHUAMANU,TAHUAMANU,SANTA MARIA
170101,MADRE DE DIOS,TAMBOPATA,TAMBOPATA,TRES ISLAS
170103,MADRE DE DIOS,TAMBOPATA,LAS PIEDRAS,BAJO PIEDRAS
170104,MADRE DE DIOS,TAMBOPATA,LABERINTO,FORTUNA
170103,MADRE DE DIOS,TAMBOPATA,LAS PIEDRAS,ALEGRIA
170104,MADRE DE DIOS,TAMBOPATA,LABERINTO,PUERTO ROSARIO DE LABERIN
170204,MADRE DE DIOS,MANU,HUEPETUHE,HUEPETUHE
170101,MADRE DE DIOS,TAMBOPATA,TAMBOPATA,INFIERNO
170103,MADRE DE DIOS,TAMBOPATA,LAS PIEDRAS,PIÏ¿½AL
170103,MADRE DE DIOS,TAMBOPATA,LAS PIEDRAS,TRIUNFO
190305,PASCO,OXAPAMPA,POZUZO,PRUSIA
190307,PASCO,OXAPAMPA,VILLA RICA,CEDRO PAMPA
120302,JUNIN,CHANCHAMAYO,PERENE,ALTO YURINAKI YANESHA (AL
211209,PUNO,SANDIA,ALTO INAMBARI,ALTO INAMBARI
211207,PUNO,SANDIA,SAN JUAN DEL ORO,MISKIMAYO
211207,PUNO,SANDIA,SAN JUAN DEL ORO,PUTINA PUNCO PAMPAS DE MO
211207,PUNO,SANDIA,SAN JUAN DEL ORO,PUTINA PUNCO
211209,PUNO,SANDIA,ALTO INAMBARI,PAMPA YANAMAYO
211209,PUNO,SANDIA,ALTO INAMBARI,SECTOR CUCHINI
250102,UCAYALI,CORONEL PORTILLO,CAMPOVERDE,CAMPO VERDE
250101,UCAYALI,CORONEL PORTILLO,CALLERIA,CALLERIA
220901,SAN MARTIN,SAN MARTIN,TARAPOTO,2 UNIDOS
250104,UCAYALI,CORONEL PORTILLO,MASISEA,MASISEA
250301,UCAYALI,PADRE ABAD,PADRE ABAD,PADRE ABAD
200114,PIURA,PIURA,TAMBO GRANDE,TAMBO GRANDE
200204,PIURA,AYABACA,LAGUNAS,LAGUNAS
150601,LIMA,HUARAL,HUARAL,CUYO
150803,LIMA,HUAURA,CALETA DE CARQUIN,CARQUIN CIUDAD
010701,AMAZONAS,UTCUBAMBA,BAGUA GRANDE,BAGUA GRANDE
150501,LIMA,CAÏ¿½ETE,SAN VICENTE DE CAÏ¿½ETE,SAN VICENTE DE CAÏ¿½ETE
150811,LIMA,HUAURA,SAYAN,LA VILLA   LA ENSENADA
120114,JUNIN,HUANCAYO,EL TAMBO,EL TAMBO
160102,LORETO,MAYNAS,ALTO NANAY,SAMITO
150605,LIMA,HUARAL,CHANCAY,BUENA VISTA
150201,LIMA,BARRANCA,BARRANCA,LAURIAMA
150606,LIMA,HUARAL,IHUARI,ACOTAMA    HUAYCHO
150501,LIMA,CAÏ¿½ETE,SAN VICENTE DE CAÏ¿½ETE,CLARITA
150806,LIMA,HUAURA,HUAURA,HUAURA   DESAGRAVIO
150514,LIMA,CAÏ¿½ETE,SAN LUIS,SAN LUIS
150807,LIMA,HUAURA,LEONCIO PRADO,HUANANGUI
150601,LIMA,HUARAL,HUARAL,ESPERANZA BAJA
150811,LIMA,HUAURA,SAYAN,SAYAN   ANDAHUASI
150504,LIMA,CAÏ¿½ETE,CERRO AZUL,CERRO AZUL
150601,LIMA,HUARAL,HUARAL,HUARAL
150501,LIMA,CAÏ¿½ETE,SAN VICENTE DE CAÏ¿½ETE,AGUA DULCE
150137,LIMA,LIMA,SANTA ANITA,SANTA ANITA
021901,ANCASH,SIHUAS,SIHUAS,SIHUAS
150103,LIMA,LIMA,ATE,ATE
220805,SAN MARTIN,RIOJA,PARDO MIGUEL,PARDO MIGUEL
021201,ANCASH,HUAYLAS,CARAZ,CARAZ
100604,HUANUCO,LEONCIO PRADO,JOSE CRESPO Y CASTILLO,JOSE CRESPO Y CASTILLO
220303,SAN MARTIN,EL DORADO,SAN MARTIN,SAN MARTIN
150601,LIMA,HUARAL,HUARAL,GRANADOS
030602,APURIMAC,CHINCHEROS,ANCO HUALLO,BUENAVISTA
021001,ANCASH,HUARI,HUARI,HUARI
100802,HUANUCO,PACHITEA,CHAGLLA,HUACACHI
120301,JUNIN,CHANCHAMAYO,CHANCHAMAYO,CHANCHAMAYO
150128,LIMA,LIMA,RIMAC,RIMAC
150135,LIMA,LIMA,SAN MARTIN DE PORRES,SAN MARTIN DE PORRES
150110,LIMA,LIMA,COMAS,COMAS
120301,JUNIN,CHANCHAMAYO,CHANCHAMAYO,SAN JERONIMO
120606,JUNIN,SATIPO,PANGOA,SAN JUAN DE MANTARO
050501,AYACUCHO,LA MAR,SAN MIGUEL,SAN MIGUEL
050102,AYACUCHO,HUAMANGA,ACOCRO,ACOCRO
050408,AYACUCHO,HUANTA,LLOCHEGUA,SOL NACIENTE
050408,AYACUCHO,HUANTA,LLOCHEGUA,LLOCHEGUA
050408,AYACUCHO,HUANTA,LLOCHEGUA,CORAZON PATA
050502,AYACUCHO,LA MAR,ANCO,SAN MARTIN
050408,AYACUCHO,HUANTA,LLOCHEGUA,UNION
050408,AYACUCHO,HUANTA,LLOCHEGUA,CANAYRE
051104,AYACUCHO,VILCAS HUAMAN,CONCEPCION,AIRABAMBA
120608,JUNIN,SATIPO,RIO TAMBO,RIO TAMBO (PUERTO OCOPA)
050503,AYACUCHO,LA MAR,AYNA,VILLA VILLAVISTA
050503,AYACUCHO,LA MAR,AYNA,AYNA
080907,CUSCO,LA CONVENCION,KIMBIRI,SIRENACHAYOCC
050104,AYACUCHO,HUAMANGA,CARMEN ALTO,CARMEN ALTO
150609,LIMA,HUARAL,SAN MIGUEL DE ACOS,SAN MIGUEL DE ACOS
080901,CUSCO,LA CONVENCION,SANTA ANA,BARRIAL ALTA
080902,CUSCO,LA CONVENCION,ECHARATE,YOMENTONI MARGEN IZQUIERDA
080706,CUSCO,CHUMBIVILCAS,LLUSCO,LLUSCO
080907,CUSCO,LA CONVENCION,KIMBIRI,MAQUETE-SERANTA
100605,HUANUCO,LEONCIO PRADO,LUYANDO,MAPRESA
100602,HUANUCO,LEONCIO PRADO,DANIEL ALOMIA ROBLES,PORVENIR DE MARONA
100507,HUANUCO,HUAMALIES,MONZON,AGUA BLANCA
100601,HUANUCO,LEONCIO PRADO,RUPA-RUPA,CAPITAN JOSE SOTO MEJIA
100606,HUANUCO,LEONCIO PRADO,MARIANO DAMASO BERAUN,HONOLULU
100601,HUANUCO,LEONCIO PRADO,RUPA-RUPA,VENADO PAMPA
100606,HUANUCO,LEONCIO PRADO,MARIANO DAMASO BERAUN,CHALPON
100606,HUANUCO,LEONCIO PRADO,MARIANO DAMASO BERAUN,MONTERREY
100606,HUANUCO,LEONCIO PRADO,MARIANO DAMASO BERAUN,TAHUANTINSUYO
100606,HUANUCO,LEONCIO PRADO,MARIANO DAMASO BERAUN,LAS PALMAS
100601,HUANUCO,LEONCIO PRADO,RUPA-RUPA,HUAYNA CAPAC
100601,HUANUCO,LEONCIO PRADO,RUPA-RUPA,SANTA ROSA DE CASTILLO
100903,HUANUCO,PUERTO INCA,HONORIA,HONORIA
130801,LA LIBERTAD,PATAZ,TAYABAMBA,UCRUMARCA
130501,LA LIBERTAD,JULCAN,JULCAN,CARRAPALDAY ALTO
140118,LAMBAYEQUE,CHICLAYO,POMALCA,POMALCA
160304,LORETO,LORETO,TROMPETEROS,NUEVA JERUSALEN
160103,LORETO,MAYNAS,FERNANDO LORES,RIVERA ALTA
160705,LORETO,DATEM DEL MARAÏ¿½ON,PASTAZA,HUAGRAMONA
160107,LORETO,MAYNAS,NAPO,NAPO
160501,LORETO,REQUENA,REQUENA,13 DE FEBRERO
160112,LORETO,MAYNAS,BELEN,NUEVO SAN MARTIN
160201,LORETO,ALTO AMAZONAS,YURIMAGUAS,SANTA ISABEL
160211,LORETO,ALTO AMAZONAS,TENIENTE CESAR LOPEZ ROJAS,GLORIA
160211,LORETO,ALTO AMAZONAS,TENIENTE CESAR LOPEZ ROJAS,SAN ISIDRO
160107,LORETO,MAYNAS,NAPO,SANTA MARIA
160112,LORETO,MAYNAS,BELEN,SAN JUAN DE MUNICH
160112,LORETO,MAYNAS,BELEN,NUEVO LIBERAL
160113,LORETO,MAYNAS,SAN JUAN BAUTISTA,ZUNGARO COCHA
160103,LORETO,MAYNAS,FERNANDO LORES,FERNANDO LORES
160112,LORETO,MAYNAS,BELEN,GENERAL MERINO
160202,LORETO,ALTO AMAZONAS,BALSAPUERTO,NUEVA PACHIZA
160201,LORETO,ALTO AMAZONAS,YURIMAGUAS,BELEN
160201,LORETO,ALTO AMAZONAS,YURIMAGUAS,ZAPOTE
160112,LORETO,MAYNAS,BELEN,11 DE NOVIEMBRE
160105,LORETO,MAYNAS,LAS AMAZONAS,SAN JOSE DE YANASHI
160404,LORETO,MARISCAL RAMON CASTILLA,SAN PABLO,SAN ISIDRO
160403,LORETO,MARISCAL RAMON CASTILLA,YAVARI,NUEVA ESPERANZA
160211,LORETO,ALTO AMAZONAS,TENIENTE CESAR LOPEZ ROJAS,NUEVO AREQUIPA
170104,MADRE DE DIOS,TAMBOPATA,LABERINTO,PUERTO ROSARIO DE LABERINTO
170203,MADRE DE DIOS,MANU,MADRE DE DIOS,PUKIRI
170101,MADRE DE DIOS,TAMBOPATA,TAMBOPATA,TRES ESTRELLAS
170301,MADRE DE DIOS,TAHUAMANU,IÏ¿½APARI,IÑAPARI
170101,MADRE DE DIOS,TAMBOPATA,TAMBOPATA,SAN FRANCISCO
170101,MADRE DE DIOS,TAMBOPATA,TAMBOPATA,SAN JACINTO
250104,UCAYALI,CORONEL PORTILLO,MASISEA,MONTE DE LOS OLIVOS
250301,UCAYALI,PADRE ABAD,PADRE ABAD,NUEVA UNION
250101,UCAYALI,CORONEL PORTILLO,CALLERIA,LAS MERCEDES
250104,UCAYALI,CORONEL PORTILLO,MASISEA,NUEVO PORVENIR
250107,UCAYALI,CORONEL PORTILLO,MANANTAY,MANANTAY
250101,UCAYALI,CORONEL PORTILLO,CALLERIA,PUCALLPILLO
150604,LIMA,HUARAL,AUCALLAMA,CHACRA Y MAR
150604,LIMA,HUARAL,AUCALLAMA,SALAS
150609,LIMA,HUARAL,SAN MIGUEL DE ACOS,ACOS
150605,LIMA,HUARAL,CHANCAY,QUEPE PAMPA
150601,LIMA,HUARAL,HUARAL,ESQUIVEL
150501,LIMA,CAÏ¿½ETE,SAN VICENTE DE CAÏ¿½ETE,SAN VICENTE DE CAÑETE
150810,LIMA,HUAURA,SANTA MARIA,SANTA MARIA
150805,LIMA,HUAURA,HUALMAY,D.MANDAM. - PUQUIO CANO
150805,LIMA,HUAURA,HUALMAY,HUALMAY - 5  ESQUINAS
150806,LIMA,HUAURA,HUAURA,SOCORRO
150606,LIMA,HUARAL,IHUARI,ACOTAMA - QUIPATAMA
080101,CUSCO,CUSCO,CUSCO,CUSCO
150106,LIMA,LIMA,CARABAYLLO,CARABAYLLO
150125,LIMA,LIMA,PUENTE PIEDRA,PUENTE PIEDRA
040101,AREQUIPA,AREQUIPA,AREQUIPA,AREQUIPA
060201,CAJAMARCA,CAJABAMBA,CAJABAMBA,CAJABAMBA
020101,ANCASH,HUARAZ,HUARAZ,HUARAZ
150133,LIMA,LIMA,SAN JUAN DE MIRAFLORES,SAN JUAN DE MIRAFLORES
150117,LIMA,LIMA,LOS OLIVOS,LOS OLIVOS
060202,CAJAMARCA,CAJABAMBA,CACHACHI,CACHACHI
050115,AYACUCHO,HUAMANGA,JESUS NAZARENO,LAS NAZARENAS
120606,JUNIN,SATIPO,PANGOA,TUNUNTUARI
050407,AYACUCHO,HUANTA,SIVIA,SIVIA
080907,CUSCO,LA CONVENCION,KIMBIRI,IVANKIRIARI
050507,AYACUCHO,LA MAR,SANTA ROSA,SANTA ROSA
050502,AYACUCHO,LA MAR,ANCO,IRAN
050408,AYACUCHO,HUANTA,LLOCHEGUA,JUNIN LIBERTAD
120606,JUNIN,SATIPO,PANGOA,FLORIDA
050503,AYACUCHO,LA MAR,AYNA,NUEVA UNION
050507,AYACUCHO,LA MAR,SANTA ROSA,MARINTARI
050502,AYACUCHO,LA MAR,ANCO,PUMPURAY
210101,PUNO,PUNO,PUNO,PUNO
081106,CUSCO,PAUCARTAMBO,KOSÏ¿½IPATA,PATRIAS
081106,CUSCO,PAUCARTAMBO,KOSÏ¿½IPATA,PILLCOPATA
081106,CUSCO,PAUCARTAMBO,KOSÏ¿½IPATA,AGUAS SANTAS
081002,CUSCO,PARURO,ACCHA,ACCHA
080902,CUSCO,LA CONVENCION,ECHARATE,ICHIQUIATO BAJO
080907,CUSCO,LA CONVENCION,KIMBIRI,PALESTINA BAJA
081005,CUSCO,PARURO,HUANOQUITE,MARCURA
080910,CUSCO,LA CONVENCION,PICHARI,QUISTO CENTRAL
080904,CUSCO,LA CONVENCION,MARANURA,UCHUMAYO
080901,CUSCO,LA CONVENCION,SANTA ANA,HUAYANAY ALTO
080907,CUSCO,LA CONVENCION,KIMBIRI,UNION ROSALES
090101,HUANCAVELICA,HUANCAVELICA,HUANCAVELICA,HUANCAVELICA
100606,HUANUCO,LEONCIO PRADO,MARIANO DAMASO BERAUN,PUENTE PEREZ
100101,HUANUCO,HUANUCO,HUANUCO,HUANUCO
100603,HUANUCO,LEONCIO PRADO,HERMILIO VALDIZAN,SORTILEGIO
100901,HUANUCO,PUERTO INCA,PUERTO INCA,PUERTO INCA
100901,HUANUCO,PUERTO INCA,PUERTO INCA,PUERTO SUNGARO
100702,HUANUCO,MARAÏ¿½ON,CHOLON,NUEVO PROGRESO
130605,LA LIBERTAD,OTUZCO,HUARANCHAL,CHAPIHUAL
130102,LA LIBERTAD,TRUJILLO,EL PORVENIR,EL PORVENIR
130901,LA LIBERTAD,SANCHEZ CARRION,HUAMACHUCO,YANAC
130614,LA LIBERTAD,OTUZCO,USQUIL,CHUQUIZONGO
140201,LAMBAYEQUE,FERREÏ¿½AFE,FERREÏ¿½AFE,SANTA LUISA
010101,AMAZONAS,CHACHAPOYAS,CHACHAPOYAS,CHACHAPOYAS
160509,LORETO,REQUENA,TAPICHE,TAPICHE
160305,LORETO,LORETO,URARINAS,URARINAS
160402,LORETO,MARISCAL RAMON CASTILLA,PEBAS,ANGAMOS
160105,LORETO,MAYNAS,LAS AMAZONAS,FRANCISCO DE ORELLANA
160201,LORETO,ALTO AMAZONAS,YURIMAGUAS,SANTA LUCIA
160201,LORETO,ALTO AMAZONAS,YURIMAGUAS,ZORRAPA
160511,LORETO,REQUENA,YAQUERANA,COLONIA ANGAMOS
160113,LORETO,MAYNAS,SAN JUAN BAUTISTA,LAS AZUCENAS
170101,MADRE DE DIOS,TAMBOPATA,TAMBOPATA,FITZCARRALD
170103,MADRE DE DIOS,TAMBOPATA,LAS PIEDRAS,MAVILA
170103,MADRE DE DIOS,TAMBOPATA,LAS PIEDRAS,PIÑAL
170104,MADRE DE DIOS,TAMBOPATA,LABERINTO,HUACAMAYO CHICO
170302,MADRE DE DIOS,TAHUAMANU,IBERIA,PACAHUARA
250101,UCAYALI,CORONEL PORTILLO,CALLERIA,MAZARAY
160605,LORETO,UCAYALI,SARAYACU,SARAYACU
250103,UCAYALI,CORONEL PORTILLO,IPARIA,IPARIA
250101,UCAYALI,CORONEL PORTILLO,CALLERIA,SAN GENARO
250303,UCAYALI,PADRE ABAD,CURIMANA,VISTA ALEGRE
200605,PIURA,SULLANA,MARCAVELICA,LA GOLONDRINA
200608,PIURA,SULLANA,SALITRAL,SALITRAL
200607,PIURA,SULLANA,QUERECOTILLO,QUERECOTILLO
010205,AMAZONAS,BAGUA,IMAZA,SUKUTIN
060407,CAJAMARCA,CHOTA,COCHABAMBA,SEXEPAMPA
060407,CAJAMARCA,CHOTA,COCHABAMBA,SEGUER
060902,CAJAMARCA,SAN IGNACIO,CHIRINOS,CORAZON DE JESUS
060904,CAJAMARCA,SAN IGNACIO,LA COIPA,LA UNION
060904,CAJAMARCA,SAN IGNACIO,LA COIPA,RUMIPITE
060901,CAJAMARCA,SAN IGNACIO,SAN IGNACIO,MARIZAGUA
060904,CAJAMARCA,SAN IGNACIO,LA COIPA,CHIMBURIQUE
060902,CAJAMARCA,SAN IGNACIO,CHIRINOS,PACASMAYO
060904,CAJAMARCA,SAN IGNACIO,LA COIPA,UNION LAS VUELTAS
150132,LIMA,LIMA,SAN JUAN DE LURIGANCHO,ASOC. VIV CHAVIN DE HUA
150806,LIMA,HUAURA,HUAURA,VILCAHUAURA - PAM.BONITA
150812,LIMA,HUAURA,VEGUETA,J.C.M. - SAN MARTIN
150142,LIMA,LIMA,VILLA EL SALVADOR,VILLA EL SALVADOR
080910,CUSCO,LA CONVENCION,PICHARI,PUERTO MAYO
050404,AYACUCHO,HUANTA,IGUAIN,MACACHACRA
050501,AYACUCHO,LA MAR,SAN MIGUEL,LLULLUCHA
081106,CUSCO,PAUCARTAMBO,KOSÏ¿½IPATA,TUPAC AMARU
080902,CUSCO,LA CONVENCION,ECHARATE,CHACO CARMEN ALTO
080909,CUSCO,LA CONVENCION,VILCABAMBA,NARANJAL 1
080908,CUSCO,LA CONVENCION,SANTA TERESA,SULLUCUYOC
080907,CUSCO,LA CONVENCION,KIMBIRI,LIBERTAD
080909,CUSCO,LA CONVENCION,VILCABAMBA,IPAL
080901,CUSCO,LA CONVENCION,SANTA ANA,HUAYANAY BAJA COCHAPAMPA
080902,CUSCO,LA CONVENCION,ECHARATE,BALCOMPATA
080908,CUSCO,LA CONVENCION,SANTA TERESA,LIMONPATA ALTA
080902,CUSCO,LA CONVENCION,ECHARATE,ECHARATE
080901,CUSCO,LA CONVENCION,SANTA ANA,PORONCOE
080908,CUSCO,LA CONVENCION,SANTA TERESA,CHAUPIMAYO
080902,CUSCO,LA CONVENCION,ECHARATE,BUENOS AIRES
100601,HUANUCO,LEONCIO PRADO,RUPA-RUPA,LOS LAURELES
100606,HUANUCO,LEONCIO PRADO,MARIANO DAMASO BERAUN,CAYUMBA
100507,HUANUCO,HUAMALIES,MONZON,MANAHUIYAY (MANAHUITAY)
140309,LAMBAYEQUE,LAMBAYEQUE,PACORA,PACORA
140201,LAMBAYEQUE,FERREÏ¿½AFE,FERREÏ¿½AFE,FERREÑAFE
140103,LAMBAYEQUE,CHICLAYO,ETEN,ETEN
160108,LORETO,MAYNAS,PUNCHANA,SANTA MARIA DE OJEAL
160801,LORETO,PUTUMAYO,PUTUMAYO,SAN ANTONIO DEL ESTRECHO
160112,LORETO,MAYNAS,BELEN,MUNICH
160704,LORETO,DATEM DEL MARAÏ¿½ON,MORONA,MORONA
160704,LORETO,DATEM DEL MARAÏ¿½ON,MORONA,CHAYAT
160202,LORETO,ALTO AMAZONAS,BALSAPUERTO,BALSAPUERTO
160301,LORETO,LORETO,NAUTA,NUEVA YORK
170101,MADRE DE DIOS,TAMBOPATA,TAMBOPATA,BAJO MADRE DE DIOS
170103,MADRE DE DIOS,TAMBOPATA,LAS PIEDRAS,PUERTO ARTURO
170201,MADRE DE DIOS,MANU,MANU,PALOTOA TEPARO
240101,TUMBES,TUMBES,TUMBES,EL MILAGRO
240303,TUMBES,ZARUMILLA,MATAPALO,MATAPALO
250101,UCAYALI,CORONEL PORTILLO,CALLERIA,NUEVA BARRANCA
250101,UCAYALI,CORONEL PORTILLO,CALLERIA,NUEVA BETANIA
250105,UCAYALI,CORONEL PORTILLO,YARINACOCHA,SAN LORENZO
200406,PIURA,MORROPON,SALITRAL,VICTOR RAUL
150118,LIMA,LIMA,LURIGANCHO,HUACHIPA
150810,LIMA,HUAURA,SANTA MARIA,CHONTA - SECTOR III
150201,LIMA,BARRANCA,BARRANCA,BARRANCA
220808,SAN MARTIN,RIOJA,YORONGOS,YORONGOS
250201,UCAYALI,ATALAYA,RAIMONDI,RAIMONDI
220707,SAN MARTIN,PICOTA,SAN HILARION,SAN HILARION
050501,AYACUCHO,LA MAR,SAN MIGUEL,MANAHUATUY (MANAGUATUY)
080910,CUSCO,LA CONVENCION,PICHARI,PICHARI BAJO
120608,JUNIN,SATIPO,RIO TAMBO,VALLE ESMERALDA
080902,CUSCO,LA CONVENCION,ECHARATE,ITARIATO
030201,APURIMAC,ANDAHUAYLAS,ANDAHUAYLAS,ANDAHUAYLAS
250401,UCAYALI,PURUS,PURUS,NUEVA ESPERANZA
080902,CUSCO,LA CONVENCION,ECHARATE,KUMPIRUSHIATO
100604,HUANUCO,LEONCIO PRADO,JOSE CRESPO Y CASTILLO,MONTE VERDE (MONTAÑA VERDE)
120305,JUNIN,CHANCHAMAYO,SAN RAMON,HUACARA
120607,JUNIN,SATIPO,RIO NEGRO,RIO NEGRO
140203,LAMBAYEQUE,FERREÏ¿½AFE,INCAHUASI,MARAYHUACA
160101,LORETO,MAYNAS,IQUITOS,MAUCACALLE
170102,MADRE DE DIOS,TAMBOPATA,INAMBARI,NUEVA AREQUIPA
170102,MADRE DE DIOS,TAMBOPATA,INAMBARI,JAYAVE
240103,TUMBES,TUMBES,LA CRUZ,LA CRUZ
240101,TUMBES,TUMBES,TUMBES,MALVINAS
060906,CAJAMARCA,SAN IGNACIO,SAN JOSE DE LOURDES,SAN JOSE DE LOURDES
150111,LIMA,LIMA,EL AGUSTINO,EL AGUSTINO
150118,LIMA,LIMA,LURIGANCHO,MOYOPAMPA
150107,LIMA,LIMA,CHACLACAYO,CHACLACAYO
150118,LIMA,LIMA,LURIGANCHO,CHOSICA
150722,LIMA,HUAROCHIRI,SAN MATEO,SAN MATEO
150204,LIMA,BARRANCA,SUPE,RIO SECO
150811,LIMA,HUAURA,SAYAN,LA VILLA
021509,ANCASH,PALLASCA,PAMPAS,PAMPAS
221005,SAN MARTIN,TOCACHE,UCHIZA,UCHIZA
010512,AMAZONAS,LUYA,OCALLI,OCALLI
220510,SAN MARTIN,LAMAS,TABALOSOS,TABALOSOS
050502,AYACUCHO,LA MAR,ANCO,LECHEMAYO
050408,AYACUCHO,HUANTA,LLOCHEGUA,MAYAPO
050408,AYACUCHO,HUANTA,LLOCHEGUA,PERIAVENTE BAJA
050205,AYACUCHO,CANGALLO,PARAS,SANTA ROSA
050408,AYACUCHO,HUANTA,LLOCHEGUA,LOS ANGELES
050408,AYACUCHO,HUANTA,LLOCHEGUA,PUERTO AMARGURA
050407,AYACUCHO,HUANTA,SIVIA,TRIBOLINE
081203,CUSCO,QUISPICANCHI,CAMANTI,QUINCEMIL
080906,CUSCO,LA CONVENCION,QUELLOUNO,QUELLOUNO
080906,CUSCO,LA CONVENCION,QUELLOUNO,QUINTARENA
080902,CUSCO,LA CONVENCION,ECHARATE,KEPASHIATO
080902,CUSCO,LA CONVENCION,ECHARATE,KITENI
080902,CUSCO,LA CONVENCION,ECHARATE,ICHIQUIATO ALTA UNION
080902,CUSCO,LA CONVENCION,ECHARATE,K'ERAPATA
170104,MADRE DE DIOS,TAMBOPATA,LABERINTO,BOCA DEL INAMBARI
100902,HUANUCO,PUERTO INCA,CODO DEL POZUZO,NUEVA ESPERANZA
100902,HUANUCO,PUERTO INCA,CODO DEL POZUZO,CODO DEL POZUZO
100904,HUANUCO,PUERTO INCA,TOURNAVISTA,MACUYA KM. 12
130402,LA LIBERTAD,CHEPEN,PACANGA,PACANGUILLA
130111,LA LIBERTAD,TRUJILLO,VICTOR LARCO HERRERA,BUENOS AIRES
130806,LA LIBERTAD,PATAZ,HUAYO,HUAYO
021801,ANCASH,SANTA,CHIMBOTE,CHIMBOTE
140203,LAMBAYEQUE,FERREÏ¿½AFE,INCAHUASI,MAL PASO
140203,LAMBAYEQUE,FERREÏ¿½AFE,INCAHUASI,PALAYON
140113,LAMBAYEQUE,CHICLAYO,REQUE,REQUE
140106,LAMBAYEQUE,CHICLAYO,LA VICTORIA,LA VICTORIA
160113,LORETO,MAYNAS,SAN JUAN BAUTISTA,SAN ANTONIO
160201,LORETO,ALTO AMAZONAS,YURIMAGUAS,SAN PEDRO DE ZAPOTE
160703,LORETO,DATEM DEL MARAÏ¿½ON,MANSERICHE,MANSERICHE
160103,LORETO,MAYNAS,FERNANDO LORES,NUEVA ESPERANZA
160113,LORETO,MAYNAS,SAN JUAN BAUTISTA,RUMO COCHA
160113,LORETO,MAYNAS,SAN JUAN BAUTISTA,DOCE DE OCTUBRE
160403,LORETO,MARISCAL RAMON CASTILLA,YAVARI,ISLANDIA
160113,LORETO,MAYNAS,SAN JUAN BAUTISTA,BELEN
160107,LORETO,MAYNAS,NAPO,SAN LORENZO
160504,LORETO,REQUENA,EMILIO SAN MARTIN,TAMANCO VIEJO
160202,LORETO,ALTO AMAZONAS,BALSAPUERTO,SANTA RITA
160605,LORETO,UCAYALI,SARAYACU,JUANCITO
240302,TUMBES,ZARUMILLA,AGUAS VERDES,AGUAS VERDES
240101,TUMBES,TUMBES,TUMBES,HUAQUILLA
240304,TUMBES,ZARUMILLA,PAPAYAL,LECHUGAL
240102,TUMBES,TUMBES,CORRALES,CORRALES
240304,TUMBES,ZARUMILLA,PAPAYAL,UÑA DE GATO
240302,TUMBES,ZARUMILLA,AGUAS VERDES,CUCHARETA BAJA
240101,TUMBES,TUMBES,TUMBES,LOS JARDINES
240101,TUMBES,TUMBES,TUMBES,BARRIO SAN JOSE
240104,TUMBES,TUMBES,PAMPAS DE HOSPITAL,PAMPAS DE HOSPITAL
240302,TUMBES,ZARUMILLA,AGUAS VERDES,LA CURVA
240101,TUMBES,TUMBES,TUMBES,EL RECREO
240105,TUMBES,TUMBES,SAN JACINTO,HIGUERON
250107,UCAYALI,CORONEL PORTILLO,MANANTAY,SAN FERNANDO
250302,UCAYALI,PADRE ABAD,IRAZOLA,IRAZOLA
060903,CAJAMARCA,SAN IGNACIO,HUARANGO,OZURCO
150714,LIMA,HUAROCHIRI,RICARDO PALMA,RICARDO PALMA
150604,LIMA,HUARAL,AUCALLAMA,CAQUI
150803,LIMA,HUAURA,CALETA DE CARQUIN,CALETA DE CARQUIN
060602,CAJAMARCA,CUTERVO,CALLAYUC,SANTA CLARA
060606,CAJAMARCA,CUTERVO,PIMPINGOS,GUAYAQUIL
150508,LIMA,CAÏ¿½ETE,LUNAHUANA,LUNAHUANA
120428,JUNIN,JAUJA,SAN LORENZO,SAN LORENZO
070106,CALLAO,CALLAO,VENTANILLA,VENTANILLA
220801,SAN MARTIN,RIOJA,RIOJA,RIOJA
051012,AYACUCHO,VICTOR FAJARDO,VILCANCHOS,URANCANCHA
050507,AYACUCHO,LA MAR,SANTA ROSA,RINCONADA BAJA
080907,CUSCO,LA CONVENCION,KIMBIRI,TAHUANTINSUYO LOBO
050408,AYACUCHO,HUANTA,LLOCHEGUA,SAN ANTONIO
080907,CUSCO,LA CONVENCION,KIMBIRI,MANITEA BAJA
120604,JUNIN,SATIPO,MAZAMARI,MAZAMARI
081304,CUSCO,URUBAMBA,MACHUPICCHU,MACHUPICCHU
080902,CUSCO,LA CONVENCION,ECHARATE,CAMANA
080902,CUSCO,LA CONVENCION,ECHARATE,KORIBENI
080902,CUSCO,LA CONVENCION,ECHARATE,SANGOBATEA
130902,LA LIBERTAD,SANCHEZ CARRION,CHUGAY,SANTA FE DE CARRIZAL (CARRIZAL)
131008,LA LIBERTAD,SANTIAGO DE CHUCO,SITABAMBA,SITABAMBA
130103,LA LIBERTAD,TRUJILLO,FLORENCIA DE MORA,FLORENCIA DE MORA
131001,LA LIBERTAD,SANTIAGO DE CHUCO,SANTIAGO DE CHUCO,HUAYATAN
130107,LA LIBERTAD,TRUJILLO,MOCHE,MOCHE
130207,LA LIBERTAD,ASCOPE,SANTIAGO DE CAO,SANTIAGO DE CAO
220101,SAN MARTIN,MOYOBAMBA,MOYOBAMBA,MOYOBAMBA
160501,LORETO,REQUENA,REQUENA,SINAR
160507,LORETO,REQUENA,SAQUENA,SAPUENA
160113,LORETO,MAYNAS,SAN JUAN BAUTISTA,VILLA SELVA
160113,LORETO,MAYNAS,SAN JUAN BAUTISTA,CARRETERA IQUITOS-NAUTA
160108,LORETO,MAYNAS,PUNCHANA,NUEVA UNION
160108,LORETO,MAYNAS,PUNCHANA,ASTORIA
160113,LORETO,MAYNAS,SAN JUAN BAUTISTA,8 DE OCTUBRE
160101,LORETO,MAYNAS,IQUITOS,BOCA DEL TIGRE
160112,LORETO,MAYNAS,BELEN,CENTRO MAZANA I ZONA
160108,LORETO,MAYNAS,PUNCHANA,BARRIO FLORIDA
160113,LORETO,MAYNAS,SAN JUAN BAUTISTA,AA.HH. ELIANE KARP
160113,LORETO,MAYNAS,SAN JUAN BAUTISTA,SECADA VIGNETA
160113,LORETO,MAYNAS,SAN JUAN BAUTISTA,DISNARDA
160113,LORETO,MAYNAS,SAN JUAN BAUTISTA,NUEVA JERUSALEN
160108,LORETO,MAYNAS,PUNCHANA,MASUSA
160101,LORETO,MAYNAS,IQUITOS,TRES UNIDOS
160701,LORETO,DATEM DEL MARAÏ¿½ON,BARRANCA,BARRANCA
160112,LORETO,MAYNAS,BELEN,SAN JOSE
160112,LORETO,MAYNAS,BELEN,PARTICIPACION
160101,LORETO,MAYNAS,IQUITOS,BUENA VISTA
160101,LORETO,MAYNAS,IQUITOS,ASTORIA
160112,LORETO,MAYNAS,BELEN,CIUDAD JARDIN
160108,LORETO,MAYNAS,PUNCHANA,HIPOLITO UNANUE
160201,LORETO,ALTO AMAZONAS,YURIMAGUAS,SANTO TOMAS
160201,LORETO,ALTO AMAZONAS,YURIMAGUAS,CENTRO CHAMBIRA DE MUNICHIS
160108,LORETO,MAYNAS,PUNCHANA,LUPUNILLO
160705,LORETO,DATEM DEL MARAÏ¿½ON,PASTAZA,SANTA MARTHA (MARAÑON)
160211,LORETO,ALTO AMAZONAS,TENIENTE CESAR LOPEZ ROJAS,NUEVO PAPAPLAYA
160108,LORETO,MAYNAS,PUNCHANA,SANTA CLOTILDE
220504,SAN MARTIN,LAMAS,CAYNARACHI,CAYNARACHI
220601,SAN MARTIN,MARISCAL CACERES,JUANJUI,JUANJUI
160511,LORETO,REQUENA,YAQUERANA,BUENAS LOMAS NUEVA
160210,LORETO,ALTO AMAZONAS,SANTA CRUZ,SANTA CRUZ
160201,LORETO,ALTO AMAZONAS,YURIMAGUAS,CAMPO FLORIDO
220909,SAN MARTIN,SAN MARTIN,LA BANDA DE SHILCAYO,LA BANDA DE SHILCAYO
160201,LORETO,ALTO AMAZONAS,YURIMAGUAS,INDEPENDENCIA
160305,LORETO,LORETO,URARINAS,SAN JOSE DE SARAMURO
160113,LORETO,MAYNAS,SAN JUAN BAUTISTA,ROSA PANDURO
160705,LORETO,DATEM DEL MARAÏ¿½ON,PASTAZA,NUEVO PORVENIR
160201,LORETO,ALTO AMAZONAS,YURIMAGUAS,DOS DE MAYO
220910,SAN MARTIN,SAN MARTIN,MORALES,MORALES
010702,AMAZONAS,UTCUBAMBA,CAJARURO,CAJARURO
160206,LORETO,ALTO AMAZONAS,LAGUNAS,ACHUAL TIPISHICA
160211,LORETO,ALTO AMAZONAS,TENIENTE CESAR LOPEZ ROJAS,SHUCUSHYACU
160601,LORETO,UCAYALI,CONTAMANA,PUEBLO NUEVO
160101,LORETO,MAYNAS,IQUITOS,CARACOCHA
160201,LORETO,ALTO AMAZONAS,YURIMAGUAS,PORVENIR
160201,LORETO,ALTO AMAZONAS,YURIMAGUAS,PALMAS DE SHANUSI
160201,LORETO,ALTO AMAZONAS,YURIMAGUAS,COTOYACU
160201,LORETO,ALTO AMAZONAS,YURIMAGUAS,PUERTO ARTURO
160112,LORETO,MAYNAS,BELEN,YANAYACO - BOMBONAJE
220504,SAN MARTIN,LAMAS,CAYNARACHI,CARACHAMAYOC
160113,LORETO,MAYNAS,SAN JUAN BAUTISTA,KM.79 CARRETERA IQUITOS-NAUTA
160402,LORETO,MARISCAL RAMON CASTILLA,PEBAS,COCHIQUINAS
160113,LORETO,MAYNAS,SAN JUAN BAUTISTA,25 DE ENERO
160211,LORETO,ALTO AMAZONAS,TENIENTE CESAR LOPEZ ROJAS,NUEVO TRIUNFO
160706,LORETO,DATEM DEL MARAÏ¿½ON,ANDOAS,PIJUAYAL
220905,SAN MARTIN,SAN MARTIN,CHIPURANA,LISBOA
160301,LORETO,LORETO,NAUTA,SAN REGIS
160113,LORETO,MAYNAS,SAN JUAN BAUTISTA,KM. 38 CARRETERA IQUITOS - NAUTA
160101,LORETO,MAYNAS,IQUITOS,YARINA
220907,SAN MARTIN,SAN MARTIN,HUIMBAYOC,HUIMBAYOC
220905,SAN MARTIN,SAN MARTIN,CHIPURANA,SAN PABLO DE TIPISHCA
160501,LORETO,REQUENA,REQUENA,PUERTO PERU
160510,LORETO,REQUENA,JENARO HERRERA,JENARO HERRERA
250105,UCAYALI,CORONEL PORTILLO,YARINACOCHA,YARINACOCHA
160113,LORETO,MAYNAS,SAN JUAN BAUTISTA,BEGONIAS
160201,LORETO,ALTO AMAZONAS,YURIMAGUAS,CARTAGENA
160201,LORETO,ALTO AMAZONAS,YURIMAGUAS,YAHUAR
220504,SAN MARTIN,LAMAS,CAYNARACHI,ALIANZA
160113,LORETO,MAYNAS,SAN JUAN BAUTISTA,EX PETROLERO I ZONA
160106,LORETO,MAYNAS,MAZAN,PINTU LLACTA
160101,LORETO,MAYNAS,IQUITOS,RICARDO PALMA
160303,LORETO,LORETO,TIGRE,LIBERTAD
160112,LORETO,MAYNAS,BELEN,PARAISO
160501,LORETO,REQUENA,REQUENA,ARICA VIEJO
160101,LORETO,MAYNAS,IQUITOS,FRAY MARTIN
160101,LORETO,MAYNAS,IQUITOS,SR DE LOS MILAGROS
160507,LORETO,REQUENA,SAQUENA,BAGAZAN
160705,LORETO,DATEM DEL MARAÏ¿½ON,PASTAZA,PASTAZA
160113,LORETO,MAYNAS,SAN JUAN BAUTISTA,SAN LUCAS
160108,LORETO,MAYNAS,PUNCHANA,PADRECOCHA
160101,LORETO,MAYNAS,IQUITOS,ATAHUALPA
160201,LORETO,ALTO AMAZONAS,YURIMAGUAS,TRANCA YACU
160211,LORETO,ALTO AMAZONAS,TENIENTE CESAR LOPEZ ROJAS,SANTA CRUZ
220911,SAN MARTIN,SAN MARTIN,PAPAPLAYA,SANTA ROSA
160113,LORETO,MAYNAS,SAN JUAN BAUTISTA,12 DE ABRIL
160706,LORETO,DATEM DEL MARAÏ¿½ON,ANDOAS,LOBOYACU
160113,LORETO,MAYNAS,SAN JUAN BAUTISTA,PAUJIL I ZONA
170101,MADRE DE DIOS,TAMBOPATA,TAMBOPATA,CENTRO CACHUELA
160201,LORETO,ALTO AMAZONAS,YURIMAGUAS,BALSAYACU
220301,SAN MARTIN,EL DORADO,SAN JOSE DE SISA,SAN JOSE DE SISA
220401,SAN MARTIN,HUALLAGA,SAPOSOA,SAN REGIS
220404,SAN MARTIN,HUALLAGA,PISCOYACU,PISCOYACU
220401,SAN MARTIN,HUALLAGA,SAPOSOA,SAPOSOA
220602,SAN MARTIN,MARISCAL CACERES,CAMPANILLA,ALTO CUÑUMBAZA
220903,SAN MARTIN,SAN MARTIN,CACATACHI,CACATACHI
220502,SAN MARTIN,LAMAS,ALONSO DE ALVARADO,PARAISO
220909,SAN MARTIN,SAN MARTIN,LA BANDA DE SHILCAYO,LA BANDA
220908,SAN MARTIN,SAN MARTIN,JUAN GUERRA,JUAN GUERRA
240106,TUMBES,TUMBES,SAN JUAN DE LA VIRGEN,GARBANZAL
240101,TUMBES,TUMBES,TUMBES,LAS MERCEDES
240304,TUMBES,ZARUMILLA,PAPAYAL,PAPAYAL
150101,LIMA,LIMA,LIMA,LIMA CERCADO
240106,TUMBES,TUMBES,SAN JUAN DE LA VIRGEN,SAN JUAN DE LA VIRGEN
240202,TUMBES,CONTRALMIRANTE VILLAR,CASITAS,CASITAS
240301,TUMBES,ZARUMILLA,ZARUMILLA,ZARUMILLA
250101,UCAYALI,CORONEL PORTILLO,CALLERIA,NUEVO SANTA ROSA DE CAPSINAY
250107,UCAYALI,CORONEL PORTILLO,MANANTAY,NUEVO ORIENTE DE CHAMAJAO
250101,UCAYALI,CORONEL PORTILLO,CALLERIA,AGUAJAL
250102,UCAYALI,CORONEL PORTILLO,CAMPOVERDE,LA VICTORIA
250302,UCAYALI,PADRE ABAD,IRAZOLA,ALEXANDER VON HUMBOLDT
250107,UCAYALI,CORONEL PORTILLO,MANANTAY,JUAN VELASCO
250105,UCAYALI,CORONEL PORTILLO,YARINACOCHA,AA.HH. 28 DE MARZO
250107,UCAYALI,CORONEL PORTILLO,MANANTAY,LIMONGENA
200605,PIURA,SULLANA,MARCAVELICA,MALLARITOS
010204,AMAZONAS,BAGUA,EL PARCO,EL PARCO
010403,AMAZONAS,CONDORCANQUI,RIO SANTIAGO,AMPAMA
010402,AMAZONAS,CONDORCANQUI,EL CENEPA,ACHU
010402,AMAZONAS,CONDORCANQUI,EL CENEPA,WICHIM
150103,LIMA,LIMA,ATE,SANTA CLARA
150710,LIMA,HUAROCHIRI,LAHUAYTAMBO,LAHUAYTAMBO
060612,CAJAMARCA,CUTERVO,SANTO DOMINGO DE LA CAPILLA,NARANJO YACU
060606,CAJAMARCA,CUTERVO,PIMPINGOS,NUEVO ILUCAN
060606,CAJAMARCA,CUTERVO,PIMPINGOS,PLAYA HERMOSA
120608,JUNIN,SATIPO,RIO TAMBO,FE Y ALEGRIA
050408,AYACUCHO,HUANTA,LLOCHEGUA,PERIAVENTE ALTA
050408,AYACUCHO,HUANTA,LLOCHEGUA,SANTA TERESA
050408,AYACUCHO,HUANTA,LLOCHEGUA,GLORIA AMARGURA
050408,AYACUCHO,HUANTA,LLOCHEGUA,SAN CRISTOBAL
050509,AYACUCHO,LA MAR,SAMUGARI,CHONTABAMBA
050115,AYACUCHO,HUAMANGA,JESUS NAZARENO,YACUHUILCA
120606,JUNIN,SATIPO,PANGOA,SAN MARTIN DE PANGOA
050110,AYACUCHO,HUAMANGA,SAN JUAN BAUTISTA,LAS AMERICAS
050509,AYACUCHO,LA MAR,SAMUGARI,PALMAPAMPA
050502,AYACUCHO,LA MAR,ANCO,SAN ANTONIO
050201,AYACUCHO,CANGALLO,CANGALLO,CANGALLO
050201,AYACUCHO,CANGALLO,CANGALLO,ANDABAMBA
250101,UCAYALI,CORONEL PORTILLO,CALLERIA,4 DE JULIO
120608,JUNIN,SATIPO,RIO TAMBO,POYENI
120608,JUNIN,SATIPO,RIO TAMBO,ALTO ENE
250101,UCAYALI,CORONEL PORTILLO,CALLERIA,NUEVA ARIZONA
080910,CUSCO,LA CONVENCION,PICHARI,AMARGURA
050408,AYACUCHO,HUANTA,LLOCHEGUA,AREQUIPA
150130,LIMA,LIMA,SAN BORJA,SAN BORJA (SAN FRANCISCO DE SAN BORJA)
080902,CUSCO,LA CONVENCION,ECHARATE,ALTO PIGUIATO
080903,CUSCO,LA CONVENCION,HUAYOPATA,HUAYOPATA RODEO
100802,HUANUCO,PACHITEA,CHAGLLA,PAMPAMARCA
120606,JUNIN,SATIPO,PANGOA,CHAVINI
130110,LA LIBERTAD,TRUJILLO,SIMBAL,PEDREGAL
131008,LA LIBERTAD,SANTIAGO DE CHUCO,SITABAMBA,USHNOBAL
130908,LA LIBERTAD,SANCHEZ CARRION,SARTIMBAMBA,VICTORIA
130908,LA LIBERTAD,SANCHEZ CARRION,SARTIMBAMBA,LLAUPUY
220913,SAN MARTIN,SAN MARTIN,SAUCE,SAUCE
130901,LA LIBERTAD,SANCHEZ CARRION,HUAMACHUCO,COIPIN
131008,LA LIBERTAD,SANTIAGO DE CHUCO,SITABAMBA,CHAMADA GRANDE
140301,LAMBAYEQUE,LAMBAYEQUE,LAMBAYEQUE,LA PALMERA
220804,SAN MARTIN,RIOJA,NUEVA CAJAMARCA,NUEVA CAJAMARCA
010201,AMAZONAS,BAGUA,BAGUA,BAGUA
140205,LAMBAYEQUE,FERREÏ¿½AFE,PITIPO,PITIPO
061303,CAJAMARCA,SANTA CRUZ,CATACHE,CATACHE
140202,LAMBAYEQUE,FERREÏ¿½AFE,CAÏ¿½ARIS,CANGREJERA
140202,LAMBAYEQUE,FERREÏ¿½AFE,CAÏ¿½ARIS,CAÑARIS
220901,SAN MARTIN,SAN MARTIN,TARAPOTO,SANTA ROSA DE CUMBAZA
060801,CAJAMARCA,JAEN,JAEN,BARRO NEGRO
160112,LORETO,MAYNAS,BELEN,CAROCOCHA
160113,LORETO,MAYNAS,SAN JUAN BAUTISTA,10 DE OCTUBRE
160112,LORETO,MAYNAS,BELEN,28 DE JULIO
160113,LORETO,MAYNAS,SAN JUAN BAUTISTA,PROGRESO
160113,LORETO,MAYNAS,SAN JUAN BAUTISTA,1  DE MAYO
160113,LORETO,MAYNAS,SAN JUAN BAUTISTA,NUEVA VIDA
160301,LORETO,LORETO,NAUTA,1  DE MAYO
160112,LORETO,MAYNAS,BELEN,AA.HH. TRIUNFO
160113,LORETO,MAYNAS,SAN JUAN BAUTISTA,AV. QUIÑONES
160112,LORETO,MAYNAS,BELEN,SANTA ZULEMA
160112,LORETO,MAYNAS,BELEN,CABO LOPEZ
160112,LORETO,MAYNAS,BELEN,OSCAR IVAN
160113,LORETO,MAYNAS,SAN JUAN BAUTISTA,31 DICIEMBRE
160113,LORETO,MAYNAS,SAN JUAN BAUTISTA,VIRGEN LOURDES
160113,LORETO,MAYNAS,SAN JUAN BAUTISTA,JESSICA INCHAUSTEGUI
160113,LORETO,MAYNAS,SAN JUAN BAUTISTA,TRIUNFO
160112,LORETO,MAYNAS,BELEN,VENECIA
160112,LORETO,MAYNAS,BELEN,CASERIO SAN ANTONIO
160113,LORETO,MAYNAS,SAN JUAN BAUTISTA,JESUS DE NAZARETH
160112,LORETO,MAYNAS,BELEN,28 DE ENERO
160101,LORETO,MAYNAS,IQUITOS,HUATARI
160113,LORETO,MAYNAS,SAN JUAN BAUTISTA,3 DE OCTUBRE
160113,LORETO,MAYNAS,SAN JUAN BAUTISTA,KM. 56 CARRETERA IQUITOS - NAUTA
160402,LORETO,MARISCAL RAMON CASTILLA,PEBAS,PEBAS
160113,LORETO,MAYNAS,SAN JUAN BAUTISTA,AA.HH. INCA MANCO KALI
160113,LORETO,MAYNAS,SAN JUAN BAUTISTA,ACUARIO
160210,LORETO,ALTO AMAZONAS,SANTA CRUZ,NUEVO TRIUNFO
160210,LORETO,ALTO AMAZONAS,SANTA CRUZ,SAN FRANCISCO
160210,LORETO,ALTO AMAZONAS,SANTA CRUZ,NUEVO SAN JUAN
160210,LORETO,ALTO AMAZONAS,SANTA CRUZ,YARINA
160210,LORETO,ALTO AMAZONAS,SANTA CRUZ,SEIS DE DICIEMBRE
160210,LORETO,ALTO AMAZONAS,SANTA CRUZ,NUEVA ESPERANZA DE SHISHINAHUA
160108,LORETO,MAYNAS,PUNCHANA,GRAU DE PAMPA HERMOSA
160106,LORETO,MAYNAS,MAZAN,ORO BLANCO
160103,LORETO,MAYNAS,FERNANDO LORES,MIRAFLORES
160101,LORETO,MAYNAS,IQUITOS,C. YAVARI
160108,LORETO,MAYNAS,PUNCHANA,SAN LUIS
160102,LORETO,MAYNAS,ALTO NANAY,PUCA URCO
160501,LORETO,REQUENA,REQUENA,CONTAMANILLO
160113,LORETO,MAYNAS,SAN JUAN BAUTISTA,MODELO
160113,LORETO,MAYNAS,SAN JUAN BAUTISTA,INCA ROCA
160101,LORETO,MAYNAS,IQUITOS,CALLE PROGRESO
160112,LORETO,MAYNAS,BELEN,CASERIO NUEVO CAMPEON
160103,LORETO,MAYNAS,FERNANDO LORES,EL PORVENIR I ZONA
160102,LORETO,MAYNAS,ALTO NANAY,SAN ANTONIO
160112,LORETO,MAYNAS,BELEN,VILLA BELEN
160210,LORETO,ALTO AMAZONAS,SANTA CRUZ,UNION CAMPESINA
160201,LORETO,ALTO AMAZONAS,YURIMAGUAS,30 DE AGOSTO
160112,LORETO,MAYNAS,BELEN,LUPUNA II ZONA
160107,LORETO,MAYNAS,NAPO,VENCEDORES DE ZAPOTE
220906,SAN MARTIN,SAN MARTIN,EL PORVENIR,BONAPARTE
160504,LORETO,REQUENA,EMILIO SAN MARTIN,SANTA FE
160102,LORETO,MAYNAS,ALTO NANAY,ATALAYA
160601,LORETO,UCAYALI,CONTAMANA,NUEVO EDEN
220511,SAN MARTIN,LAMAS,ZAPATERO,ZAPATERO
160201,LORETO,ALTO AMAZONAS,YURIMAGUAS,MICAELA BASTIDAS
160112,LORETO,MAYNAS,BELEN,LIMON
160101,LORETO,MAYNAS,IQUITOS,MORONA COCHA
160113,LORETO,MAYNAS,SAN JUAN BAUTISTA,LLANCHAMA
160201,LORETO,ALTO AMAZONAS,YURIMAGUAS,SANTA MARIA
160704,LORETO,DATEM DEL MARAÏ¿½ON,MORONA,FERNANDO ROSAS
160112,LORETO,MAYNAS,BELEN,ITAYA
160113,LORETO,MAYNAS,SAN JUAN BAUTISTA,NUEVO SAN MARTIN
160113,LORETO,MAYNAS,SAN JUAN BAUTISTA,CAMELIAS
250104,UCAYALI,CORONEL PORTILLO,MASISEA,SAN RAFAEL
160106,LORETO,MAYNAS,MAZAN,YURAC YACU
220701,SAN MARTIN,PICOTA,PICOTA,PICOTA
160210,LORETO,ALTO AMAZONAS,SANTA CRUZ,LAGO NARANJAL
160201,LORETO,ALTO AMAZONAS,YURIMAGUAS,LAS MALVINAS
160106,LORETO,MAYNAS,MAZAN,200 MILLAS
160107,LORETO,MAYNAS,NAPO,CRUZ DE PLATA
170101,MADRE DE DIOS,TAMBOPATA,TAMBOPATA,LA JOYA
170101,MADRE DE DIOS,TAMBOPATA,TAMBOPATA,TUPAC AMARU
170301,MADRE DE DIOS,TAHUAMANU,IÏ¿½APARI,BELGICA
170101,MADRE DE DIOS,TAMBOPATA,TAMBOPATA,LOERO
190304,PASCO,OXAPAMPA,PALCAZU,ISHPIHUACAZO
220601,SAN MARTIN,MARISCAL CACERES,JUANJUI,LA MERCED
220204,SAN MARTIN,BELLAVISTA,HUALLAGA,LEDOY
220601,SAN MARTIN,MARISCAL CACERES,JUANJUI,SAN JUAN - 2
220602,SAN MARTIN,MARISCAL CACERES,CAMPANILLA,CAMPANILLA
220303,SAN MARTIN,EL DORADO,SAN MARTIN,REQUENA
220908,SAN MARTIN,SAN MARTIN,JUAN GUERRA,YACUCATINA
220504,SAN MARTIN,LAMAS,CAYNARACHI,PINTOYAQUILLO
220703,SAN MARTIN,PICOTA,CASPIZAPA,CASPISAPA
220709,SAN MARTIN,PICOTA,TINGO DE PONASA,NUEVA ESPERANZA
220904,SAN MARTIN,SAN MARTIN,CHAZUTA,CHAZUTA
220509,SAN MARTIN,LAMAS,SHANAO,SHANAO
220709,SAN MARTIN,PICOTA,TINGO DE PONASA,TINGO DE PONAZA
220605,SAN MARTIN,MARISCAL CACERES,PAJARILLO,COSTA RICA
220201,SAN MARTIN,BELLAVISTA,BELLAVISTA,BELLAVISTA
220605,SAN MARTIN,MARISCAL CACERES,PAJARILLO,ARMAYARI
220601,SAN MARTIN,MARISCAL CACERES,JUANJUI,SAN JUAN - 1
220603,SAN MARTIN,MARISCAL CACERES,HUICUNGO,HUICUNGO
220709,SAN MARTIN,PICOTA,TINGO DE PONASA,HUAÑIPO
220703,SAN MARTIN,PICOTA,CASPIZAPA,NUEVA UNION
220901,SAN MARTIN,SAN MARTIN,TARAPOTO,NUEVO CHUPISHIÑA
220709,SAN MARTIN,PICOTA,TINGO DE PONASA,TINGO DE PONASA
220601,SAN MARTIN,MARISCAL CACERES,JUANJUI,VILLA PRADO
220603,SAN MARTIN,MARISCAL CACERES,HUICUNGO,DOS DE MAYO
220601,SAN MARTIN,MARISCAL CACERES,JUANJUI,VISTA ALEGRE - 3
220709,SAN MARTIN,PICOTA,TINGO DE PONASA,LEONCIO PRADO
220705,SAN MARTIN,PICOTA,PUCACACA,PUCACACA
221005,SAN MARTIN,TOCACHE,UCHIZA,SAN JUAN DE PORONGO
220706,SAN MARTIN,PICOTA,SAN CRISTOBAL,PUERTO RICO
220602,SAN MARTIN,MARISCAL CACERES,CAMPANILLA,NUEVO JAEN
010702,AMAZONAS,UTCUBAMBA,CAJARURO,ALTO SAN JOSE
220705,SAN MARTIN,PICOTA,PUCACACA,SHIMBILLO
220203,SAN MARTIN,BELLAVISTA,BAJO BIAVO,ALIANZA
220401,SAN MARTIN,HUALLAGA,SAPOSOA,ALTO SITULLI
220507,SAN MARTIN,LAMAS,RUMISAPA,MACEDA
220904,SAN MARTIN,SAN MARTIN,CHAZUTA,BOMBONAJE
220601,SAN MARTIN,MARISCAL CACERES,JUANJUI,CHAMBIRA
220910,SAN MARTIN,SAN MARTIN,MORALES,CURSO
220911,SAN MARTIN,SAN MARTIN,PAPAPLAYA,REFORMA
220601,SAN MARTIN,MARISCAL CACERES,JUANJUI,LA VICTORIA
220701,SAN MARTIN,PICOTA,PICOTA,WINGE
220605,SAN MARTIN,MARISCAL CACERES,PAJARILLO,PAJARILLO
220203,SAN MARTIN,BELLAVISTA,BAJO BIAVO,ALMIRANTE GRAU
220804,SAN MARTIN,RIOJA,NUEVA CAJAMARCA,NARANJILLO
160201,LORETO,ALTO AMAZONAS,YURIMAGUAS,NUEVA METROPOLI
220701,SAN MARTIN,PICOTA,PICOTA,CARHUAICO
220203,SAN MARTIN,BELLAVISTA,BAJO BIAVO,PUERTO NUEVO
240106,TUMBES,TUMBES,SAN JUAN DE LA VIRGEN,TACURAL
200404,PIURA,MORROPON,LA MATANZA,KM. 62
240304,TUMBES,ZARUMILLA,PAPAYAL,LA PALMA
240101,TUMBES,TUMBES,TUMBES,BUENOS AIRES
240105,TUMBES,TUMBES,SAN JACINTO,VAQUERIA
200706,PIURA,TALARA,MANCORA,MANCORA
240106,TUMBES,TUMBES,SAN JUAN DE LA VIRGEN,CERRO BLANCO
200202,PIURA,AYABACA,FRIAS,CHECCHES
010205,AMAZONAS,BAGUA,IMAZA,CHAPI
060801,CAJAMARCA,JAEN,JAEN,MAGLLANAL
060801,CAJAMARCA,JAEN,JAEN,FILA ALTA
150115,LIMA,LIMA,LA VICTORIA,LA VICTORIA
150132,LIMA,LIMA,SAN JUAN DE LURIGANCHO,URB LAS FLORES
150137,LIMA,LIMA,SANTA ANITA,HUASCAR
150111,LIMA,LIMA,EL AGUSTINO,LAS TERRASAS
150107,LIMA,LIMA,CHACLACAYO,HUASCATA
150107,LIMA,LIMA,CHACLACAYO,LOS ANGELES
150803,LIMA,HUAURA,CALETA DE CARQUIN,PENAL DE CARQUIN
150605,LIMA,HUARAL,CHANCAY,LOS LAURELES  NORTE (LAURE NORTE)
150605,LIMA,HUARAL,CHANCAY,TORRE BLANCA
020701,ANCASH,CARLOS FERMIN FITZCARRALD,SAN LUIS,SAN LUIS
130902,LA LIBERTAD,SANCHEZ CARRION,CHUGAY,UCHUBAMBA
150113,LIMA,LIMA,JESUS MARIA,JESUS MARIA
190113,PASCO,PASCO,YANACANCHA,YANACANCHA
150105,LIMA,LIMA,BREÏ¿½A,BREÏ¿½A
020508,ANCASH,BOLOGNESI,HUALLANCA,HUALLANCA
150143,LIMA,LIMA,VILLA MARIA DEL TRIUNFO,DAVID GUERRERO
050409,AYACUCHO,HUANTA,CANAYRE,CANAYRE
130302,LA LIBERTAD,BOLIVAR,BAMBAMARCA,BAMBAMARCA
200207,PIURA,AYABACA,PAIMAS,CULQUI
170101,MADRE DE DIOS,TAMBOPATA,TAMBOPATA,PASTORA GRANDE
170101,MADRE DE DIOS,TAMBOPATA,TAMBOPATA,ALTA PASTORA
050502,AYACUCHO,LA MAR,ANCO,HUALLHUA (HUALLHUAC)
200114,PIURA,PIURA,TAMBO GRANDE,SINCHI ROCA
240304,TUMBES,ZARUMILLA,PAPAYAL,LA COJA
240101,TUMBES,TUMBES,TUMBES,TUMBES
240101,TUMBES,TUMBES,TUMBES,EL PROGRESO
170201,MADRE DE DIOS,MANU,MANU,ALTO CARBON
170101,MADRE DE DIOS,TAMBOPATA,TAMBOPATA,OTILIA
050407,AYACUCHO,HUANTA,SIVIA,TRIBOLINE ALTA
170101,MADRE DE DIOS,TAMBOPATA,TAMBOPATA,ALTA CACHUELA
200114,PIURA,PIURA,TAMBO GRANDE,CASARANA
170303,MADRE DE DIOS,TAHUAMANU,TAHUAMANU,LA NOVIA
170102,MADRE DE DIOS,TAMBOPATA,INAMBARI,SARAYACU
170104,MADRE DE DIOS,TAMBOPATA,LABERINTO,BOCA UNION
170203,MADRE DE DIOS,MANU,MADRE DE DIOS,BOCA PUKIRI
170204,MADRE DE DIOS,MANU,HUEPETUHE,CHOQUE
170101,MADRE DE DIOS,TAMBOPATA,TAMBOPATA,SAN BERNARDO
170101,MADRE DE DIOS,TAMBOPATA,TAMBOPATA,IZUYANA
200207,PIURA,AYABACA,PAIMAS,BUENOS AIRES
170204,MADRE DE DIOS,MANU,HUEPETUHE,PUERTO PUNKIRI
170303,MADRE DE DIOS,TAHUAMANU,TAHUAMANU,SHIRINGAYOC
170203,MADRE DE DIOS,MANU,MADRE DE DIOS,COMUNIDAD PUKIRI
170101,MADRE DE DIOS,TAMBOPATA,TAMBOPATA,LA PASTORA
050502,AYACUCHO,LA MAR,ANCO,SACHARACCAY (SACHARAJAY)
170203,MADRE DE DIOS,MANU,MADRE DE DIOS,SAN JOSE DE KARENE
170101,MADRE DE DIOS,TAMBOPATA,TAMBOPATA,TAMBOPATA
170104,MADRE DE DIOS,TAMBOPATA,LABERINTO,FLORIDA ALTA
051005,AYACUCHO,VICTOR FAJARDO,CANARIA,CANARIA
200602,PIURA,SULLANA,BELLAVISTA,A.H. SAN MATEO
210303,PUNO,CARABAYA,AYAPATA,LOROMAYO
140306,LAMBAYEQUE,LAMBAYEQUE,MORROPE,POZITOS
240101,TUMBES,TUMBES,TUMBES,CRUCE PIZARRO
170101,MADRE DE DIOS,TAMBOPATA,TAMBOPATA,PUERTO PARDO
060906,CAJAMARCA,SAN IGNACIO,SAN JOSE DE LOURDES,EL LAUREL
170102,MADRE DE DIOS,TAMBOPATA,INAMBARI,SANTA RITA ALTA
170101,MADRE DE DIOS,TAMBOPATA,TAMBOPATA,PLAYA ALTA
140201,LAMBAYEQUE,FERREÏ¿½AFE,FERREÏ¿½AFE,FERREÏ¿½AFE
140111,LAMBAYEQUE,CHICLAYO,PICSI,PICSI
140105,LAMBAYEQUE,CHICLAYO,JOSE LEONARDO ORTIZ,JOSE LEONARDO ORTIZ
170102,MADRE DE DIOS,TAMBOPATA,INAMBARI,ALTO LIBERTAD
170102,MADRE DE DIOS,TAMBOPATA,INAMBARI,DOS DE MAYO
200205,PIURA,AYABACA,MONTERO,EL CRISTAL
140307,LAMBAYEQUE,LAMBAYEQUE,MOTUPE,MONDRAGON
170101,MADRE DE DIOS,TAMBOPATA,TAMBOPATA,BAJO TAMBOPATA
200201,PIURA,AYABACA,AYABACA,PINGOLA
170103,MADRE DE DIOS,TAMBOPATA,LAS PIEDRAS,MADAMA
170102,MADRE DE DIOS,TAMBOPATA,INAMBARI,PUERTO MAZUKO
170101,MADRE DE DIOS,TAMBOPATA,TAMBOPATA,AGUAS NEGRAS
200601,PIURA,SULLANA,SULLANA,09 DE OCTUBRE
170101,MADRE DE DIOS,TAMBOPATA,TAMBOPATA,EL PRADO
170101,MADRE DE DIOS,TAMBOPATA,TAMBOPATA,JORGE CHAVEZ
170204,MADRE DE DIOS,MANU,HUEPETUHE,PUNKIRI CHICO
060401,CAJAMARCA,CHOTA,CHOTA,CHOTA
200210,PIURA,AYABACA,SUYO,SUYO
200303,PIURA,HUANCABAMBA,EL CARMEN DE LA FRONTERA,EL CARMEN DE LA FRONTERA
170102,MADRE DE DIOS,TAMBOPATA,INAMBARI,SANTA ROSA
170101,MADRE DE DIOS,TAMBOPATA,TAMBOPATA,EL CASTAÑAL
140306,LAMBAYEQUE,LAMBAYEQUE,MORROPE,CASA BLANCA
170102,MADRE DE DIOS,TAMBOPATA,INAMBARI,VIRGEN DE LA CANDELARIA
140117,LAMBAYEQUE,CHICLAYO,PATAPO,LA CRIA Y PAMPA LA VICTORIA
200114,PIURA,PIURA,TAMBO GRANDE,SECTOR 3
200114,PIURA,PIURA,TAMBO GRANDE,MALINGAS
220101,SAN MARTIN,MOYOBAMBA,MOYOBAMBA,NUEVO HUANCABAMBA
060907,CAJAMARCA,SAN IGNACIO,TABACONAS,TABACONAS
200604,PIURA,SULLANA,LANCONES,ALAMOR
200406,PIURA,MORROPON,SALITRAL,MALACASI
010403,AMAZONAS,CONDORCANQUI,RIO SANTIAGO,VILLA GONZALO
240201,TUMBES,CONTRALMIRANTE VILLAR,ZORRITOS,ZORRITOS
240201,TUMBES,CONTRALMIRANTE VILLAR,ZORRITOS,CALETA GRAU
240101,TUMBES,TUMBES,TUMBES,AA.HH. ANDRES AVELINO CACERES
240102,TUMBES,TUMBES,CORRALES,SAN ISIDRO
240105,TUMBES,TUMBES,SAN JACINTO,OIDOR
240105,TUMBES,TUMBES,SAN JACINTO,CASA BLANQUEADA
240104,TUMBES,TUMBES,PAMPAS DE HOSPITAL,SANTA MARIA
050408,AYACUCHO,HUANTA,LLOCHEGUA,NUEVA ESPERANZA ALTA
220401,SAN MARTIN,HUALLAGA,SAPOSOA,EL DORADO
200705,PIURA,TALARA,LOS ORGANOS,LOS ORGANOS
240203,TUMBES,CONTRALMIRANTE VILLAR,CANOAS DE PUNTA SAL,PLATERITOS
240104,TUMBES,TUMBES,PAMPAS DE HOSPITAL,PEÑA BLANCA
240102,TUMBES,TUMBES,CORRALES,MIRAMAR
240101,TUMBES,TUMBES,TUMBES,URB JOSE LISHNER TUDELA
050501,AYACUCHO,LA MAR,SAN MIGUEL,HUASCAPATA
240202,TUMBES,CONTRALMIRANTE VILLAR,CASITAS,TACNA LIBRE
240104,TUMBES,TUMBES,PAMPAS DE HOSPITAL,CABUYAL
060603,CAJAMARCA,CUTERVO,CHOROS,EL ROLLO
190304,PASCO,OXAPAMPA,PALCAZU,SAN CRISTOBAL
050203,AYACUCHO,CANGALLO,LOS MOROCHUCOS,PAMPA CANGALLO
050203,AYACUCHO,CANGALLO,LOS MOROCHUCOS,CHUCCOPAMPA
010401,AMAZONAS,CONDORCANQUI,NIEVA,KIGKIS
010401,AMAZONAS,CONDORCANQUI,NIEVA,NAJAGKUS
030107,APURIMAC,ABANCAY,PICHIRHUA,AUQUIBAMBA
120604,JUNIN,SATIPO,MAZAMARI,VILLA PROGRESO
120303,JUNIN,CHANCHAMAYO,PICHANAQUI,ANDRES AVELINO CACERES
200111,PIURA,PIURA,LAS LOMAS,LAS LOMAS
010206,AMAZONAS,BAGUA,LA PECA,LA PECA
010205,AMAZONAS,BAGUA,IMAZA,WAJUYAK
170103,MADRE DE DIOS,TAMBOPATA,LAS PIEDRAS,SUDADERO
180101,MOQUEGUA,MARISCAL NIETO,MOQUEGUA,MOQUEGUA
170204,MADRE DE DIOS,MANU,HUEPETUHE,CAYCHIHUE
150201,LIMA,BARRANCA,BARRANCA,LOS ARENALES
150806,LIMA,HUAURA,HUAURA,HUMAYA
250105,UCAYALI,CORONEL PORTILLO,YARINACOCHA,PUEBLO LIBRE
010609,AMAZONAS,RODRIGUEZ DE MENDOZA,OMIA,OMIA
130401,LA LIBERTAD,CHEPEN,CHEPEN,CHEPEN
080906,CUSCO,LA CONVENCION,QUELLOUNO,PUENTE SANTIAGO
240101,TUMBES,TUMBES,TUMBES,EL PACIFICO
240105,TUMBES,TUMBES,SAN JACINTO,LA CAPITANA
240101,TUMBES,TUMBES,TUMBES,CIUDADELA NOE
240101,TUMBES,TUMBES,TUMBES,AA.HH. VIRGEN DEL CISNE
240105,TUMBES,TUMBES,SAN JACINTO,SAN JACINTO
240101,TUMBES,TUMBES,TUMBES,AA.HH. MIGUEL GRAU
240101,TUMBES,TUMBES,TUMBES,MAFALDA LAMA
240202,TUMBES,CONTRALMIRANTE VILLAR,CASITAS,LA CHOZA
240101,TUMBES,TUMBES,TUMBES,URB. SANTO DOMINGO
240105,TUMBES,TUMBES,SAN JACINTO,FRANCOS
240104,TUMBES,TUMBES,PAMPAS DE HOSPITAL,CABEZA DE LAGARTO
100601,HUANUCO,LEONCIO PRADO,RUPA-RUPA,CASTILLO CHICO
010113,AMAZONAS,CHACHAPOYAS,MARISCAL CASTILLA,TACTA
120301,JUNIN,CHANCHAMAYO,CHANCHAMAYO,LA MERCED
160103,LORETO,MAYNAS,FERNANDO LORES,PANGUANA I ZONA
160113,LORETO,MAYNAS,SAN JUAN BAUTISTA,NINA RUMI
160403,LORETO,MARISCAL RAMON CASTILLA,YAVARI,POBRE ALEGRE
160101,LORETO,MAYNAS,IQUITOS,ANGEL BRUSCO 779
160201,LORETO,ALTO AMAZONAS,YURIMAGUAS,QUINAYOC
160201,LORETO,ALTO AMAZONAS,YURIMAGUAS,ZAPATOYACU
160201,LORETO,ALTO AMAZONAS,YURIMAGUAS,JEBERILLOS
160301,LORETO,LORETO,NAUTA,VILLA CONAAN
160202,LORETO,ALTO AMAZONAS,BALSAPUERTO,NUEVA ARICA
160103,LORETO,MAYNAS,FERNANDO LORES,AUCAYO
160101,LORETO,MAYNAS,IQUITOS,AV. GUARDIA CIVIL
160305,LORETO,LORETO,URARINAS,SANTA ROSA DE SIAMBA
160304,LORETO,LORETO,TROMPETEROS,VILLA TROMPETEROS
160104,LORETO,MAYNAS,INDIANA,TIMICURILLO I - ZONA
160113,LORETO,MAYNAS,SAN JUAN BAUTISTA,PEÑA NEGRA
160108,LORETO,MAYNAS,PUNCHANA,SANTA ROSA
160103,LORETO,MAYNAS,FERNANDO LORES,NUEVO HORIZONTE
160113,LORETO,MAYNAS,SAN JUAN BAUTISTA,PUERTO ALMENDRA
160107,LORETO,MAYNAS,NAPO,NUEVA LIBERTAD
160301,LORETO,LORETO,NAUTA,FIRMEZA
160305,LORETO,LORETO,URARINAS,JUAN VELASCO ALVARADO
160301,LORETO,LORETO,NAUTA,ALIANZA
160402,LORETO,MARISCAL RAMON CASTILLA,PEBAS,NUEVO PEBAS
160201,LORETO,ALTO AMAZONAS,YURIMAGUAS,SAN JUAN DE PAMPLONA
160113,LORETO,MAYNAS,SAN JUAN BAUTISTA,SANTA ROSA
160704,LORETO,DATEM DEL MARAÏ¿½ON,MORONA,PUERTO ALEGRIA
160210,LORETO,ALTO AMAZONAS,SANTA CRUZ,UNION ULLPACAÃO
160201,LORETO,ALTO AMAZONAS,YURIMAGUAS,SAN FRANCISCO DE PAMPAYACU
160701,LORETO,DATEM DEL MARAÏ¿½ON,BARRANCA,COPAL
160210,LORETO,ALTO AMAZONAS,SANTA CRUZ,SANTA GEMA DE YANAYAQUILLO
220503,SAN MARTIN,LAMAS,BARRANQUITA,NUEVO ICA
160201,LORETO,ALTO AMAZONAS,YURIMAGUAS,NUEVO SAN MARTIN HUALLAGA
150105,LIMA,LIMA,BREÏ¿½A,BRE-A
150140,LIMA,LIMA,SANTIAGO DE SURCO,SANTIAGO DE SURCO
022001,ANCASH,YUNGAY,YUNGAY,YUNGAY
021203,ANCASH,HUAYLAS,HUATA,RANCA
060802,CAJAMARCA,JAEN,BELLAVISTA,SANTA CRUZ I
060803,CAJAMARCA,JAEN,CHONTALI,ALTO PERU
060904,CAJAMARCA,SAN IGNACIO,LA COIPA,BUENOS AIRES
170103,MADRE DE DIOS,TAMBOPATA,LAS PIEDRAS,PARIAMARCA
160113,LORETO,MAYNAS,SAN JUAN BAUTISTA,CAHUIDE
220510,SAN MARTIN,LAMAS,TABALOSOS,PANJUY
170101,MADRE DE DIOS,TAMBOPATA,TAMBOPATA,LA TORRE
170203,MADRE DE DIOS,MANU,MADRE DE DIOS,BAJO PUKIRI-DELTA 1
170103,MADRE DE DIOS,TAMBOPATA,LAS PIEDRAS,PLANCHON
170104,MADRE DE DIOS,TAMBOPATA,LABERINTO,LA MERCED
220803,SAN MARTIN,RIOJA,ELIAS SOPLIN VARGAS,SEGUNDA JERUSALEN-AZUNGUILLO
220401,SAN MARTIN,HUALLAGA,SAPOSOA,ALTO PACHIZA
220203,SAN MARTIN,BELLAVISTA,BAJO BIAVO,NUEVO LIMA
220304,SAN MARTIN,EL DORADO,SANTA ROSA,SANTA MARTHA
220504,SAN MARTIN,LAMAS,CAYNARACHI,PONGO DE CAYNARACHI
050408,AYACUCHO,HUANTA,LLOCHEGUA,NUEVA ESPERANZA BAJA
010403,AMAZONAS,CONDORCANQUI,RIO SANTIAGO,RIO SANTIAGO
190306,PASCO,OXAPAMPA,PUERTO BERMUDEZ,PUERTO BERMUDEZ
150114,LIMA,LIMA,LA MOLINA,LA MOLINA
050408,AYACUCHO,HUANTA,LLOCHEGUA,JUNIN PROGRESO
150109,LIMA,LIMA,CIENEGUILLA,CIENEGUILLA
150108,LIMA,LIMA,CHORRILLOS,CHORRILLOS
021006,ANCASH,HUARI,HUACCHIS,LLANQUEJ
160102,LORETO,MAYNAS,ALTO NANAY,SANTA ANA
100605,HUANUCO,LEONCIO PRADO,LUYANDO,LUYANDO
021601,ANCASH,POMABAMBA,POMABAMBA,HUAYCHO
050408,AYACUCHO,HUANTA,LLOCHEGUA,VILLA VIRGEN BAJA
021802,ANCASH,SANTA,CACERES DEL PERU,HUASHCAYAN
170102,MADRE DE DIOS,TAMBOPATA,INAMBARI,MALINOWSKY
140307,LAMBAYEQUE,LAMBAYEQUE,MOTUPE,ESCUSA BARAJAS
140307,LAMBAYEQUE,LAMBAYEQUE,MOTUPE,SAN JOSE
220902,SAN MARTIN,SAN MARTIN,ALBERTO LEVEAU,UTCURARCA
160305,LORETO,LORETO,URARINAS,SAN ANTONIO
160701,LORETO,DATEM DEL MARAÏ¿½ON,BARRANCA,SAPOSOA
170103,MADRE DE DIOS,TAMBOPATA,LAS PIEDRAS,CACHUELA OVIEDO
120302,JUNIN,CHANCHAMAYO,PERENE,LA FLORIDA
120606,JUNIN,SATIPO,PANGOA,ALTO ANAPATI
080902,CUSCO,LA CONVENCION,ECHARATE,ALTO KITENI
250106,UCAYALI,CORONEL PORTILLO,NUEVA REQUENA,TRES ISLAS
160603,LORETO,UCAYALI,PADRE MARQUEZ,PADRE MARQUEZ
250202,UCAYALI,ATALAYA,SEPAHUA,PARAISO
190301,PASCO,OXAPAMPA,OXAPAMPA,OXAPAMPA
250105,UCAYALI,CORONEL PORTILLO,YARINACOCHA,LEONCIO PRADO
100902,HUANUCO,PUERTO INCA,CODO DEL POZUZO,ISLERIA (ISLERIA POZUZO)
010403,AMAZONAS,CONDORCANQUI,RIO SANTIAGO,SOLEDAD
050501,AYACUCHO,LA MAR,SAN MIGUEL,ESTERA
050507,AYACUCHO,LA MAR,SANTA ROSA,CCAHUASANA
050502,AYACUCHO,LA MAR,ANCO,PUERTO ASUNCION (ANCHIHUAY SELVA)
050501,AYACUCHO,LA MAR,SAN MIGUEL,CHOROBAMBA
120608,JUNIN,SATIPO,RIO TAMBO,QUEMPIRI
080907,CUSCO,LA CONVENCION,KIMBIRI,CIRUMPIARI (HIRUMPIARI)
060809,CAJAMARCA,JAEN,SALLIQUE,SALLIQUE
120601,JUNIN,SATIPO,SATIPO,AGRUPACION YUPANQUI
160102,LORETO,MAYNAS,ALTO NANAY,ALBARENGA
120501,JUNIN,JUNIN,JUNIN,JUNIN
060902,CAJAMARCA,SAN IGNACIO,CHIRINOS,CHIRINOS
061109,CAJAMARCA,SAN MIGUEL,NIEPOS,NIEPOS
010521,AMAZONAS,LUYA,SANTO TOMAS,SANTO TOMAS
160301,LORETO,LORETO,NAUTA,IQUITOS QUEBRADA
150112,LIMA,LIMA,INDEPENDENCIA,INDEPENDENCIA
010205,AMAZONAS,BAGUA,IMAZA,IMAZA
100601,HUANUCO,LEONCIO PRADO,RUPA-RUPA,RUPA-RUPA
130402,LA LIBERTAD,CHEPEN,PACANGA,PACANGA
020801,ANCASH,CASMA,CASMA,CASMA
150143,LIMA,LIMA,VILLA MARIA DEL TRIUNFO,VILLA MARIA DEL TRIUNFO
140112,LAMBAYEQUE,CHICLAYO,PIMENTEL,PIMENTEL
170203,MADRE DE DIOS,MANU,MADRE DE DIOS,MADRE DE DIOS
150603,LIMA,HUARAL,ATAVILLOS BAJO,LA PERLA
160112,LORETO,MAYNAS,BELEN,SACHACHORRO
160101,LORETO,MAYNAS,IQUITOS,FERNANDO BELAUNDE
160101,LORETO,MAYNAS,IQUITOS,C. IQUITOS
160113,LORETO,MAYNAS,SAN JUAN BAUTISTA,TERMINAL AEROPUERTO
160301,LORETO,LORETO,NAUTA,YARINA
160112,LORETO,MAYNAS,BELEN,ISLA AMAZONAS
160113,LORETO,MAYNAS,SAN JUAN BAUTISTA,QUEBRADA SALINAS
160113,LORETO,MAYNAS,SAN JUAN BAUTISTA,HUATURI
160113,LORETO,MAYNAS,SAN JUAN BAUTISTA,COMITE PRIMAVERA
160113,LORETO,MAYNAS,SAN JUAN BAUTISTA,AMERICA
160301,LORETO,LORETO,NAUTA,SAN JOAQUIN DE OMAGUAS
160112,LORETO,MAYNAS,BELEN,BALMES FLORES
160113,LORETO,MAYNAS,SAN JUAN BAUTISTA,12 OCTUBRE
160112,LORETO,MAYNAS,BELEN,JOSE GALVEZ
160113,LORETO,MAYNAS,SAN JUAN BAUTISTA,3 DE FEBRERO
160102,LORETO,MAYNAS,ALTO NANAY,NUEVO PORVENIR
160112,LORETO,MAYNAS,BELEN,CASERIO 28 DE JULIO
160112,LORETO,MAYNAS,BELEN,CENTRO MAZANA II ZONA
160113,LORETO,MAYNAS,SAN JUAN BAUTISTA,KM.15 CARRETERA IQUITOS-NAUTA
160113,LORETO,MAYNAS,SAN JUAN BAUTISTA,SANTA BARBARA
160108,LORETO,MAYNAS,PUNCHANA,ALMIRANTE MIGUEL GRAU
160112,LORETO,MAYNAS,BELEN,PADRE ISLA I ZONA
160101,LORETO,MAYNAS,IQUITOS,SAN PABLO DE CUYAMA
160108,LORETO,MAYNAS,PUNCHANA,UNION FAMILIAR
160504,LORETO,REQUENA,EMILIO SAN MARTIN,ZAPATILLA I ZONA
160102,LORETO,MAYNAS,ALTO NANAY,DIAMANTE AZUL
160113,LORETO,MAYNAS,SAN JUAN BAUTISTA,SIMON BOLIVAR
160101,LORETO,MAYNAS,IQUITOS,CALLE CONDAMINE
160113,LORETO,MAYNAS,SAN JUAN BAUTISTA,LAS CASTAÑAS
160101,LORETO,MAYNAS,IQUITOS,CALLE SOLEDAD
160113,LORETO,MAYNAS,SAN JUAN BAUTISTA,LOS CLAVELES
160113,LORETO,MAYNAS,SAN JUAN BAUTISTA,AV. NANAY SANTA CLARA
160703,LORETO,DATEM DEL MARAÏ¿½ON,MANSERICHE,SAN LORENZO
160113,LORETO,MAYNAS,SAN JUAN BAUTISTA,ESPERANZA
160211,LORETO,ALTO AMAZONAS,TENIENTE CESAR LOPEZ ROJAS,JORGE CHAVEZ
160304,LORETO,LORETO,TROMPETEROS,SAUKI
160304,LORETO,LORETO,TROMPETEROS,PAMPA HERMOSA
160305,LORETO,LORETO,URARINAS,SANTA ROSA DE AIRICO
160107,LORETO,MAYNAS,NAPO,SAN RAFAEL
160402,LORETO,MARISCAL RAMON CASTILLA,PEBAS,SAN FRANCISCO
160113,LORETO,MAYNAS,SAN JUAN BAUTISTA,PALMERAS
160101,LORETO,MAYNAS,IQUITOS,PSJE. GARISHO
160113,LORETO,MAYNAS,SAN JUAN BAUTISTA,ORQUIDEAS
160101,LORETO,MAYNAS,IQUITOS,PRLG. CALVO DE ARAUJO
160101,LORETO,MAYNAS,IQUITOS,PROGRESO
160107,LORETO,MAYNAS,NAPO,ANGOTEROS
200114,PIURA,PIURA,TAMBO GRANDE,LA PALA
220604,SAN MARTIN,MARISCAL CACERES,PACHIZA,BAGAZAN
221001,SAN MARTIN,TOCACHE,TOCACHE,TOCACHE VIEJO
220704,SAN MARTIN,PICOTA,PILLUANA,MISHQUIYACU
220503,SAN MARTIN,LAMAS,BARRANQUITA,SANGAMAYOC
220602,SAN MARTIN,MARISCAL CACERES,CAMPANILLA,SHUMANZA
220603,SAN MARTIN,MARISCAL CACERES,HUICUNGO,MIRAFLORES
220203,SAN MARTIN,BELLAVISTA,BAJO BIAVO,NUEVO PROGRESO
220507,SAN MARTIN,LAMAS,RUMISAPA,CHURUZAPA
220914,SAN MARTIN,SAN MARTIN,SHAPAJA,SHAPAJA
220909,SAN MARTIN,SAN MARTIN,LA BANDA DE SHILCAYO,SAN JOSE
220603,SAN MARTIN,MARISCAL CACERES,HUICUNGO,MOJARAS
220913,SAN MARTIN,SAN MARTIN,SAUCE,2 DE MAYO
220105,SAN MARTIN,MOYOBAMBA,SORITOR,SORITOR
220507,SAN MARTIN,LAMAS,RUMISAPA,MAJAMBAL
240303,TUMBES,ZARUMILLA,MATAPALO,QUEBRADA SECA
240302,TUMBES,ZARUMILLA,AGUAS VERDES,LOMA SAAVEDRA
240104,TUMBES,TUMBES,PAMPAS DE HOSPITAL,CRUZ BLANCA
240304,TUMBES,ZARUMILLA,PAPAYAL,PUEBLO NUEVO
240101,TUMBES,TUMBES,TUMBES,PUERTO EL CURA
240201,TUMBES,CONTRALMIRANTE VILLAR,ZORRITOS,ACAPULCO
250102,UCAYALI,CORONEL PORTILLO,CAMPOVERDE,SANTA ELVITA
130807,LA LIBERTAD,PATAZ,ONGON,ONGON
130901,LA LIBERTAD,SANCHEZ CARRION,HUAMACHUCO,HUAMACHUCO
130109,LA LIBERTAD,TRUJILLO,SALAVERRY,SALAVERRY
130106,LA LIBERTAD,TRUJILLO,LAREDO,LAREDO
120601,JUNIN,SATIPO,SATIPO,SAN JOSE LA FLORIDA
150133,LIMA,LIMA,SAN JUAN DE MIRAFLORES,SAN JUAN DE MIRAFLORES (CIUDAD DE DIOS)
050507,AYACUCHO,LA MAR,SANTA ROSA,COMUMPIARI
160101,LORETO,MAYNAS,IQUITOS,JORGE CHAVEZ
150602,LIMA,HUARAL,ATAVILLOS ALTO,SAN PEDRO DE HUAROQUIN (HUAROQUIN)
140303,LAMBAYEQUE,LAMBAYEQUE,ILLIMO,ILLIMO
050407,AYACUCHO,HUANTA,SIVIA,GLORIA PATA
050508,AYACUCHO,LA MAR,TAMBO,TAMBO
150137,LIMA,LIMA,SANTA ANITA,COOPERATIVA ANDAHUAYLAS
200104,PIURA,PIURA,CASTILLA,A.H. CAMPO POLO
160704,LORETO,DATEM DEL MARAÏ¿½ON,MORONA,PUERTO LIBRE
160113,LORETO,MAYNAS,SAN JUAN BAUTISTA,KM.34 CARRETERA IQUITOS - NAUTA
170101,MADRE DE DIOS,TAMBOPATA,TAMBOPATA,EL PILAR
200114,PIURA,PIURA,TAMBO GRANDE,HUALTACO II
160101,LORETO,MAYNAS,IQUITOS,LIBERTAD
220913,SAN MARTIN,SAN MARTIN,SAUCE,CASHOPAMPA
160112,LORETO,MAYNAS,BELEN,SAN CARLOS
160108,LORETO,MAYNAS,PUNCHANA,CALLE JOSE OLAYA
160211,LORETO,ALTO AMAZONAS,TENIENTE CESAR LOPEZ ROJAS,NUEVO CANAAN
130908,LA LIBERTAD,SANCHEZ CARRION,SARTIMBAMBA,SARTIMBAMBA
220504,SAN MARTIN,LAMAS,CAYNARACHI,YUMBATOS
160505,LORETO,REQUENA,MAQUIA,SAN ROQUE
220709,SAN MARTIN,PICOTA,TINGO DE PONASA,PUCUSHCAYACU
200114,PIURA,PIURA,TAMBO GRANDE,PEDREGAL BAJO
220913,SAN MARTIN,SAN MARTIN,SAUCE,INTUTUICO
160113,LORETO,MAYNAS,SAN JUAN BAUTISTA,KM.55 CARRETERA IQUITOS - NAUTA
160202,LORETO,ALTO AMAZONAS,BALSAPUERTO,LIBERTAD
220707,SAN MARTIN,PICOTA,SAN HILARION,NUEVA ESPERANZA
060601,CAJAMARCA,CUTERVO,CUTERVO,CUTERVO
250107,UCAYALI,CORONEL PORTILLO,MANANTAY,NUEVO SAN JUAN
021808,ANCASH,SANTA,SANTA,SAN CARLOS
160102,LORETO,MAYNAS,ALTO NANAY,YARINAS
160201,LORETO,ALTO AMAZONAS,YURIMAGUAS,PALMERAS DE SAN ROQUE
160112,LORETO,MAYNAS,BELEN,15 DE NOVIEMBRE
160107,LORETO,MAYNAS,NAPO,BOCA DEL CURARAY
100104,HUANUCO,HUANUCO,CHURUBAMBA,CHURUBAMBA
190107,PASCO,PASCO,PAUCARTAMBO,AGUASCANCHA
160112,LORETO,MAYNAS,BELEN,PUERTO ALEGRIA I ZONA
160101,LORETO,MAYNAS,IQUITOS,AYACUCHO
220604,SAN MARTIN,MARISCAL CACERES,PACHIZA,SAN RAMON
160108,LORETO,MAYNAS,PUNCHANA,PUNTO ALEGRE
160201,LORETO,ALTO AMAZONAS,YURIMAGUAS,ACHUAL LIMON
160201,LORETO,ALTO AMAZONAS,YURIMAGUAS,SAN MIGUEL
220104,SAN MARTIN,MOYOBAMBA,JEPELACIO,SHUCSHUYACU
160201,LORETO,ALTO AMAZONAS,YURIMAGUAS,SUNIPLAYA
160502,LORETO,REQUENA,ALTO TAPICHE,SANTA ELENA
060805,CAJAMARCA,JAEN,HUABAL,HUABAL
160112,LORETO,MAYNAS,BELEN,8 DICIEMBRE
160107,LORETO,MAYNAS,NAPO,BUENA VISTA
160108,LORETO,MAYNAS,PUNCHANA,SAN ANDRES
250105,UCAYALI,CORONEL PORTILLO,YARINACOCHA,CENTRO AMERICA
140305,LAMBAYEQUE,LAMBAYEQUE,MOCHUMI,MOCHUMI
170101,MADRE DE DIOS,TAMBOPATA,TAMBOPATA,CENTRO PASTORA
160113,LORETO,MAYNAS,SAN JUAN BAUTISTA,9 ABRIL
160103,LORETO,MAYNAS,FERNANDO LORES,8 DE SETIEMBRE
160113,LORETO,MAYNAS,SAN JUAN BAUTISTA,CIUDAD JARDIN
160201,LORETO,ALTO AMAZONAS,YURIMAGUAS,BOLOGNESI
160113,LORETO,MAYNAS,SAN JUAN BAUTISTA,KM. 22 CARRETERA IQUITOS-NAUTA
080910,CUSCO,LA CONVENCION,PICHARI,NUEVA AGRUPACION ASHANINKA
160113,LORETO,MAYNAS,SAN JUAN BAUTISTA,KM.05 CARRETERA IQUITOS-NAUTA
160505,LORETO,REQUENA,MAQUIA,TALARA
160113,LORETO,MAYNAS,SAN JUAN BAUTISTA,LOS LIRIOS
160106,LORETO,MAYNAS,MAZAN,28 DE OCTUBRE
160102,LORETO,MAYNAS,ALTO NANAY,SANTA MARIA DE NANAY
170103,MADRE DE DIOS,TAMBOPATA,LAS PIEDRAS,GAMITANA
080910,CUSCO,LA CONVENCION,PICHARI,NUEVA ESPERANZA
250101,UCAYALI,CORONEL PORTILLO,CALLERIA,EXITO
160113,LORETO,MAYNAS,SAN JUAN BAUTISTA,CLAVELES
160113,LORETO,MAYNAS,SAN JUAN BAUTISTA,PORVENIR
160108,LORETO,MAYNAS,PUNCHANA,CALLE CAHUIDE
170102,MADRE DE DIOS,TAMBOPATA,INAMBARI,SANTA RITA BAJA
160112,LORETO,MAYNAS,BELEN,CALLE 7 #
220601,SAN MARTIN,MARISCAL CACERES,JUANJUI,HUAYABAMBA
220202,SAN MARTIN,BELLAVISTA,ALTO BIAVO,JOSE OLAYA
200307,PIURA,HUANCABAMBA,SONDOR,CASHACOTO
160201,LORETO,ALTO AMAZONAS,YURIMAGUAS,SAN ANTONIO DE SANIYACO
160104,LORETO,MAYNAS,INDIANA,VILLA ESTHER
160113,LORETO,MAYNAS,SAN JUAN BAUTISTA,LOS CEDROS
160113,LORETO,MAYNAS,SAN JUAN BAUTISTA,BAMBU
160108,LORETO,MAYNAS,PUNCHANA,NANAY
150611,LIMA,HUARAL,SUMBILCA,PISCOCOTO
120305,JUNIN,CHANCHAMAYO,SAN RAMON,ARIAS DAVILA
160304,LORETO,LORETO,TROMPETEROS,SANTA ROSA
160101,LORETO,MAYNAS,IQUITOS,NAVARRO CAUPER
160113,LORETO,MAYNAS,SAN JUAN BAUTISTA,HEROES DEL CENEPA
170103,MADRE DE DIOS,TAMBOPATA,LAS PIEDRAS,LORETO
160107,LORETO,MAYNAS,NAPO,VISTA ALEGRE
160106,LORETO,MAYNAS,MAZAN,SANTA MARTHA
250101,UCAYALI,CORONEL PORTILLO,CALLERIA,JORGE CHAVEZ
120501,JUNIN,JUNIN,JUNIN,CASACOTO
120501,JUNIN,JUNIN,JUNIN,PICUICANCHA
160305,LORETO,LORETO,URARINAS,BUFEO
160113,LORETO,MAYNAS,SAN JUAN BAUTISTA,VICTORIA REGIA
160108,LORETO,MAYNAS,PUNCHANA,MOMON
160201,LORETO,ALTO AMAZONAS,YURIMAGUAS,SAN JUAN DE PUMAYACU
200114,PIURA,PIURA,TAMBO GRANDE,HUAYNA CAPAC
160113,LORETO,MAYNAS,SAN JUAN BAUTISTA,KM. 32 CARRETERA IQUITOS-NAUTA
150126,LIMA,LIMA,PUNTA HERMOSA,PUNTA HERMOSA
160211,LORETO,ALTO AMAZONAS,TENIENTE CESAR LOPEZ ROJAS,LAGO CUIPARI
170101,MADRE DE DIOS,TAMBOPATA,TAMBOPATA,CONDENADO
220709,SAN MARTIN,PICOTA,TINGO DE PONASA,NUEVA AMERICA
160113,LORETO,MAYNAS,SAN JUAN BAUTISTA,AZUCENAS
160201,LORETO,ALTO AMAZONAS,YURIMAGUAS,LOS TIGRES
021502,ANCASH,PALLASCA,BOLOGNESI,BOLOGNESI
160112,LORETO,MAYNAS,BELEN,CANTA GALLO
160304,LORETO,LORETO,TROMPETEROS,PROVIDENCIA
160202,LORETO,ALTO AMAZONAS,BALSAPUERTO,NUEVA ESPERANZA
220101,SAN MARTIN,MOYOBAMBA,MOYOBAMBA,MOYABAMBA
170104,MADRE DE DIOS,TAMBOPATA,LABERINTO,TUMI
220708,SAN MARTIN,PICOTA,SHAMBOYACU,SHAMBOYACU
160113,LORETO,MAYNAS,SAN JUAN BAUTISTA,ZONA CENTRO EX PETROLERO
080402,CUSCO,CALCA,COYA,SIHUA
030204,APURIMAC,ANDAHUAYLAS,HUANCARAMA,HUANCARAMA
080902,CUSCO,LA CONVENCION,ECHARATE,CAMISEA
080902,CUSCO,LA CONVENCION,ECHARATE,NUEVA CALIFORNIA
160107,LORETO,MAYNAS,NAPO,RUMI TUNI
050401,AYACUCHO,HUANTA,HUANTA,ESPINCUY
120301,JUNIN,CHANCHAMAYO,CHANCHAMAYO,CAPELO
170102,MADRE DE DIOS,TAMBOPATA,INAMBARI,INAMBARI
170201,MADRE DE DIOS,MANU,MANU,ITAHUANIA
170301,MADRE DE DIOS,TAHUAMANU,IÏ¿½APARI,IÏ¿½APARI
120801,JUNIN,YAULI,LA OROYA,LA OROYA
140117,LAMBAYEQUE,CHICLAYO,PATAPO,POSOPE ALTO
060804,CAJAMARCA,JAEN,COLASAY,CHUNCHUCA
150115,LIMA,LIMA,LA VICTORIA,CERRO EL PINO
160706,LORETO,DATEM DEL MARAÏ¿½ON,ANDOAS,LOS JARDINES
240101,TUMBES,TUMBES,TUMBES,URB. ANDRES ARAUJO MORAN
140120,LAMBAYEQUE,CHICLAYO,TUMAN,TUMAN
050601,AYACUCHO,LUCANAS,PUQUIO,PUQUIO
150801,LIMA,HUAURA,HUACHO,SECTOR III
170102,MADRE DE DIOS,TAMBOPATA,INAMBARI,LA PAMPA
170303,MADRE DE DIOS,TAHUAMANU,TAHUAMANU,SAN LORENZO
050114,AYACUCHO,HUAMANGA,VINCHOS,AJOCCASA
120302,JUNIN,CHANCHAMAYO,PERENE,LA LIBERTAD TOTERANI (LA LIBERTAD)
060802,CAJAMARCA,JAEN,BELLAVISTA,BELLAVISTA
080906,CUSCO,LA CONVENCION,QUELLOUNO,CHIRUMBIA
060802,CAJAMARCA,JAEN,BELLAVISTA,LA FLORESTA
140205,LAMBAYEQUE,FERREÏ¿½AFE,PITIPO,TAMBO REAL
160112,LORETO,MAYNAS,BELEN,SAN ANTONIO
160110,LORETO,MAYNAS,TORRES CAUSANA,PUERTO ELVIRA
160112,LORETO,MAYNAS,BELEN,PSJ. SAN FRANCISCO
160113,LORETO,MAYNAS,SAN JUAN BAUTISTA,CORRIENTILLO
220402,SAN MARTIN,HUALLAGA,ALTO SAPOSOA,PASARRAYA
030604,APURIMAC,CHINCHEROS,HUACCANA,AGUAIRO
050502,AYACUCHO,LA MAR,ANCO,ANCHIHUAY SIERRA (ANCHIGUAY)
221001,SAN MARTIN,TOCACHE,TOCACHE,TOCACHE
160112,LORETO,MAYNAS,BELEN,SANTA ROSA
130104,LA LIBERTAD,TRUJILLO,HUANCHACO,HUANCHACO
170202,MADRE DE DIOS,MANU,FITZCARRALD,YOMIBATO
170103,MADRE DE DIOS,TAMBOPATA,LAS PIEDRAS,FRAY MARTIN
160113,LORETO,MAYNAS,SAN JUAN BAUTISTA,KM.04 CARRETERA IQUITOS-NAUTA
150116,LIMA,LIMA,LINCE,LINCE
010205,AMAZONAS,BAGUA,IMAZA,CHIRIACO
050507,AYACUCHO,LA MAR,SANTA ROSA,ANTECCASA
060802,CAJAMARCA,JAEN,BELLAVISTA,SHUMBA BAJO
060802,CAJAMARCA,JAEN,BELLAVISTA,CANANA
080910,CUSCO,LA CONVENCION,PICHARI,PICHARI ALTO
050407,AYACUCHO,HUANTA,SIVIA,MATUCANA
060808,CAJAMARCA,JAEN,PUCARA,PUCARA
050110,AYACUCHO,HUAMANGA,SAN JUAN BAUTISTA,LOS OLIVOS
250303,UCAYALI,PADRE ABAD,CURIMANA,LAS MALVINAS
080907,CUSCO,LA CONVENCION,KIMBIRI,KIMBIRI ALTA (ROCA)
170101,MADRE DE DIOS,TAMBOPATA,TAMBOPATA,ROMPEOLAS
050106,AYACUCHO,HUAMANGA,OCROS,OCROS
060905,CAJAMARCA,SAN IGNACIO,NAMBALLE,NAMBALLE
050407,AYACUCHO,HUANTA,SIVIA,CHUVIVANA
160112,LORETO,MAYNAS,BELEN,BELEN DE JUDA
160112,LORETO,MAYNAS,BELEN,CASERIO FATIMA
050503,AYACUCHO,LA MAR,AYNA,AHUARUCHAYOCC
050202,AYACUCHO,CANGALLO,CHUSCHI,CHUSCHI
120608,JUNIN,SATIPO,RIO TAMBO,QUIMAROPITARI
050406,AYACUCHO,HUANTA,SANTILLANA,SAN JOSE DE SECCE
050509,AYACUCHO,LA MAR,SAMUGARI,CANAL
250201,UCAYALI,ATALAYA,RAIMONDI,BELLO HORIZONTE
170104,MADRE DE DIOS,TAMBOPATA,LABERINTO,SAN JUAN
050407,AYACUCHO,HUANTA,SIVIA,RETIRO
100604,HUANUCO,LEONCIO PRADO,JOSE CRESPO Y CASTILLO,LOS MILAGROS
221002,SAN MARTIN,TOCACHE,NUEVO PROGRESO,SANTA CRUZ
110505,ICA,PISCO,PARACAS,SANTA CRUZ
120607,JUNIN,SATIPO,RIO NEGRO,ALTO PITOCUNA
120601,JUNIN,SATIPO,SATIPO,CANAAN DEL NORTE
120601,JUNIN,SATIPO,SATIPO,RIO VENADO
250101,UCAYALI,CORONEL PORTILLO,CALLERIA,PATRIA NUEVA DE CALLERIA
170103,MADRE DE DIOS,TAMBOPATA,LAS PIEDRAS,SANTA TERESA
130908,LA LIBERTAD,SANCHEZ CARRION,SARTIMBAMBA,HUANGALEQUITO
060802,CAJAMARCA,JAEN,BELLAVISTA,SAN AGUSTIN
120903,JUNIN,CHUPACA,CHONGOS BAJO,CHONGOS BAJO
080903,CUSCO,LA CONVENCION,HUAYOPATA,IPALPIRHUA
090707,HUANCAVELICA,TAYACAJA,HUACHOCOLPA,HUACHOCOLPA
130906,LA LIBERTAD,SANCHEZ CARRION,SANAGORAN,AGUA BLANCA
060614,CAJAMARCA,CUTERVO,SOCOTA,SOCOTA
100509,HUANUCO,HUAMALIES,PUÏ¿½OS,PUÏ¿½OS
100102,HUANUCO,HUANUCO,AMARILIS,PAUCARBAMBA
150502,LIMA,CAÏ¿½ETE,ASIA,ASIA
220802,SAN MARTIN,RIOJA,AWAJUN,BAJO NARANJILLO (COMUNIDAD)
220912,SAN MARTIN,SAN MARTIN,SAN ANTONIO,SAN ANTONIO
220909,SAN MARTIN,SAN MARTIN,LA BANDA DE SHILCAYO,PROGRESO
060802,CAJAMARCA,JAEN,BELLAVISTA,AMBATO TAMBORAPA
060801,CAJAMARCA,JAEN,JAEN,MORRO SOLAR
050502,AYACUCHO,LA MAR,ANCO,ISOCCASA
220506,SAN MARTIN,LAMAS,PINTO RECODO,PINTO RECODO
220604,SAN MARTIN,MARISCAL CACERES,PACHIZA,PACHIZA
051104,AYACUCHO,VILCAS HUAMAN,CONCEPCION,HUARACAYOCC
080910,CUSCO,LA CONVENCION,PICHARI,OMAYA
100111,HUANUCO,HUANUCO,PILLCO MARCA,POTRACANCHA
200806,PIURA,SECHURA,RINCONADA-LLICUAR,RINCONADA LLICUAZ (DOS PUEBLOS)
200801,PIURA,SECHURA,SECHURA,SECHURA
160401,LORETO,MARISCAL RAMON CASTILLA,RAMON CASTILLA,SANTA ROSA
050510,AYACUCHO,LA MAR,ANCHIHUAY,ANCHIHUAY
050901,AYACUCHO,SUCRE,QUEROBAMBA,QUEROBAMBA
050901,AYACUCHO,SUCRE,QUEROBAMBA,CHUQUIBAMBA
120701,JUNIN,TARMA,TARMA,TARMA
250304,UCAYALI,PADRE ABAD,NESHUYA,NESHUYA
130701,LA LIBERTAD,PACASMAYO,SAN PEDRO DE LLOC,MASANCA
080903,CUSCO,LA CONVENCION,HUAYOPATA,HUYRO
240101,TUMBES,TUMBES,TUMBES,PUERTO PIZARRO
220203,SAN MARTIN,BELLAVISTA,BAJO BIAVO,NUEVO CONTROL
140308,LAMBAYEQUE,LAMBAYEQUE,OLMOS,LA ESPERANZA
080909,CUSCO,LA CONVENCION,VILCABAMBA,VILCABAMBA
080902,CUSCO,LA CONVENCION,ECHARATE,IBANQUI BAJO
080902,CUSCO,LA CONVENCION,ECHARATE,QUELLOMAYO
250202,UCAYALI,ATALAYA,SEPAHUA,SEPAHUA
160205,LORETO,ALTO AMAZONAS,JEBEROS,BELLAVISTA
080908,CUSCO,LA CONVENCION,SANTA TERESA,SANTA TERESA
080908,CUSCO,LA CONVENCION,SANTA TERESA,PALTAYCHAYOC
080908,CUSCO,LA CONVENCION,SANTA TERESA,SAHUAYACO
250102,UCAYALI,CORONEL PORTILLO,CAMPOVERDE,PAMPAS VERDES
150110,LIMA,LIMA,COMAS,ZONA DE COLLIQUE
090707,HUANCAVELICA,TAYACAJA,HUACHOCOLPA,MARCAVALLE
080902,CUSCO,LA CONVENCION,ECHARATE,PALMA REAL
240101,TUMBES,TUMBES,TUMBES,PAMPA GRANDE
150101,LIMA,LIMA,LIMA,LIMA
160210,LORETO,ALTO AMAZONAS,SANTA CRUZ,SAN ANTONIO
160201,LORETO,ALTO AMAZONAS,YURIMAGUAS,JOSE A. QUIÃONEZ
160201,LORETO,ALTO AMAZONAS,YURIMAGUAS,UNION
160704,LORETO,DATEM DEL MARAÏ¿½ON,MORONA,YANKUNTISH
160101,LORETO,MAYNAS,IQUITOS,PSJE CAHUIDE
160303,LORETO,LORETO,TIGRE,HUACACHINA
160101,LORETO,MAYNAS,IQUITOS,SANTA RITA
160706,LORETO,DATEM DEL MARAÏ¿½ON,ANDOAS,ANDOAS NUEVO
160205,LORETO,ALTO AMAZONAS,JEBEROS,JEBEROS
160108,LORETO,MAYNAS,PUNCHANA,FRAY MARTIN
160305,LORETO,LORETO,URARINAS,REFORMA
160401,LORETO,MARISCAL RAMON CASTILLA,RAMON CASTILLA,PUERTO ALEGRIA I ZONA
160108,LORETO,MAYNAS,PUNCHANA,23 DE SETIEMBRE
160103,LORETO,MAYNAS,FERNANDO LORES,CHAVIN
160101,LORETO,MAYNAS,IQUITOS,SANTA MARIA
160201,LORETO,ALTO AMAZONAS,YURIMAGUAS,LIBERTAD DEL HUALLAGA
160113,LORETO,MAYNAS,SAN JUAN BAUTISTA,MADRE TERESA DE CALCUTA
160211,LORETO,ALTO AMAZONAS,TENIENTE CESAR LOPEZ ROJAS,BELLA SELVA
160303,LORETO,LORETO,TIGRE,FIRMESA
160211,LORETO,ALTO AMAZONAS,TENIENTE CESAR LOPEZ ROJAS,SAN JOAQUIN
160107,LORETO,MAYNAS,NAPO,NUEVO SAN JOSE
160201,LORETO,ALTO AMAZONAS,YURIMAGUAS,SAN PEDRO DE MAYRUJAY
160303,LORETO,LORETO,TIGRE,28 DE JULIO
040102,AREQUIPA,AREQUIPA,ALTO SELVA ALEGRE,ALTO SELVA ALEGRE (YANAHUARA)
160202,LORETO,ALTO AMAZONAS,BALSAPUERTO,CENTRO AMERICA
160202,LORETO,ALTO AMAZONAS,BALSAPUERTO,SAN JOSE YANAYACU
160211,LORETO,ALTO AMAZONAS,TENIENTE CESAR LOPEZ ROJAS,PARINARI
190306,PASCO,OXAPAMPA,PUERTO BERMUDEZ,ALDEA NATIVA PUERTO YESUPE
170103,MADRE DE DIOS,TAMBOPATA,LAS PIEDRAS,RIMAC O PARQUE EL TRIUNFO
170104,MADRE DE DIOS,TAMBOPATA,LABERINTO,TAHUANTINSUYO
220205,SAN MARTIN,BELLAVISTA,SAN PABLO,FAUSA LAMISTA
050701,AYACUCHO,PARINACOCHAS,CORACORA,CORACORA
200101,PIURA,PIURA,PIURA,A.H. LOS ALGARROBOS
100507,HUANUCO,HUAMALIES,MONZON,SACHAVACA
140116,LAMBAYEQUE,CHICLAYO,CAYALTI,CAYALTI
140114,LAMBAYEQUE,CHICLAYO,SANTA ROSA,SANTA ROSA
060601,CAJAMARCA,CUTERVO,CUTERVO,AMBULCO CHICO
050507,AYACUCHO,LA MAR,SANTA ROSA,UNION MEJORADA
010403,AMAZONAS,CONDORCANQUI,RIO SANTIAGO,YUTUPIS
170103,MADRE DE DIOS,TAMBOPATA,LAS PIEDRAS,COLPAYOC
170103,MADRE DE DIOS,TAMBOPATA,LAS PIEDRAS,CENTRO PIEDRAS
120601,JUNIN,SATIPO,SATIPO,RIO OSO
050505,AYACUCHO,LA MAR,CHUNGUI,CHUNGUI
101007,HUANUCO,LAURICOCHA,SAN MIGUEL DE CAURI,GASHAMPAMPA
170103,MADRE DE DIOS,TAMBOPATA,LAS PIEDRAS,BELLO HORIZONTE
060801,CAJAMARCA,JAEN,JAEN,EL PARRAL
051001,AYACUCHO,VICTOR FAJARDO,HUANCAPI,HUANCAPI
160104,LORETO,MAYNAS,INDIANA,MANCO CAPAC
010401,AMAZONAS,CONDORCANQUI,NIEVA,URAKUSA
100301,HUANUCO,DOS DE MAYO,LA UNION,LA UNION
050503,AYACUCHO,LA MAR,AYNA,CCENTABAMBA
200101,PIURA,PIURA,PIURA,URB. IGNACIO MERINO
211201,PUNO,SANDIA,SANDIA,SANDIA
150135,LIMA,LIMA,SAN MARTIN DE PORRES,BARRIO OBRERO MARTIN DE PORRES
060901,CAJAMARCA,SAN IGNACIO,SAN IGNACIO,BAJO IHUAMAQUE
060805,CAJAMARCA,JAEN,HUABAL,CORAZON DE JESUS
060904,CAJAMARCA,SAN IGNACIO,LA COIPA,AYACUCHO
150303,LIMA,CAJATAMBO,GORGOR,GORGOR
050301,AYACUCHO,HUANCA SANCOS,SANCOS,SANCOS (HUANCA)
050101,AYACUCHO,HUAMANGA,AYACUCHO,CCORIHUILLCA CHICO
050402,AYACUCHO,HUANTA,AYAHUANCO,PAMPA CORIS
180101,MOQUEGUA,MARISCAL NIETO,MOQUEGUA,LOS ANGELES
170102,MADRE DE DIOS,TAMBOPATA,INAMBARI,PRIMAVERA BAJA
170102,MADRE DE DIOS,TAMBOPATA,INAMBARI,YARINAL
050409,AYACUCHO,HUANTA,CANAYRE,VILLA VIRGEN BAJA
190302,PASCO,OXAPAMPA,CHONTABAMBA,CHONTABAMBA
240101,TUMBES,TUMBES,TUMBES,LOS ANGELES
130905,LA LIBERTAD,SANCHEZ CARRION,MARCABAL,MARCABAL
160206,LORETO,ALTO AMAZONAS,LAGUNAS,BARRANQUITA
190101,PASCO,PASCO,CHAUPIMARCA,CHAUPIMARCA
250202,UCAYALI,ATALAYA,SEPAHUA,BUFEO POZO
080910,CUSCO,LA CONVENCION,PICHARI,TERESA
140310,LAMBAYEQUE,LAMBAYEQUE,SALAS,TEMPON BAJO
150810,LIMA,HUAURA,SANTA MARIA,CHONTA - SECTOR II
110111,ICA,ICA,SANTIAGO,SANTIAGO
110305,ICA,NAZCA,VISTA ALEGRE,VISTA ALEGRE
050408,AYACUCHO,HUANTA,LLOCHEGUA,PUEBLO NUEVO SANTA ROSA
050409,AYACUCHO,HUANTA,CANAYRE,SANKIMINKIARI
050409,AYACUCHO,HUANTA,CANAYRE,EL PACIFICO
150801,LIMA,HUAURA,HUACHO,SECTOR IV
150110,LIMA,LIMA,COMAS,COMAS (LA LIBERTAD)
110105,ICA,ICA,PACHACUTEC,PACHACUTEC
050409,AYACUCHO,HUANTA,CANAYRE,VILLA VIRGEN
050409,AYACUCHO,HUANTA,CANAYRE,UNION MANTARO
021003,ANCASH,HUARI,CAJAY,CAJAY
200114,PIURA,PIURA,TAMBO GRANDE,SECTOR 11
200114,PIURA,PIURA,TAMBO GRANDE,SECTOR 5
100111,HUANUCO,HUANUCO,PILLCO MARCA,CAYHUAYNA
240303,TUMBES,ZARUMILLA,MATAPALO,ISLA NOBLECILLA
050502,AYACUCHO,LA MAR,ANCO,PATERINE
140115,LAMBAYEQUE,CHICLAYO,SAÏ¿½A,SAÑA
140301,LAMBAYEQUE,LAMBAYEQUE,LAMBAYEQUE,LA ROSADA
150111,LIMA,LIMA,EL AGUSTINO,VIRGEN DEL CARMEN
110102,ICA,ICA,LA TINGUIÏ¿½A,LA TINGUIÏ¿½A
200114,PIURA,PIURA,TAMBO GRANDE,LA RITA
120608,JUNIN,SATIPO,RIO TAMBO,RIO TAMBO
250301,UCAYALI,PADRE ABAD,PADRE ABAD,BOQUERON
160101,LORETO,MAYNAS,IQUITOS,SAN LORENZO
080907,CUSCO,LA CONVENCION,KIMBIRI,SAMPANTUARI BAJA
080910,CUSCO,LA CONVENCION,PICHARI,SANQUIRHUATO
150102,LIMA,LIMA,ANCON,ANCON
110403,ICA,PALPA,RIO GRANDE,SAN JACINTO
050116,AYACUCHO,HUAMANGA,ANDRES AVELINO CACERES D.,ANDRES AVELINO CACERES D.
150601,LIMA,HUARAL,HUARAL,RETES
221003,SAN MARTIN,TOCACHE,POLVORA,POLVORA
160604,LORETO,UCAYALI,PAMPA HERMOSA,PAMPA HERMOSA
200601,PIURA,SULLANA,SULLANA,SANCHEZ CERRO
050501,AYACUCHO,LA MAR,SAN MIGUEL,NINABAMBA
200702,PIURA,TALARA,EL ALTO,EL ALTO
060502,CAJAMARCA,CONTUMAZA,CHILETE,CHINGAVILLAN
060507,CAJAMARCA,CONTUMAZA,TANTARICA,EL SAPO
150143,LIMA,LIMA,VILLA MARIA DEL TRIUNFO,TABLADA DE LURIN
200104,PIURA,PIURA,CASTILLA,TERELA
200401,PIURA,MORROPON,CHULUCANAS,BATANES
200104,PIURA,PIURA,CASTILLA,A.H. LOS ALMENDROS
200104,PIURA,PIURA,CASTILLA,A.H. TALARITA
200401,PIURA,MORROPON,CHULUCANAS,VICUS
200115,PIURA,PIURA,VEINTISEIS DE OCTUBRE,VEINTISEIS DE OCTUBRE
200401,PIURA,MORROPON,CHULUCANAS,CHULUCANAS
200104,PIURA,PIURA,CASTILLA,A.H. LA PRIMAVERA I
200105,PIURA,PIURA,CATACAOS,LA LEGUA
200101,PIURA,PIURA,PIURA,A.H. CONSUELO DE VELASC
200605,PIURA,SULLANA,MARCAVELICA,MALLARES
200401,PIURA,MORROPON,CHULUCANAS,A.H. VATE MANRIQUE
200401,PIURA,MORROPON,CHULUCANAS,A.H. CONSUELO DE VELASC
200104,PIURA,PIURA,CASTILLA,AV. TACNA
200401,PIURA,MORROPON,CHULUCANAS,SOLUMBRE
240203,TUMBES,CONTRALMIRANTE VILLAR,CANOAS DE PUNTA SAL,CANCAS
200705,PIURA,TALARA,LOS ORGANOS,SECTOR 2
200602,PIURA,SULLANA,BELLAVISTA,ESTEBAN PABLETICH
200602,PIURA,SULLANA,BELLAVISTA,NUEVO PORVENIR
200701,PIURA,TALARA,PARIÏ¿½AS,TALARA
200114,PIURA,PIURA,TAMBO GRANDE,SECTOR 10
200114,PIURA,PIURA,TAMBO GRANDE,SECTOR 2
200705,PIURA,TALARA,LOS ORGANOS,SECTOR 5
200114,PIURA,PIURA,TAMBO GRANDE,LOCUTO
200114,PIURA,PIURA,TAMBO GRANDE,HUALTACO III
200114,PIURA,PIURA,TAMBO GRANDE,SECTOR 6
200114,PIURA,PIURA,TAMBO GRANDE,SECTOR 8
200114,PIURA,PIURA,TAMBO GRANDE,SECTOR 1
200601,PIURA,SULLANA,SULLANA,NUEVO SULLANA
200105,PIURA,PIURA,CATACAOS,PAREDONES
110401,ICA,PALPA,PALPA,SACRAMENTO
240202,TUMBES,CONTRALMIRANTE VILLAR,CASITAS,TRIGAL
150805,LIMA,HUAURA,HUALMAY,HUALMAY
130106,LA LIBERTAD,TRUJILLO,LAREDO,CONACHE
060502,CAJAMARCA,CONTUMAZA,CHILETE,CHILETE
060507,CAJAMARCA,CONTUMAZA,TANTARICA,EL SALITRE (SALITRAL)
060508,CAJAMARCA,CONTUMAZA,YONAN,TEMBLADERA
060109,CAJAMARCA,CAJAMARCA,MAGDALENA,MAGDALENA
060502,CAJAMARCA,CONTUMAZA,CHILETE,LA MONICA
120609,JUNIN,SATIPO,VIZCATAN DEL ENE,VIZCATAN DEL ENE
050407,AYACUCHO,HUANTA,SIVIA,NUEVO PROGRESO
050407,AYACUCHO,HUANTA,SIVIA,TUTUMBARU
060507,CAJAMARCA,CONTUMAZA,TANTARICA,EL PAUCO
200606,PIURA,SULLANA,MIGUEL CHECA,JIBITO
220104,SAN MARTIN,MOYOBAMBA,JEPELACIO,JEPELACIO
110112,ICA,ICA,SUBTANJALLA,SUBTANJALLA
110402,ICA,PALPA,LLIPATA,PIEDRAS GORDAS
110401,ICA,PALPA,PALPA,CARAPO
110403,ICA,PALPA,RIO GRANDE,LA ISLA
040313,AREQUIPA,CARAVELI,YAUCA,YAUCA
110104,ICA,ICA,OCUCAJE,PINILLA
110102,ICA,ICA,LA TINGUIÏ¿½A,LA TINGUIÑA
110404,ICA,PALPA,SANTA CRUZ,PORTACHUELO
110401,ICA,PALPA,PALPA,CHIPIONA
110402,ICA,PALPA,LLIPATA,SAN ANTONIO
110401,ICA,PALPA,PALPA,SAN IGNACIO
110402,ICA,PALPA,LLIPATA,CARLOS TIJERO
110402,ICA,PALPA,LLIPATA,ARENALES (ARUNAL)
200407,PIURA,MORROPON,SAN JUAN DE BIGOTE,BIGOTE
150132,LIMA,LIMA,SAN JUAN DE LURIGANCHO,LA LIBERTAD
200706,PIURA,TALARA,MANCORA,SECTOR 3
240302,TUMBES,ZARUMILLA,AGUAS VERDES,POCITOS
140308,LAMBAYEQUE,LAMBAYEQUE,OLMOS,RACALI
110402,ICA,PALPA,LLIPATA,LA VICTORIA
140302,LAMBAYEQUE,LAMBAYEQUE,CHOCHOPE,CHOCHOPE
200114,PIURA,PIURA,TAMBO GRANDE,OCOTO ALTO
200601,PIURA,SULLANA,SULLANA,SANTA TERESITA
200701,PIURA,TALARA,PARIÏ¿½AS,SECTOR 5
200701,PIURA,TALARA,PARIÏ¿½AS,SECTOR 12
200701,PIURA,TALARA,PARIÏ¿½AS,SECTOR 4
200706,PIURA,TALARA,MANCORA,SECTOR 8
200602,PIURA,SULLANA,BELLAVISTA,HUANGALA
200605,PIURA,SULLANA,MARCAVELICA,MONTERON
200602,PIURA,SULLANA,BELLAVISTA,JORGE BASADRE
220404,SAN MARTIN,HUALLAGA,PISCOYACU,NUEVO SACANCHE
200114,PIURA,PIURA,TAMBO GRANDE,CRUCETA
140308,LAMBAYEQUE,LAMBAYEQUE,OLMOS,CRUZ BLANCA
100904,HUANUCO,PUERTO INCA,TOURNAVISTA,TOURNAVISTA
200105,PIURA,PIURA,CATACAOS,PEDREGAL CHICO
240201,TUMBES,CONTRALMIRANTE VILLAR,ZORRITOS,BOCAPAN
110401,ICA,PALPA,PALPA,LA FALDA
250101,UCAYALI,CORONEL PORTILLO,CALLERIA,SANTA TEREZA DE SHINUYA
220504,SAN MARTIN,LAMAS,CAYNARACHI,METILLUYOC
200111,PIURA,PIURA,LAS LOMAS,SECTOR 6
200111,PIURA,PIURA,LAS LOMAS,SECTOR 4
200706,PIURA,TALARA,MANCORA,SECTOR 6
200111,PIURA,PIURA,LAS LOMAS,SECTOR 10
200101,PIURA,PIURA,PIURA,URB. EL CHIPE
060901,CAJAMARCA,SAN IGNACIO,SAN IGNACIO,ALFONSO UGARTE
110401,ICA,PALPA,PALPA,LA MAQUINA
100606,HUANUCO,LEONCIO PRADO,MARIANO DAMASO BERAUN,BELLA
200602,PIURA,SULLANA,BELLAVISTA,TUPAC AMARUC
200705,PIURA,TALARA,LOS ORGANOS,SECTOR 4
250301,UCAYALI,PADRE ABAD,PADRE ABAD,BARRIO UNIDO
200101,PIURA,PIURA,PIURA,URB. BELLO HORIZONTE
200104,PIURA,PIURA,CASTILLA,VILLA FAP
200101,PIURA,PIURA,PIURA,URB. VILLA FAP
140110,LAMBAYEQUE,CHICLAYO,OYOTUN,OYOTUN
240101,TUMBES,TUMBES,TUMBES,URB. PORTAL LAS LOMAS
200401,PIURA,MORROPON,CHULUCANAS,JR. PUNO
200401,PIURA,MORROPON,CHULUCANAS,SAN PEDRO
200104,PIURA,PIURA,CASTILLA,A.H. MARIA GORETTI
200401,PIURA,MORROPON,CHULUCANAS,A.H. ÑACARA
110401,ICA,PALPA,PALPA,MOLLAQUE CHICO
110302,ICA,NAZCA,CHANGUILLO,SAN JAVIER
200701,PIURA,TALARA,PARIÏ¿½AS,SECTOR 2
200701,PIURA,TALARA,PARIÏ¿½AS,SECTOR 1
060904,CAJAMARCA,SAN IGNACIO,LA COIPA,TAMBOA
200602,PIURA,SULLANA,BELLAVISTA,JOSE CARLOS MARIATEGUI
200601,PIURA,SULLANA,SULLANA,SANTA ROSA
200601,PIURA,SULLANA,SULLANA,VILLA PRIMAVERA
200101,PIURA,PIURA,PIURA,VICTOR RAUL
150604,LIMA,HUARAL,AUCALLAMA,AUCALLAMA
081208,CUSCO,QUISPICANCHI,LUCRE,MUYNA
220912,SAN MARTIN,SAN MARTIN,SAN ANTONIO,SAN PEDRO DE CUMBAZA
200602,PIURA,SULLANA,BELLAVISTA,EL PORVENIR
130701,LA LIBERTAD,PACASMAYO,SAN PEDRO DE LLOC,SAN PEDRO DE LLOC
200401,PIURA,MORROPON,CHULUCANAS,TALANDRACAS
200604,PIURA,SULLANA,LANCONES,HUAYPIRA HUAYPIRA BAJA)
200404,PIURA,MORROPON,LA MATANZA,LA BOCANA
140105,LAMBAYEQUE,CHICLAYO,JOSE LEONARDO ORTIZ,SAN NICOLAS
200208,PIURA,AYABACA,SAPILLICA,SAPILLICA
240104,TUMBES,TUMBES,PAMPAS DE HOSPITAL,EL LIMON
240203,TUMBES,CONTRALMIRANTE VILLAR,CANOAS DE PUNTA SAL,CANOAS DE PUNTA SAL
050402,AYACUCHO,HUANTA,AYAHUANCO,AYAHUANCO
050503,AYACUCHO,LA MAR,AYNA,LIMONCHAYOCC
080907,CUSCO,LA CONVENCION,KIMBIRI,SAMPANTUARI ALTA
200114,PIURA,PIURA,TAMBO GRANDE,EL PAPAYO
221005,SAN MARTIN,TOCACHE,UCHIZA,SANTA LUCIA
100102,HUANUCO,HUANUCO,AMARILIS,LA ESPERANZA
150123,LIMA,LIMA,PACHACAMAC,MANCHAY BAJO
140312,LAMBAYEQUE,LAMBAYEQUE,TUCUME,CRUZ BLANCA
130602,LA LIBERTAD,OTUZCO,AGALLPAMPA,AGALLPAMPA
140306,LAMBAYEQUE,LAMBAYEQUE,MORROPE,ANNAPE (MACNAPE)
240101,TUMBES,TUMBES,TUMBES,TABLAZO
100605,HUANUCO,LEONCIO PRADO,LUYANDO,INKARI
200604,PIURA,SULLANA,LANCONES,POECHOS
160107,LORETO,MAYNAS,NAPO,SANTA ROSA
160113,LORETO,MAYNAS,SAN JUAN BAUTISTA,URB. JUAN PABLO II
160107,LORETO,MAYNAS,NAPO,COPAL URCO
160304,LORETO,LORETO,TROMPETEROS,PUCACURO
160706,LORETO,DATEM DEL MARAÏ¿½ON,ANDOAS,HUAGRAMONA
160107,LORETO,MAYNAS,NAPO,SAN JORGE
160101,LORETO,MAYNAS,IQUITOS,PABLO ROSSEL
160113,LORETO,MAYNAS,SAN JUAN BAUTISTA,1 DE MAYO
160301,LORETO,LORETO,NAUTA,LAS PALMAS
220503,SAN MARTIN,LAMAS,BARRANQUITA,SANTA ELENA
160101,LORETO,MAYNAS,IQUITOS,CALLE ATLANTIDA
160301,LORETO,LORETO,NAUTA,SOLTERITOS
160104,LORETO,MAYNAS,INDIANA,SANTA CECILIA
160706,LORETO,DATEM DEL MARAÏ¿½ON,ANDOAS,TITIYACU
160101,LORETO,MAYNAS,IQUITOS,SAMITO
160103,LORETO,MAYNAS,FERNANDO LORES,PUERTO MIGUEL
160104,LORETO,MAYNAS,INDIANA,LAS PALMAS
160305,LORETO,LORETO,URARINAS,NUEVO PROGRESO
160104,LORETO,MAYNAS,INDIANA,VILLA MARIA
160112,LORETO,MAYNAS,BELEN,BLASCO NUÑEZ
160107,LORETO,MAYNAS,NAPO,ISLA YARINA
160102,LORETO,MAYNAS,ALTO NANAY,PORVENIR
160101,LORETO,MAYNAS,IQUITOS,C. AREQUIPA
160201,LORETO,ALTO AMAZONAS,YURIMAGUAS,ALTO MOHENA
140306,LAMBAYEQUE,LAMBAYEQUE,MORROPE,ROMERO
140307,LAMBAYEQUE,LAMBAYEQUE,MOTUPE,EL ZAPOTE (SAPOTAL)
140306,LAMBAYEQUE,LAMBAYEQUE,MORROPE,DOS PALOS
160103,LORETO,MAYNAS,FERNANDO LORES,TAPIRA CHICO
060108,CAJAMARCA,CAJAMARCA,LOS BAÏ¿½OS DEL INCA,TARTAR CHICO
200101,PIURA,PIURA,PIURA,A.H. 18 DE MAYO
160507,LORETO,REQUENA,SAQUENA,FLOR DE CASTAÑA
200104,PIURA,PIURA,CASTILLA,URB. MIRAFLORES
130201,LA LIBERTAD,ASCOPE,ASCOPE,ASCOPE
160104,LORETO,MAYNAS,INDIANA,SANTA TERESA
200703,PIURA,TALARA,LA BREA,NEGRITOS
140119,LAMBAYEQUE,CHICLAYO,PUCALA,PUCALA
100905,HUANUCO,PUERTO INCA,YUYAPICHIS,HUEMBO
131201,LA LIBERTAD,VIRU,VIRU,VICTOR RAUL
160106,LORETO,MAYNAS,MAZAN,LLACHAPA
200401,PIURA,MORROPON,CHULUCANAS,JR. MOQUEGUA
200401,PIURA,MORROPON,CHULUCANAS,YAPATERA
140303,LAMBAYEQUE,LAMBAYEQUE,ILLIMO,CULPON ALTO
240303,TUMBES,ZARUMILLA,MATAPALO,LEANDRO CAMPOS
100905,HUANUCO,PUERTO INCA,YUYAPICHIS,YUYAPICHIS
160112,LORETO,MAYNAS,BELEN,MANCO INCA
160601,LORETO,UCAYALI,CONTAMANA,PUERTO MIGUEL
140112,LAMBAYEQUE,CHICLAYO,PIMENTEL,LA GARITA
140308,LAMBAYEQUE,LAMBAYEQUE,OLMOS,ALAN GARCIA (LOS POSITOS)
220707,SAN MARTIN,PICOTA,SAN HILARION,NUEVO EGIPTO
100603,HUANUCO,LEONCIO PRADO,HERMILIO VALDIZAN,TRES DE OCTUBRE
120303,JUNIN,CHANCHAMAYO,PICHANAQUI,PRIMAVERA
100604,HUANUCO,LEONCIO PRADO,JOSE CRESPO Y CASTILLO,SAN JUAN DE PORVENIR
100606,HUANUCO,LEONCIO PRADO,MARIANO DAMASO BERAUN,TAMBILLO GRANDE
160304,LORETO,LORETO,TROMPETEROS,PIJUAYAL
160303,LORETO,LORETO,TIGRE,PARAISO
160113,LORETO,MAYNAS,SAN JUAN BAUTISTA,POMA ROSA
200504,PIURA,PAITA,COLAN,PUEBLO NVO. DE COLAN
150812,LIMA,HUAURA,VEGUETA,M.MUNDO - LAS AMERICAS
200505,PIURA,PAITA,LA HUACA,LA HUACA
130903,LA LIBERTAD,SANCHEZ CARRION,COCHORCO,COCHORCO
200101,PIURA,PIURA,PIURA,URB. LAGUNA DEL CHIPE
160106,LORETO,MAYNAS,MAZAN,SANTA CRUZ
170103,MADRE DE DIOS,TAMBOPATA,LAS PIEDRAS,LAGO VALENCIA
160108,LORETO,MAYNAS,PUNCHANA,PORVENIR
160104,LORETO,MAYNAS,INDIANA,MANITI I - ZONA
140104,LAMBAYEQUE,CHICLAYO,ETEN PUERTO,ETEN PUERTO
160401,LORETO,MARISCAL RAMON CASTILLA,RAMON CASTILLA,BOLOGNESI
160113,LORETO,MAYNAS,SAN JUAN BAUTISTA,KM. 70 CARRETERA IQUITOS - NAUTA
060902,CAJAMARCA,SAN IGNACIO,CHIRINOS,SAN PEDRO DE PERICO
060901,CAJAMARCA,SAN IGNACIO,SAN IGNACIO,NUEVA ALIANZA
150120,LIMA,LIMA,MAGDALENA DEL MAR,MAGDALENA DEL MAR
240302,TUMBES,ZARUMILLA,AGUAS VERDES,CUCHARETA ALTA
200114,PIURA,PIURA,TAMBO GRANDE,CHICO ALTO
200101,PIURA,PIURA,PIURA,A.H. ROMULO LEON
100601,HUANUCO,LEONCIO PRADO,RUPA-RUPA,MANCO CAPAC
060804,CAJAMARCA,JAEN,COLASAY,CHORRO DEL OBISPO
050408,AYACUCHO,HUANTA,LLOCHEGUA,BUENOS AIRES
050408,AYACUCHO,HUANTA,LLOCHEGUA,CHIHUILLO
160101,LORETO,MAYNAS,IQUITOS,SHIRIARA
200114,PIURA,PIURA,TAMBO GRANDE,ANGOSTURA
140306,LAMBAYEQUE,LAMBAYEQUE,MORROPE,HUACA DE BARRO
140309,LAMBAYEQUE,LAMBAYEQUE,PACORA,LAS JUNTAS ALTA
100606,HUANUCO,LEONCIO PRADO,MARIANO DAMASO BERAUN,PUENTE PRADO
140310,LAMBAYEQUE,LAMBAYEQUE,SALAS,EL BANCO
140308,LAMBAYEQUE,LAMBAYEQUE,OLMOS,SEÑOR DE LOS MILAGROS
140303,LAMBAYEQUE,LAMBAYEQUE,ILLIMO,SAN JORGE
240104,TUMBES,TUMBES,PAMPAS DE HOSPITAL,CARDALITOS
160404,LORETO,MARISCAL RAMON CASTILLA,SAN PABLO,VILLA LUZ
160702,LORETO,DATEM DEL MARAÏ¿½ON,CAHUAPANAS,BUENOS AIRES
010403,AMAZONAS,CONDORCANQUI,RIO SANTIAGO,YUJAGKIN
221001,SAN MARTIN,TOCACHE,TOCACHE,NUEVA ESPERANZA
150601,LIMA,HUARAL,HUARAL,JECUAN
010401,AMAZONAS,CONDORCANQUI,NIEVA,NAJAIN
010401,AMAZONAS,CONDORCANQUI,NIEVA,CHORROS
100605,HUANUCO,LEONCIO PRADO,LUYANDO,MARONA
100602,HUANUCO,LEONCIO PRADO,DANIEL ALOMIA ROBLES,ONCE DE OCTUBRE
100601,HUANUCO,LEONCIO PRADO,RUPA-RUPA,HUASCAR
100507,HUANUCO,HUAMALIES,MONZON,MATAPALO
200401,PIURA,MORROPON,CHULUCANAS,LA VIÑA
200401,PIURA,MORROPON,CHULUCANAS,PALO BLANCO
200401,PIURA,MORROPON,CHULUCANAS,SOL SOL
200401,PIURA,MORROPON,CHULUCANAS,JR. BOLIVAR
200401,PIURA,MORROPON,CHULUCANAS,CALLE LIBERTAD
200401,PIURA,MORROPON,CHULUCANAS,PLATANAL BAJO
150401,LIMA,CANTA,CANTA,OBRAJILLO
240101,TUMBES,TUMBES,TUMBES,URB. VILLA UNIVERSITARIA
080914,CUSCO,LA CONVENCION,MEGANTONI,MEGANTONI
160303,LORETO,LORETO,TIGRE,NUEVA JERUSALEN
110501,ICA,PISCO,PISCO,PISCO
050501,AYACUCHO,LA MAR,SAN MIGUEL,CUSAY
050501,AYACUCHO,LA MAR,SAN MIGUEL,BARBECHO
160201,LORETO,ALTO AMAZONAS,YURIMAGUAS,CALLAO
160202,LORETO,ALTO AMAZONAS,BALSAPUERTO,TRANCAYACU
220805,SAN MARTIN,RIOJA,PARDO MIGUEL,SAN AGUSTIN
220902,SAN MARTIN,SAN MARTIN,ALBERTO LEVEAU,MACHUNGO
130802,LA LIBERTAD,PATAZ,BULDIBUYO,ARCAYPATA
130809,LA LIBERTAD,PATAZ,PATAZ,VIJUS
050510,AYACUCHO,LA MAR,ANCHIHUAY,PAMPA HERMOZA
220508,SAN MARTIN,LAMAS,SAN ROQUE DE CUMBAZA,SAN ROQUE DE CUMBAZA
200101,PIURA,PIURA,PIURA,A.H. LOS ALGARROBOS V
160202,LORETO,ALTO AMAZONAS,BALSAPUERTO,BUENOS AIRES CACHIYACU
160202,LORETO,ALTO AMAZONAS,BALSAPUERTO,CANOA PUERTO
160202,LORETO,ALTO AMAZONAS,BALSAPUERTO,SAN VICENTE
010403,AMAZONAS,CONDORCANQUI,RIO SANTIAGO,CUCUASA
081203,CUSCO,QUISPICANCHI,CAMANTI,CAMANTI
050114,AYACUCHO,HUAMANGA,VINCHOS,VINCHOS
250201,UCAYALI,ATALAYA,RAIMONDI,MALDONADILLO
050503,AYACUCHO,LA MAR,AYNA,LAS PALMAS
050507,AYACUCHO,LA MAR,SANTA ROSA,SAN AGUSTIN
240102,TUMBES,TUMBES,CORRALES,SAN FRANCISCO
050503,AYACUCHO,LA MAR,AYNA,GRINGO YACU
050509,AYACUCHO,LA MAR,SAMUGARI,IRIBAMBA
160202,LORETO,ALTO AMAZONAS,BALSAPUERTO,PINTUYACU
160202,LORETO,ALTO AMAZONAS,BALSAPUERTO,SANTA ROSA
160202,LORETO,ALTO AMAZONAS,BALSAPUERTO,SAN MARCOS DE PILLINGUE
010601,AMAZONAS,RODRIGUEZ DE MENDOZA,SAN NICOLAS,SAN NICOLAS
160107,LORETO,MAYNAS,NAPO,TACSHACURARAY
160202,LORETO,ALTO AMAZONAS,BALSAPUERTO,SANTA MARTHA
100102,HUANUCO,HUANUCO,AMARILIS,LLICUA ALTA
060903,CAJAMARCA,SAN IGNACIO,HUARANGO,HUARANGO
240102,TUMBES,TUMBES,CORRALES,MALVAL BAJO
240105,TUMBES,TUMBES,SAN JACINTO,SANTA ROSA
060401,CAJAMARCA,CHOTA,CHOTA,YURACYACU
240102,TUMBES,TUMBES,CORRALES,SAN PEDRO DE LOS INCAS
130502,LA LIBERTAD,JULCAN,CALAMARCA,CALAMARCA
220709,SAN MARTIN,PICOTA,TINGO DE PONASA,PAUCAR
150204,LIMA,BARRANCA,SUPE,EL PORVENIR
150205,LIMA,BARRANCA,SUPE PUERTO,SUPE PUERTO
120101,JUNIN,HUANCAYO,HUANCAYO,HUANCAYO
100601,HUANUCO,LEONCIO PRADO,RUPA-RUPA,ATAHUALPA
240102,TUMBES,TUMBES,CORRALES,RODEO
060407,CAJAMARCA,CHOTA,COCHABAMBA,ATUMPAMPA
140303,LAMBAYEQUE,LAMBAYEQUE,ILLIMO,CHIRIMOYO ALTO
200101,PIURA,PIURA,PIURA,URB. MUNICIPAL
130802,LA LIBERTAD,PATAZ,BULDIBUYO,NUEVO PORVENIR
130701,LA LIBERTAD,PACASMAYO,SAN PEDRO DE LLOC,JATANCA (SAN LORENZO DE JATANCA)
220404,SAN MARTIN,HUALLAGA,PISCOYACU,HUACCHA
220202,SAN MARTIN,BELLAVISTA,ALTO BIAVO,VISTA ALEGRE
220202,SAN MARTIN,BELLAVISTA,ALTO BIAVO,CUZCO
250301,UCAYALI,PADRE ABAD,PADRE ABAD,HUIPOCA
140305,LAMBAYEQUE,LAMBAYEQUE,MOCHUMI,LA CAPILLA
160303,LORETO,LORETO,TIGRE,ALFONSO UGARTE
050102,AYACUCHO,HUAMANGA,ACOCRO,YANAHUANCO ALTO
140301,LAMBAYEQUE,LAMBAYEQUE,LAMBAYEQUE,CAPILLA SANTA ROSA
051101,AYACUCHO,VILCAS HUAMAN,VILCAS HUAMAN,VILCAS HUAMAN
221005,SAN MARTIN,TOCACHE,UCHIZA,TINGO DE UCHIZA
010202,AMAZONAS,BAGUA,ARAMANGO,EL PORVENIR
160112,LORETO,MAYNAS,BELEN,ULLPA CAÑO
240102,TUMBES,TUMBES,CORRALES,REALENGAL
240102,TUMBES,TUMBES,CORRALES,CRISTALES
250105,UCAYALI,CORONEL PORTILLO,YARINACOCHA,SAN JOSE
220301,SAN MARTIN,EL DORADO,SAN JOSE DE SISA,LAS PALMERAS
240102,TUMBES,TUMBES,CORRALES,MALVAL ALTO
250305,UCAYALI,PADRE ABAD,ALEXANDER VON HUMBOLDT,ALEXANDER VON HUMBOLDT
050114,AYACUCHO,HUAMANGA,VINCHOS,PACCHA
160202,LORETO,ALTO AMAZONAS,BALSAPUERTO,NUEVO SANTA CRUZ CACHIYACU
160113,LORETO,MAYNAS,SAN JUAN BAUTISTA,SAN JULIAN
050503,AYACUCHO,LA MAR,AYNA,CARMEN PAMPA
160101,LORETO,MAYNAS,IQUITOS,CALVO DE ARAUJO
160601,LORETO,UCAYALI,CONTAMANA,NUEVO PROGRESO
080907,CUSCO,LA CONVENCION,KIMBIRI,SAMANIATO
080913,CUSCO,LA CONVENCION,VILLA KINTIARINA,VILLA KINTIARINA
150509,LIMA,CAÏ¿½ETE,MALA,BUJAMA BAJA
110104,ICA,ICA,OCUCAJE,CORDOVA
150505,LIMA,CAÏ¿½ETE,CHILCA,LAS SALINAS
250203,UCAYALI,ATALAYA,TAHUANIA,TAHUANIA
050509,AYACUCHO,LA MAR,SAMUGARI,MONTERRICO ALTA
160113,LORETO,MAYNAS,SAN JUAN BAUTISTA,QUISTOCOCHA KM. 9
221001,SAN MARTIN,TOCACHE,TOCACHE,TANANTA
150117,LIMA,LIMA,LOS OLIVOS,LOS OLIVOS (LAS PALMERAS)
200101,PIURA,PIURA,PIURA,URB. LOS COCOS DEL CHIPE
160107,LORETO,MAYNAS,NAPO,BELLAVISTA
120608,JUNIN,SATIPO,RIO TAMBO,PUERTO ENE
050407,AYACUCHO,HUANTA,SIVIA,CRUZ CCASA
050507,AYACUCHO,LA MAR,SANTA ROSA,CHONTA CCOCHA
130704,LA LIBERTAD,PACASMAYO,PACASMAYO,PACASMAYO
130610,LA LIBERTAD,OTUZCO,PARANDAY,PARANDAY
160107,LORETO,MAYNAS,NAPO,NEGRO URCO
051107,AYACUCHO,VILCAS HUAMAN,SAURAMA,SAURAMA
250106,UCAYALI,CORONEL PORTILLO,NUEVA REQUENA,AGRICOLA EL SOL
200401,PIURA,MORROPON,CHULUCANAS,CALLE CUZCO
200401,PIURA,MORROPON,CHULUCANAS,CALLE MATEO PUMACAHUA
200401,PIURA,MORROPON,CHULUCANAS,JR. PIURA
200401,PIURA,MORROPON,CHULUCANAS,JR. TUMBES
200401,PIURA,MORROPON,CHULUCANAS,JR. COLON
200401,PIURA,MORROPON,CHULUCANAS,CALLE AREQUIPA
200401,PIURA,MORROPON,CHULUCANAS,PACCHA
200401,PIURA,MORROPON,CHULUCANAS,PUEBLO NUEVO CAMPANAS
200401,PIURA,MORROPON,CHULUCANAS,CHAPICA
100804,HUANUCO,PACHITEA,UMARI,SANTO TORIBIO LA PUNTA (LA PUNTA HUIRCA
100103,HUANUCO,HUANUCO,CHINCHAO,PUENTE DURAND
180101,MOQUEGUA,MARISCAL NIETO,MOQUEGUA,SAN ANTONIO
180301,MOQUEGUA,ILO,ILO,ILO
180101,MOQUEGUA,MARISCAL NIETO,MOQUEGUA,PAMPAS DE CHENCHEN
200101,PIURA,PIURA,PIURA,URB. LOS GERANEOS
160503,LORETO,REQUENA,CAPELO,HUATAPI
160201,LORETO,ALTO AMAZONAS,YURIMAGUAS,MUNICHIS
200607,PIURA,SULLANA,QUERECOTILLO,SECTOR 1
160201,LORETO,ALTO AMAZONAS,YURIMAGUAS,NUEVO JAEN
160108,LORETO,MAYNAS,PUNCHANA,NUEVA YORK
160113,LORETO,MAYNAS,SAN JUAN BAUTISTA,ROSALES
200104,PIURA,PIURA,CASTILLA,A.H. EL INDIO
160605,LORETO,UCAYALI,SARAYACU,HUAÑUNA
110106,ICA,ICA,PARCONA,VISTA ALEGRE
160101,LORETO,MAYNAS,IQUITOS,C. PANTOJA
160108,LORETO,MAYNAS,PUNCHANA,CHARLES ZEVALLOS
200207,PIURA,AYABACA,PAIMAS,PAIMITAS
160112,LORETO,MAYNAS,BELEN,CALLE PENJAMO
080907,CUSCO,LA CONVENCION,KIMBIRI,SANTA FE
160605,LORETO,UCAYALI,SARAYACU,BOLIVAR
160605,LORETO,UCAYALI,SARAYACU,PUERTO ENRIQUE
050302,AYACUCHO,HUANCA SANCOS,CARAPO,CARAPO
051012,AYACUCHO,VICTOR FAJARDO,VILCANCHOS,VILCANCHOS
200104,PIURA,PIURA,CASTILLA,A.H. VILLA SOL
160202,LORETO,ALTO AMAZONAS,BALSAPUERTO,NUEVA LUZ
060508,CAJAMARCA,CONTUMAZA,YONAN,VENTANILLAS
200115,PIURA,PIURA,VEINTISEIS DE OCTUBRE,URB. SANTA MARGARITA
010205,AMAZONAS,BAGUA,IMAZA,TUPAC AMARU II
060810,CAJAMARCA,JAEN,SAN FELIPE,MAMACA
250105,UCAYALI,CORONEL PORTILLO,YARINACOCHA,7 DE JUNIO
090312,HUANCAVELICA,ANGARAES,SECCLLA,ATUNA
160302,LORETO,LORETO,PARINARI,SANTA RITA DE CASTILLA
160113,LORETO,MAYNAS,SAN JUAN BAUTISTA,KM.89 CARRETERA IQUITOS - NAUTA
080902,CUSCO,LA CONVENCION,ECHARATE,MATORIATO
160605,LORETO,UCAYALI,SARAYACU,LA PEDRERA
220501,SAN MARTIN,LAMAS,LAMAS,LAMAS
120304,JUNIN,CHANCHAMAYO,SAN LUIS DE SHUARO,SAN LUIS DE SHUARO
200115,PIURA,PIURA,VEINTISEIS DE OCTUBRE,A.H. LAS CAPULLANAS
200115,PIURA,PIURA,VEINTISEIS DE OCTUBRE,A.H. SAN MARTIN
120606,JUNIN,SATIPO,PANGOA,MICAELA BASTIDAS
140301,LAMBAYEQUE,LAMBAYEQUE,LAMBAYEQUE,BODEGONES
200104,PIURA,PIURA,CASTILLA,CALLE AMAZONAS
160113,LORETO,MAYNAS,SAN JUAN BAUTISTA,VILLA BELEN
060802,CAJAMARCA,JAEN,BELLAVISTA,TORORUMI
200101,PIURA,PIURA,PIURA,A.H. 26 DE OCTUBRE
160605,LORETO,UCAYALI,SARAYACU,SOLEDAD
160103,LORETO,MAYNAS,FERNANDO LORES,TROMPETEROS
080906,CUSCO,LA CONVENCION,QUELLOUNO,PARIATO
200101,PIURA,PIURA,PIURA,CALLE LIBERTAD
160113,LORETO,MAYNAS,SAN JUAN BAUTISTA,KM.62 CARRETERA IQUITOS - NAUTA
060604,CAJAMARCA,CUTERVO,CUJILLO,CUJILLO
160201,LORETO,ALTO AMAZONAS,YURIMAGUAS,SAN JUAN DE ZAPOTE
160401,LORETO,MARISCAL RAMON CASTILLA,RAMON CASTILLA,PRIMAVERA
100608,HUANUCO,LEONCIO PRADO,CASTILLO GRANDE,CASTILLO GRANDE
200109,PIURA,PIURA,LA ARENA,LA ARENA
060903,CAJAMARCA,SAN IGNACIO,HUARANGO,DIEGO SANCHEZ
160605,LORETO,UCAYALI,SARAYACU,SAMAN
250301,UCAYALI,PADRE ABAD,PADRE ABAD,SANTA ANA (BOCA)
010106,AMAZONAS,CHACHAPOYAS,CHUQUIBAMBA,LA MORADA
050507,AYACUCHO,LA MAR,SANTA ROSA,SAN PEDRO
150143,LIMA,LIMA,VILLA MARIA DEL TRIUNFO,JOSE GALVEZ
050508,AYACUCHO,LA MAR,TAMBO,CCOCHCCA
200105,PIURA,PIURA,CATACAOS,A.H. LUCAS CUTIVALU
160201,LORETO,ALTO AMAZONAS,YURIMAGUAS,SAN FRANCISCO KM 21
050408,AYACUCHO,HUANTA,LLOCHEGUA,PULPITO
160605,LORETO,UCAYALI,SARAYACU,SANTA RITA
200101,PIURA,PIURA,PIURA,RESID. VICUS
160101,LORETO,MAYNAS,IQUITOS,C. PEVAS
110106,ICA,ICA,PARCONA,LOS ACUACHES
100608,HUANUCO,LEONCIO PRADO,CASTILLO GRANDE,LA MERCED DE LOCRO
220507,SAN MARTIN,LAMAS,RUMISAPA,PACCHILLA
200104,PIURA,PIURA,CASTILLA,A.H. 28 DE JULIO
150601,LIMA,HUARAL,HUARAL,LA HUACA
200301,PIURA,HUANCABAMBA,HUANCABAMBA,JICATE BAJO (VALDIVIA)
200115,PIURA,PIURA,VEINTISEIS DE OCTUBRE,A.H. VILLA HERMOSA
100702,HUANUCO,MARAÏ¿½ON,CHOLON,EL PARAISO
110103,ICA,ICA,LOS AQUIJES,PARIÑA CHICO
160113,LORETO,MAYNAS,SAN JUAN BAUTISTA,KM. 10 CARRETERA IQUITOS - NAUTA
080906,CUSCO,LA CONVENCION,QUELLOUNO,SANTOSAIRES
100601,HUANUCO,LEONCIO PRADO,RUPA-RUPA,CASTILLO ALTO
140310,LAMBAYEQUE,LAMBAYEQUE,SALAS,SUCCHA ALTA
150132,LIMA,LIMA,SAN JUAN DE LURIGANCHO,SAGRADA FAMILIA
140203,LAMBAYEQUE,FERREÏ¿½AFE,INCAHUASI,LOS COCOS
160101,LORETO,MAYNAS,IQUITOS,C. NAUTA
110105,ICA,ICA,PACHACUTEC,EL SIETE
200104,PIURA,PIURA,CASTILLA,URB. EL BOSQUE
200104,PIURA,PIURA,CASTILLA,A.H. 4 DE MAYO
140311,LAMBAYEQUE,LAMBAYEQUE,SAN JOSE,SAN JOSE
240102,TUMBES,TUMBES,CORRALES,LA JOTA
160502,LORETO,REQUENA,ALTO TAPICHE,WICUNGO
050101,AYACUCHO,HUAMANGA,AYACUCHO,PILACCATA
160113,LORETO,MAYNAS,SAN JUAN BAUTISTA,PAUJIL II ZONA
220510,SAN MARTIN,LAMAS,TABALOSOS,SAN LUIS
160101,LORETO,MAYNAS,IQUITOS,CALLE PEVAS
050401,AYACUCHO,HUANTA,HUANTA,ICHPICO
200401,PIURA,MORROPON,CHULUCANAS,JR. JUNIN
160202,LORETO,ALTO AMAZONAS,BALSAPUERTO,NUEVO PROGRESO
160201,LORETO,ALTO AMAZONAS,YURIMAGUAS,SHITARI
160113,LORETO,MAYNAS,SAN JUAN BAUTISTA,KM.9 CARRETERA IQUITOS-NAUTA
160705,LORETO,DATEM DEL MARAÏ¿½ON,PASTAZA,ALIANZA CRISTIANA
140111,LAMBAYEQUE,CHICLAYO,PICSI,CAPOTE
160113,LORETO,MAYNAS,SAN JUAN BAUTISTA,SAN ROQUE
060409,CAJAMARCA,CHOTA,HUAMBOS,CHIRIBAMBA
050621,AYACUCHO,LUCANAS,SANTA LUCIA,UCHUITAMBO
080912,CUSCO,LA CONVENCION,VILLA VIRGEN,VILLA VIRGEN
160107,LORETO,MAYNAS,NAPO,SUMAC ALLPA
060105,CAJAMARCA,CAJAMARCA,ENCAÏ¿½ADA,COMBAYO
110108,ICA,ICA,SALAS,GUADALUPE
080902,CUSCO,LA CONVENCION,ECHARATE,CHAUARES
150132,LIMA,LIMA,SAN JUAN DE LURIGANCHO,03 COMPUERTAS
160706,LORETO,DATEM DEL MARAÏ¿½ON,ANDOAS,NUEVO PORVENIR
050602,AYACUCHO,LUCANAS,AUCARA,AUCARA
160401,LORETO,MARISCAL RAMON CASTILLA,RAMON CASTILLA,RAMON CASTILLA
150810,LIMA,HUAURA,SANTA MARIA,SAN BARTOLOME - VALDIVIA
160706,LORETO,DATEM DEL MARAÏ¿½ON,ANDOAS,WIJINT
060604,CAJAMARCA,CUTERVO,CUJILLO,EL PAGO
110106,ICA,ICA,PARCONA,VILLA GARCIA
200104,PIURA,PIURA,CASTILLA,AV. PROGRESO
140102,LAMBAYEQUE,CHICLAYO,CHONGOYAPE,CHONGOYAPE
120301,JUNIN,CHANCHAMAYO,CHANCHAMAYO,PAMPA DEL CARMEN
080906,CUSCO,LA CONVENCION,QUELLOUNO,CHIRUMBIA ALTA
120608,JUNIN,SATIPO,RIO TAMBO,QUIPIASHARI
160404,LORETO,MARISCAL RAMON CASTILLA,SAN PABLO,SAN PABLO
080404,CUSCO,CALCA,LARES,AMPARAES
061113,CAJAMARCA,SAN MIGUEL,UNION AGUA BLANCA,PLATANAR
160108,LORETO,MAYNAS,PUNCHANA,AA.HH. 28 DE JULIO
200501,PIURA,PAITA,PAITA,YACILA
120303,JUNIN,CHANCHAMAYO,PICHANAQUI,YARONI
250101,UCAYALI,CORONEL PORTILLO,CALLERIA,SAN JUAN VIEJO
200410,PIURA,MORROPON,YAMANGO,PISCAN BAJO (PISCAN)
160301,LORETO,LORETO,NAUTA,ALFONSO UGARTE
050114,AYACUCHO,HUAMANGA,VINCHOS,OCCOLLO
160112,LORETO,MAYNAS,BELEN,DOS DE MAYO
160101,LORETO,MAYNAS,IQUITOS,MARAVILLA
010201,AMAZONAS,BAGUA,BAGUA,ACHAHUAY ALTO
160108,LORETO,MAYNAS,PUNCHANA,PATRIA NUEVA
240101,TUMBES,TUMBES,TUMBES,CIUDADELA EL MAESTRO
200401,PIURA,MORROPON,CHULUCANAS,CALLE TARAPACA
150810,LIMA,HUAURA,SANTA MARIA,A.VELASQUEZ - LOS PINOS
160211,LORETO,ALTO AMAZONAS,TENIENTE CESAR LOPEZ ROJAS,WANI
160301,LORETO,LORETO,NAUTA,LISBOA
050503,AYACUCHO,LA MAR,AYNA,SAN ANTONIO
050108,AYACUCHO,HUAMANGA,QUINUA,QUINUA
160101,LORETO,MAYNAS,IQUITOS,NAPO S/N
060508,CAJAMARCA,CONTUMAZA,YONAN,PAMPA LARGA
160202,LORETO,ALTO AMAZONAS,BALSAPUERTO,NUEVA ERA
160402,LORETO,MARISCAL RAMON CASTILLA,PEBAS,HUANTA
050114,AYACUCHO,HUAMANGA,VINCHOS,CCOCHAPAMPA
160101,LORETO,MAYNAS,IQUITOS,SANTA ROSA 223
160113,LORETO,MAYNAS,SAN JUAN BAUTISTA,JUAN PEÑA HERRERA
150604,LIMA,HUARAL,AUCALLAMA,BOZA
180208,MOQUEGUA,GENERAL SANCHEZ CERRO,PUQUINA,CHILATA VIEJO (CHILATA)
050109,AYACUCHO,HUAMANGA,SAN JOSE DE TICLLAS,SAN PEDRO DE CAMPAMENTO
200104,PIURA,PIURA,CASTILLA,A.H. NUEVO CASTILLA
120608,JUNIN,SATIPO,RIO TAMBO,SELVA DE ORO
061105,CAJAMARCA,SAN MIGUEL,EL PRADO,EL HUAYO
110106,ICA,ICA,PARCONA,ACOMAYO
250104,UCAYALI,CORONEL PORTILLO,MASISEA,LA UNION
050620,AYACUCHO,LUCANAS,SANTA ANA DE HUAYCAHUACHO,SANTA ANA DE HUAYCAHUACHO
100601,HUANUCO,LEONCIO PRADO,RUPA-RUPA,VISTA ALEGRE
160113,LORETO,MAYNAS,SAN JUAN BAUTISTA,KM. 02 CARRETERA IQUITOS-NAUTA
160302,LORETO,LORETO,PARINARI,PARINARI
190306,PASCO,OXAPAMPA,PUERTO BERMUDEZ,ALDEA NATIVA SANTA ISABEL DE NEGUACHI
160101,LORETO,MAYNAS,IQUITOS,CALLE PUTUMAYO
160107,LORETO,MAYNAS,NAPO,PUERTO HUAMAN
200305,PIURA,HUANCABAMBA,LALAQUIZ,GUAYAQUIL ALTO
080907,CUSCO,LA CONVENCION,KIMBIRI,UVIATO
200104,PIURA,PIURA,CASTILLA,A.H. 9 DE OCTUBRE
100702,HUANUCO,MARAÏ¿½ON,CHOLON,SANTA ROSA
050408,AYACUCHO,HUANTA,LLOCHEGUA,YARURI
250102,UCAYALI,CORONEL PORTILLO,CAMPOVERDE,CAMPOVERDE
140107,LAMBAYEQUE,CHICLAYO,LAGUNAS,LAGUNAS
160101,LORETO,MAYNAS,IQUITOS,MORONA 1252
040202,AREQUIPA,CAMANA,JOSE MARIA QUIMPER,PUENTE FIERRO (EL PUENTE)
200401,PIURA,MORROPON,CHULUCANAS,CALLE HIPOLITO UNANUE
200603,PIURA,SULLANA,IGNACIO ESCUDERO,IGNACIO ESCUDERO
030601,APURIMAC,CHINCHEROS,CHINCHEROS,CHINCHEROS
200104,PIURA,PIURA,CASTILLA,MIRAFLORES
060701,CAJAMARCA,HUALGAYOC,BAMBAMARCA,BAMBAMARCA
160402,LORETO,MARISCAL RAMON CASTILLA,PEBAS,APAYACU
200104,PIURA,PIURA,CASTILLA,A.H. NUEVO TALARITA
160104,LORETO,MAYNAS,INDIANA,YANAYACU - TIMICURO
220203,SAN MARTIN,BELLAVISTA,BAJO BIAVO,SANTA ROSA
160105,LORETO,MAYNAS,LAS AMAZONAS,MANAOS DEL TIPISHCA
160113,LORETO,MAYNAS,SAN JUAN BAUTISTA,INCA MANCO KALI
200401,PIURA,MORROPON,CHULUCANAS,CALLE BUENOS AIRES
010403,AMAZONAS,CONDORCANQUI,RIO SANTIAGO,CANDUNGOS
160104,LORETO,MAYNAS,INDIANA,SANTA VICTORIA
060601,CAJAMARCA,CUTERVO,CUTERVO,SUMIDERO
240105,TUMBES,TUMBES,SAN JACINTO,PECHICHAL
200115,PIURA,PIURA,VEINTISEIS DE OCTUBRE,A.H. SANTA JULIA
160108,LORETO,MAYNAS,PUNCHANA,MALVINAS
050113,AYACUCHO,HUAMANGA,TAMBILLO,TAMBILLO
200101,PIURA,PIURA,PIURA,URB. SANTA MARIA PINAR
160605,LORETO,UCAYALI,SARAYACU,PUCA PANGA
160105,LORETO,MAYNAS,LAS AMAZONAS,SAN AUGUSTO
160113,LORETO,MAYNAS,SAN JUAN BAUTISTA,REFORESTACION
200401,PIURA,MORROPON,CHULUCANAS,JR. MORROPON
200202,PIURA,AYABACA,FRIAS,TUCAQUE
010403,AMAZONAS,CONDORCANQUI,RIO SANTIAGO,LA POZA
200401,PIURA,MORROPON,CHULUCANAS,CALLE TACNA
020606,ANCASH,CARHUAZ,MARCARA,MARCARA
160104,LORETO,MAYNAS,INDIANA,RECREO
051108,AYACUCHO,VILCAS HUAMAN,VISCHONGO,VISCHONGO
050106,AYACUCHO,HUAMANGA,OCROS,MAYURA
160305,LORETO,LORETO,URARINAS,SAN PEDRO (CHAMBIRA)
160401,LORETO,MARISCAL RAMON CASTILLA,RAMON CASTILLA,BUFEO COCHA
200104,PIURA,PIURA,CASTILLA,AV. RAMON CASTILLA
220401,SAN MARTIN,HUALLAGA,SAPOSOA,ARMANAYACU
200104,PIURA,PIURA,CASTILLA,A.H. LAS MONTEROS
060810,CAJAMARCA,JAEN,SAN FELIPE,PIQUIJACA
110506,ICA,PISCO,SAN ANDRES,SAN ANDRES
160101,LORETO,MAYNAS,IQUITOS,LUPUNA
200401,PIURA,MORROPON,CHULUCANAS,CALLE LAMBAYEQUE
150202,LIMA,BARRANCA,PARAMONGA,PARAMONGA
060802,CAJAMARCA,JAEN,BELLAVISTA,CURIACO
200409,PIURA,MORROPON,SANTO DOMINGO,EL JAHUAY
160510,LORETO,REQUENA,JENARO HERRERA,CEDRO ISLA
160101,LORETO,MAYNAS,IQUITOS,MICAELA
200208,PIURA,AYABACA,SAPILLICA,PAMPA VERDE
250101,UCAYALI,CORONEL PORTILLO,CALLERIA,SANTO DOMINGO DE MASHANGAY
160101,LORETO,MAYNAS,IQUITOS,SAN MARTIN
160102,LORETO,MAYNAS,ALTO NANAY,ALTO NANAY
080907,CUSCO,LA CONVENCION,KIMBIRI,UNION VISTA ALEGRE
010205,AMAZONAS,BAGUA,IMAZA,CHIPE
190307,PASCO,OXAPAMPA,VILLA RICA,VILLA RICA
130705,LA LIBERTAD,PACASMAYO,SAN JOSE,SAN JOSE
140308,LAMBAYEQUE,LAMBAYEQUE,OLMOS,EL VIRREY
060907,CAJAMARCA,SAN IGNACIO,TABACONAS,PAMPA DE LIMON
020110,ANCASH,HUARAZ,PARIACOTO,PARIACOTO
200401,PIURA,MORROPON,CHULUCANAS,JR. CALLAO
010706,AMAZONAS,UTCUBAMBA,LONYA GRANDE,LONYA GRANDE
200104,PIURA,PIURA,CASTILLA,SANTA ROSA
010705,AMAZONAS,UTCUBAMBA,JAMALCA,JAMALCA
140307,LAMBAYEQUE,LAMBAYEQUE,MOTUPE,SALITRAL
080906,CUSCO,LA CONVENCION,QUELLOUNO,ANCHIHUAY BAJO
060613,CAJAMARCA,CUTERVO,SANTO TOMAS,SANTO TOMAS
160104,LORETO,MAYNAS,INDIANA,NUEVO PARAISO
160101,LORETO,MAYNAS,IQUITOS,CALLE SAN MARTIN
080901,CUSCO,LA CONVENCION,SANTA ANA,MEZAPATA
080902,CUSCO,LA CONVENCION,ECHARATE,PANGOA
220604,SAN MARTIN,MARISCAL CACERES,PACHIZA,SANAMBO
160605,LORETO,UCAYALI,SARAYACU,13 DE ENERO
200104,PIURA,PIURA,CASTILLA,A.H. TACALA
160704,LORETO,DATEM DEL MARAÏ¿½ON,MORONA,FORTALEZA
050509,AYACUCHO,LA MAR,SAMUGARI,PIRIATO (ZORZA)
140101,LAMBAYEQUE,CHICLAYO,CHICLAYO,SAN ANTONIO
200401,PIURA,MORROPON,CHULUCANAS,AV. RAMON CASTILLA
160702,LORETO,DATEM DEL MARAÏ¿½ON,CAHUAPANAS,PALMICHE
160201,LORETO,ALTO AMAZONAS,YURIMAGUAS,NUEVA ITALIA
060801,CAJAMARCA,JAEN,JAEN,BALSA HUAYCO
200501,PIURA,PAITA,PAITA,PAITA
060508,CAJAMARCA,CONTUMAZA,YONAN,GALLITO CIEGO
160605,LORETO,UCAYALI,SARAYACU,PAINACO
010707,AMAZONAS,UTCUBAMBA,YAMON,YAMON
061113,CAJAMARCA,SAN MIGUEL,UNION AGUA BLANCA,TERLEN
200101,PIURA,PIURA,PIURA,URB. LOS TALLANES
200304,PIURA,HUANCABAMBA,HUARMACA,SAN MARTIN DE CONGOÑA
160304,LORETO,LORETO,TROMPETEROS,PERUANITO
110505,ICA,PISCO,PARACAS,PARACAS
250103,UCAYALI,CORONEL PORTILLO,IPARIA,PUERTO BELEN
200401,PIURA,MORROPON,CHULUCANAS,KM. 48 (SANTA CRUZ)
160101,LORETO,MAYNAS,IQUITOS,PABLO ROSSELL
160108,LORETO,MAYNAS,PUNCHANA,28 DE JULIO
120606,JUNIN,SATIPO,PANGOA,SAN JERONIMO
060810,CAJAMARCA,JAEN,SAN FELIPE,SALITRE
250102,UCAYALI,CORONEL PORTILLO,CAMPOVERDE,SANTA ROSA DE LIMA
100704,HUANUCO,MARAÏ¿½ON,LA MORADA,ZONA B
080907,CUSCO,LA CONVENCION,KIMBIRI,NUEVA ESPERANZA
050508,AYACUCHO,LA MAR,TAMBO,CHALLHUAMAYO
010205,AMAZONAS,BAGUA,IMAZA,IMACITA
150121,LIMA,LIMA,PUEBLO LIBRE,PUEBLO LIBRE
160108,LORETO,MAYNAS,PUNCHANA,INDEPENDENCIA
200104,PIURA,PIURA,CASTILLA,A.H. PAMPAS DE CASTILLA
060801,CAJAMARCA,JAEN,JAEN,SAN MIGUEL DE LAS NARANJAS
160101,LORETO,MAYNAS,IQUITOS,PUTUMAYO
200405,PIURA,MORROPON,MORROPON,MORROPON
200401,PIURA,MORROPON,CHULUCANAS,JR. LIMA
060901,CAJAMARCA,SAN IGNACIO,SAN IGNACIO,SAN IGNACIO
160305,LORETO,LORETO,URARINAS,SARAMURILLO
050105,AYACUCHO,HUAMANGA,CHIARA,MANALLASACC
050703,AYACUCHO,PARINACOCHAS,CORONEL CASTAÏ¿½EDA,PALLANCATA
200104,PIURA,PIURA,CASTILLA,URB. COSSIO DEL POMAR
160107,LORETO,MAYNAS,NAPO,SAN LUIS TACSHA CURARAY
200104,PIURA,PIURA,CASTILLA,CALLE SAN PEDRO
060608,CAJAMARCA,CUTERVO,SAN ANDRES DE CUTERVO,ILLUGAN
080907,CUSCO,LA CONVENCION,KIMBIRI,VISTA ALEGRE BAJA
160113,LORETO,MAYNAS,SAN JUAN BAUTISTA,VILLA BUEN PASTOR
010703,AMAZONAS,UTCUBAMBA,CUMBA,CUMBA
070102,CALLAO,CALLAO,BELLAVISTA,BELLAVISTA
160605,LORETO,UCAYALI,SARAYACU,SAN CRISTOBAL
200401,PIURA,MORROPON,CHULUCANAS,HUASIMAL
200104,PIURA,PIURA,CASTILLA,CHAPAYRA
150118,LIMA,LIMA,LURIGANCHO,NICOLAS DE PIEROLA
150132,LIMA,LIMA,SAN JUAN DE LURIGANCHO,LOS JARDINES
160801,LORETO,PUTUMAYO,PUTUMAYO,BUEN JARDIN
200101,PIURA,PIURA,PIURA,A.H. ALMIRANTE M. GRAU I
200206,PIURA,AYABACA,PACAIPAMPA,PAICAPAMPA
160201,LORETO,ALTO AMAZONAS,YURIMAGUAS,MANGUAY
200407,PIURA,MORROPON,SAN JUAN DE BIGOTE,BADO DE GARZAS
060310,CAJAMARCA,CELENDIN,SUCRE,BELLAVISTA
050409,AYACUCHO,HUANTA,CANAYRE,VILLA PROGRESO
160103,LORETO,MAYNAS,FERNANDO LORES,PANGUANA II ZONA
160202,LORETO,ALTO AMAZONAS,BALSAPUERTO,NUEVA ALIANZA
090312,HUANCAVELICA,ANGARAES,SECCLLA,MARAY
081104,CUSCO,PAUCARTAMBO,COLQUEPATA,COLQUEPATA
160101,LORETO,MAYNAS,IQUITOS,SALAVERRY
140120,LAMBAYEQUE,CHICLAYO,TUMAN,LUYA
140102,LAMBAYEQUE,CHICLAYO,CHONGOYAPE,PAMPA GRANDE
160103,LORETO,MAYNAS,FERNANDO LORES,FOMENTO
160201,LORETO,ALTO AMAZONAS,YURIMAGUAS,NUEVO JUNIN DE CHURUYACU
160702,LORETO,DATEM DEL MARAÏ¿½ON,CAHUAPANAS,UNGURAHUI DE ARIPARI
150709,LIMA,HUAROCHIRI,HUAROCHIRI,HUAROCHIRI
200406,PIURA,MORROPON,SALITRAL,SERRAN
100109,HUANUCO,HUANUCO,SANTA MARIA DEL VALLE,TAULLIGAN
010307,AMAZONAS,BONGARA,JAZAN,JAZAN
060801,CAJAMARCA,JAEN,JAEN,MOCHENTA
080902,CUSCO,LA CONVENCION,ECHARATE,ZONAKISHIATO
010401,AMAZONAS,CONDORCANQUI,NIEVA,SUMPA
140305,LAMBAYEQUE,LAMBAYEQUE,MOCHUMI,PUEBLO NUEVO
200101,PIURA,PIURA,PIURA,BARRIO NORTE
050404,AYACUCHO,HUANTA,IGUAIN,CCECHUA
100605,HUANUCO,LEONCIO PRADO,LUYANDO,RIO NEGRO
080902,CUSCO,LA CONVENCION,ECHARATE,MONTE CARMELO
160113,LORETO,MAYNAS,SAN JUAN BAUTISTA,13 DE JULIO
060504,CAJAMARCA,CONTUMAZA,GUZMANGO,GUZMANGO
160703,LORETO,DATEM DEL MARAÏ¿½ON,MANSERICHE,SOLEDAD
050505,AYACUCHO,LA MAR,CHUNGUI,PUERTO MEJORADA
160103,LORETO,MAYNAS,FERNANDO LORES,SAN JUAN DEL AMAZONAS
200401,PIURA,MORROPON,CHULUCANAS,CALLE AYACUCHO
200401,PIURA,MORROPON,CHULUCANAS,A.H. INMACULADA CONCEPC
200401,PIURA,MORROPON,CHULUCANAS,A.H. JOSE C. MARIATEGUI
160104,LORETO,MAYNAS,INDIANA,SAN PEDRO DEL MANITI
240101,TUMBES,TUMBES,TUMBES,EL ROBLE
220204,SAN MARTIN,BELLAVISTA,HUALLAGA,GRAN BRETAÑA
060809,CAJAMARCA,JAEN,SALLIQUE,LA UNION
160703,LORETO,DATEM DEL MARAÏ¿½ON,MANSERICHE,SARAMIRIZA
200605,PIURA,SULLANA,MARCAVELICA,LA QUINTA
200401,PIURA,MORROPON,CHULUCANAS,A.H. LUIS PUENTE UCEDA
160704,LORETO,DATEM DEL MARAÏ¿½ON,MORONA,MAYURIAGA
160404,LORETO,MARISCAL RAMON CASTILLA,SAN PABLO,NUEVO PROGRESO
160201,LORETO,ALTO AMAZONAS,YURIMAGUAS,MARIANO MELGAR
200105,PIURA,PIURA,CATACAOS,SIMBILA
160201,LORETO,ALTO AMAZONAS,YURIMAGUAS,NUEVO NAUTA
160108,LORETO,MAYNAS,PUNCHANA,SANTA ROSA DEL AMAZONAS
050507,AYACUCHO,LA MAR,SANTA ROSA,NUEVA GERUSALEN
050507,AYACUCHO,LA MAR,SANTA ROSA,PAMPA MIRAFLORES
200401,PIURA,MORROPON,CHULUCANAS,AV. TACNA
060906,CAJAMARCA,SAN IGNACIO,SAN JOSE DE LOURDES,VISTA HERMOSA
160104,LORETO,MAYNAS,INDIANA,NUEVO UCHIZA
050409,AYACUCHO,HUANTA,CANAYRE,CINTIARO
050409,AYACUCHO,HUANTA,CANAYRE,CORONEL PORTILLO
160302,LORETO,LORETO,PARINARI,LEONCIO PRADO
150119,LIMA,LIMA,LURIN,PAMPA DE LURIN
150137,LIMA,LIMA,SANTA ANITA,PERALES
200401,PIURA,MORROPON,CHULUCANAS,CALLE APURIMAC
060801,CAJAMARCA,JAEN,JAEN,NUEVO HORIZONTE
160112,LORETO,MAYNAS,BELEN,SAN PABLO DE LUPUNILLO
140120,LAMBAYEQUE,CHICLAYO,TUMAN,LA CALERITA
160606,LORETO,UCAYALI,VARGAS GUERRA,NUEVO SHETEVO
110108,ICA,ICA,SALAS,SALAS
160108,LORETO,MAYNAS,PUNCHANA,UNION
150510,LIMA,CAÏ¿½ETE,NUEVO IMPERIAL,SANTA ADELA
160403,LORETO,MARISCAL RAMON CASTILLA,YAVARI,LIMONERO
010202,AMAZONAS,BAGUA,ARAMANGO,SHAIN
020905,ANCASH,CORONGO,LA PAMPA,LA PAMPA
200114,PIURA,PIURA,TAMBO GRANDE,VALLECITO
120305,JUNIN,CHANCHAMAYO,SAN RAMON,SAN RAMON
140308,LAMBAYEQUE,LAMBAYEQUE,OLMOS,INSCULAS
200401,PIURA,MORROPON,CHULUCANAS,AV. CIRCUNVALACION
220909,SAN MARTIN,SAN MARTIN,LA BANDA DE SHILCAYO,LAS PALMAS
120130,JUNIN,HUANCAYO,SAN JERONIMO DE TUNAN,SAN JERONIMO DE TUNAN
250102,UCAYALI,CORONEL PORTILLO,CAMPOVERDE,MONTE ALEGRE DE NESHUYA
010401,AMAZONAS,CONDORCANQUI,NIEVA,JUAN VELASCO ALVARADO
160102,LORETO,MAYNAS,ALTO NANAY,MIRAFLORES
080901,CUSCO,LA CONVENCION,SANTA ANA,MACAMANGO
040305,AREQUIPA,CARAVELI,BELLA UNION,BELLA UNION
060401,CAJAMARCA,CHOTA,CHOTA,SANTA ROSA BAJO
130613,LA LIBERTAD,OTUZCO,SINSICAP,SAN IGNACIO
160113,LORETO,MAYNAS,SAN JUAN BAUTISTA,HABANA
010707,AMAZONAS,UTCUBAMBA,YAMON,EL PALTO
160706,LORETO,DATEM DEL MARAÏ¿½ON,ANDOAS,BETHEL
100901,HUANUCO,PUERTO INCA,PUERTO INCA,CLEYTON
200104,PIURA,PIURA,CASTILLA,A.H. INDEPENDENCIA
220507,SAN MARTIN,LAMAS,RUMISAPA,RUMISAPA
160108,LORETO,MAYNAS,PUNCHANA,SANTA CLARA
150510,LIMA,CAÏ¿½ETE,NUEVO IMPERIAL,NUEVO IMPERIAL
160113,LORETO,MAYNAS,SAN JUAN BAUTISTA,PAUJIL
160113,LORETO,MAYNAS,SAN JUAN BAUTISTA,AA. HH. SECADA
021201,ANCASH,HUAYLAS,CARAZ,PATY
200401,PIURA,MORROPON,CHULUCANAS,CALLE HUANCAVELICA
140117,LAMBAYEQUE,CHICLAYO,PATAPO,PATAPO
140312,LAMBAYEQUE,LAMBAYEQUE,TUCUME,ZAPOTAL TABACAL
150142,LIMA,LIMA,VILLA EL SALVADOR,URB. PACHACAMAC
230101,TACNA,TACNA,TACNA,TACNA
160113,LORETO,MAYNAS,SAN JUAN BAUTISTA,MIRAFLORES
160502,LORETO,REQUENA,ALTO TAPICHE,PUERTO ANGEL
160113,LORETO,MAYNAS,SAN JUAN BAUTISTA,CUYANA
160803,LORETO,PUTUMAYO,TENIENTE MANUEL CLAVERO,SOPLIN VARGAS
160113,LORETO,MAYNAS,SAN JUAN BAUTISTA,PUCAYACU
150135,LIMA,LIMA,SAN MARTIN DE PORRES,LAS GARDENIAS
200104,PIURA,PIURA,CASTILLA,A.H. NUEVO HORIZONTE
100609,HUANUCO,LEONCIO PRADO,PUEBLO NUEVO,PUEBLO NUEVO
160803,LORETO,PUTUMAYO,TENIENTE MANUEL CLAVERO,PENEITA
160803,LORETO,PUTUMAYO,TENIENTE MANUEL CLAVERO,PUERTO LUPITA
160803,LORETO,PUTUMAYO,TENIENTE MANUEL CLAVERO,SARGENTO TEJADA
160101,LORETO,MAYNAS,IQUITOS,AV. DEL EJERCITO S/N
160101,LORETO,MAYNAS,IQUITOS,ABTAO
200304,PIURA,HUANCABAMBA,HUARMACA,LA RINCONADA
200104,PIURA,PIURA,CASTILLA,A.H. LOS MEDANOS
061006,CAJAMARCA,SAN MARCOS,JOSE MANUEL QUIROZ,SHIRAC
220203,SAN MARTIN,BELLAVISTA,BAJO BIAVO,NUEVA ESPERANZA
140102,LAMBAYEQUE,CHICLAYO,CHONGOYAPE,CUCULI VIEJO
160202,LORETO,ALTO AMAZONAS,BALSAPUERTO,FRAY MARTIN
050501,AYACUCHO,LA MAR,SAN MIGUEL,COCHAS ALTA
220905,SAN MARTIN,SAN MARTIN,CHIPURANA,CHIPURANA
050409,AYACUCHO,HUANTA,CANAYRE,SANTA ROSA
220710,SAN MARTIN,PICOTA,TRES UNIDOS,TRES UNIDOS
051011,AYACUCHO,VICTOR FAJARDO,SARHUA,SARHUA
150107,LIMA,LIMA,CHACLACAYO,MORON
160101,LORETO,MAYNAS,IQUITOS,CABALLERO LASTRE
160113,LORETO,MAYNAS,SAN JUAN BAUTISTA,GIRASOLES
200705,PIURA,TALARA,LOS ORGANOS,SECTOR 6
200706,PIURA,TALARA,MANCORA,SECTOR 7
200104,PIURA,PIURA,CASTILLA,A.H. CIUDAD DEL NIÑO
160510,LORETO,REQUENA,JENARO HERRERA,NUEVA YORK
200406,PIURA,MORROPON,SALITRAL,MANGAMANGUILLA
200409,PIURA,MORROPON,SANTO DOMINGO,BOTIJAS
200408,PIURA,MORROPON,SANTA CATALINA DE MOSSA,ALGODONALES
200405,PIURA,MORROPON,MORROPON,A.H. CAPITAN QUIÑONES
200104,PIURA,PIURA,CASTILLA,A.H. LAS MERCEDES
200104,PIURA,PIURA,CASTILLA,A.H. LOS JARDINES
060907,CAJAMARCA,SAN IGNACIO,TABACONAS,MANCHARA
160101,LORETO,MAYNAS,IQUITOS,CALLE 3 DE SEPTIEMBRE
160101,LORETO,MAYNAS,IQUITOS,GRAU
250302,UCAYALI,PADRE ABAD,IRAZOLA,NUEVO TAHUANTINSUYO
130801,LA LIBERTAD,PATAZ,TAYABAMBA,TAYABAMBA
160107,LORETO,MAYNAS,NAPO,SANTA MARIA DE LORETO
150805,LIMA,HUAURA,HUALMAY,D.MANDAM. - CRUZ BLANCA
160507,LORETO,REQUENA,SAQUENA,TIBI PLAYA I ZONA
160112,LORETO,MAYNAS,BELEN,JESSICA INCHAUSTEGUI
010702,AMAZONAS,UTCUBAMBA,CAJARURO,ALTO AMAZONAS
200104,PIURA,PIURA,CASTILLA,A.H. MADRE TERESA DE CALCUTA
160210,LORETO,ALTO AMAZONAS,SANTA CRUZ,PROGRESO
160113,LORETO,MAYNAS,SAN JUAN BAUTISTA,PRIMAVERA
160108,LORETO,MAYNAS,PUNCHANA,SAN ANTONIO
160108,LORETO,MAYNAS,PUNCHANA,SANTA MARIA
220504,SAN MARTIN,LAMAS,CAYNARACHI,COPAL
160113,LORETO,MAYNAS,SAN JUAN BAUTISTA,SAN LORENZO
200104,PIURA,PIURA,CASTILLA,A.H. VALLE LA ESPERANZA
150806,LIMA,HUAURA,HUAURA,SOCORRO - 3 DE MAYO
160202,LORETO,ALTO AMAZONAS,BALSAPUERTO,NUEVA VIDA
160201,LORETO,ALTO AMAZONAS,YURIMAGUAS,SAN JUAN LIBERTAD
160508,LORETO,REQUENA,SOPLIN,CURINGA
060508,CAJAMARCA,CONTUMAZA,YONAN,YATAHUAL
050407,AYACUCHO,HUANTA,SIVIA,BALSAMUYOCC
050407,AYACUCHO,HUANTA,SIVIA,TUTEROCHAYOCC
131202,LA LIBERTAD,VIRU,CHAO,NUEVO CHAO
060904,CAJAMARCA,SAN IGNACIO,LA COIPA,LAS CALABAZAS
100606,HUANUCO,LEONCIO PRADO,MARIANO DAMASO BERAUN,SANTA CARMEN
200114,PIURA,PIURA,TAMBO GRANDE,PEDREGAL ALTO
150601,LIMA,HUARAL,HUARAL,CONTIGO PERU
200401,PIURA,MORROPON,CHULUCANAS,JR. HUANCAVELICA
160108,LORETO,MAYNAS,PUNCHANA,NUEVA VIDA
150801,LIMA,HUAURA,HUACHO,SECTOR VII
230401,TACNA,TARATA,TARATA,TARATA
230103,TACNA,TACNA,CALANA,PIEDRA BLANCA
160706,LORETO,DATEM DEL MARAÏ¿½ON,ANDOAS,ALIANZA CRISTIANA
010201,AMAZONAS,BAGUA,BAGUA,LAS JUNTAS
160401,LORETO,MARISCAL RAMON CASTILLA,RAMON CASTILLA,MANICHI
050112,AYACUCHO,HUAMANGA,SOCOS,ACRAYBAMBA
160202,LORETO,ALTO AMAZONAS,BALSAPUERTO,SOLEDAD
160113,LORETO,MAYNAS,SAN JUAN BAUTISTA,KM.03 CARRETERA IQUITOS-NAUTA
200104,PIURA,PIURA,CASTILLA,A.H. SAN FRANCISCO DE ASIS
240103,TUMBES,TUMBES,LA CRUZ,CALETA CRUZ
010401,AMAZONAS,CONDORCANQUI,NIEVA,ALTO KUIT
200114,PIURA,PIURA,TAMBO GRANDE,SECTOR 12
200210,PIURA,AYABACA,SUYO,SANTA ROSA
200601,PIURA,SULLANA,SULLANA,A.H. SANTA TERESITA
080902,CUSCO,LA CONVENCION,ECHARATE,YOMETOATO
080902,CUSCO,LA CONVENCION,ECHARATE,ALTO KORIBENI
080902,CUSCO,LA CONVENCION,ECHARATE,KAPASHIARI
120107,JUNIN,HUANCAYO,CHILCA,CHILCA
060614,CAJAMARCA,CUTERVO,SOCOTA,SANTA ELENA
160401,LORETO,MARISCAL RAMON CASTILLA,RAMON CASTILLA,SAN MIGUEL DE CACAO
160401,LORETO,MARISCAL RAMON CASTILLA,RAMON CASTILLA,SANTA ROSA DEL CAÑO
160401,LORETO,MARISCAL RAMON CASTILLA,RAMON CASTILLA,SANTA RITA DE CAÑO
160401,LORETO,MARISCAL RAMON CASTILLA,RAMON CASTILLA,PALO SECO
160401,LORETO,MARISCAL RAMON CASTILLA,RAMON CASTILLA,EL SOL
250104,UCAYALI,CORONEL PORTILLO,MASISEA,PUERTO PUTAYA
120302,JUNIN,CHANCHAMAYO,PERENE,SANTA ROSA
200114,PIURA,PIURA,TAMBO GRANDE,VALLE SAN JUAN
140205,LAMBAYEQUE,FERREÏ¿½AFE,PITIPO,SIME
200210,PIURA,AYABACA,SUYO,PUEBLO NUEVO
100606,HUANUCO,LEONCIO PRADO,MARIANO DAMASO BERAUN,QUEZADA
010202,AMAZONAS,BAGUA,ARAMANGO,ARAMANGO
160104,LORETO,MAYNAS,INDIANA,RAMON CASTILLA
150103,LIMA,LIMA,ATE,ATE VITARTE
200401,PIURA,MORROPON,CHULUCANAS,A.H. NUEVO AMANECER
200201,PIURA,AYABACA,AYABACA,AYABACA
160401,LORETO,MARISCAL RAMON CASTILLA,RAMON CASTILLA,CUSHILLO COCHA
160401,LORETO,MARISCAL RAMON CASTILLA,RAMON CASTILLA,BELLAVISTA CALLARU
160401,LORETO,MARISCAL RAMON CASTILLA,RAMON CASTILLA,SAN ESTEBAN
130104,LA LIBERTAD,TRUJILLO,HUANCHACO,EL MILAGRO
050407,AYACUCHO,HUANTA,SIVIA,SANTA ROSA ALTA
060401,CAJAMARCA,CHOTA,CHOTA,CHUYABAMBA
010702,AMAZONAS,UTCUBAMBA,CAJARURO,DIAMANTE BAJO
140306,LAMBAYEQUE,LAMBAYEQUE,MORROPE,LA COLORADA
220601,SAN MARTIN,MARISCAL CACERES,JUANJUI,JUNAN
120303,JUNIN,CHANCHAMAYO,PICHANAQUI,LA LIBERTAD PICHANAKI
160113,LORETO,MAYNAS,SAN JUAN BAUTISTA,SANTA SOFIA
160101,LORETO,MAYNAS,IQUITOS,CALLE MARISCAL CACERES
160113,LORETO,MAYNAS,SAN JUAN BAUTISTA,NUEVO SAN JUAN
160113,LORETO,MAYNAS,SAN JUAN BAUTISTA,SAN ANDRES
010205,AMAZONAS,BAGUA,IMAZA,WAYAMPIAK
200601,PIURA,SULLANA,SULLANA,LOPEZ ALBUJAR
200701,PIURA,TALARA,PARIÏ¿½AS,PARIÏ¿½AS
150114,LIMA,LIMA,LA MOLINA,VIÑA ALTA
160501,LORETO,REQUENA,REQUENA,SAN ANTONIO
160108,LORETO,MAYNAS,PUNCHANA,SARGENTO LORES
200104,PIURA,PIURA,CASTILLA,A.H. ALMIRANTE M. GRAU I E
060106,CAJAMARCA,CAJAMARCA,JESUS,JESUS
150504,LIMA,CAÏ¿½ETE,CERRO AZUL,BELLAVISTA
160101,LORETO,MAYNAS,IQUITOS,CALLE FANNING
050619,AYACUCHO,LUCANAS,SANCOS,CHAQUIPAMPA
160108,LORETO,MAYNAS,PUNCHANA,SANTA CLARA DEL OJEAL
130503,LA LIBERTAD,JULCAN,CARABAMBA,CARABAMBA
160112,LORETO,MAYNAS,BELEN,BENAVIDES
140108,LAMBAYEQUE,CHICLAYO,MONSEFU,CAYANCA
160803,LORETO,PUTUMAYO,TENIENTE MANUEL CLAVERO,BELLAVISTA
160803,LORETO,PUTUMAYO,TENIENTE MANUEL CLAVERO,PUERTO ESPEJO
160803,LORETO,PUTUMAYO,TENIENTE MANUEL CLAVERO,NUEVA ESPERANZA
160801,LORETO,PUTUMAYO,PUTUMAYO,REMANSO
160110,LORETO,MAYNAS,TORRES CAUSANA,ESTIRON
060612,CAJAMARCA,CUTERVO,SANTO DOMINGO DE LA CAPILLA,SANTO DOMINGO DE LA CAPILLA
160106,LORETO,MAYNAS,MAZAN,MANGUA
190304,PASCO,OXAPAMPA,PALCAZU,ISCOZACIN
160104,LORETO,MAYNAS,INDIANA,PALMERAS I - ZONA
220405,SAN MARTIN,HUALLAGA,SACANCHE,JERUSALEN
010113,AMAZONAS,CHACHAPOYAS,MARISCAL CASTILLA,MARISCAL CASTILLA
150810,LIMA,HUAURA,SANTA MARIA,STA.MARIA - TOMA Y CALLA
160402,LORETO,MARISCAL RAMON CASTILLA,PEBAS,SARGENTO LORES
200606,PIURA,SULLANA,MIGUEL CHECA,SOJO
160113,LORETO,MAYNAS,SAN JUAN BAUTISTA,AA.HH. JORGE CHAVEZ
150806,LIMA,HUAURA,HUAURA,SOCORRO - CNEL.PORTILLO
050503,AYACUCHO,LA MAR,AYNA,PASÑATA
190304,PASCO,OXAPAMPA,PALCAZU,ALDEA NATIVA SHIRINGAMAZU SAN LUIS
200104,PIURA,PIURA,CASTILLA,A.H. CHICLAYITO
200210,PIURA,AYABACA,SUYO,LA TINA
160113,LORETO,MAYNAS,SAN JUAN BAUTISTA,VILLA VICTORIA
080902,CUSCO,LA CONVENCION,ECHARATE,TINTINIAQUIATO
050502,AYACUCHO,LA MAR,ANCO,AMARGURA
160505,LORETO,REQUENA,MAQUIA,VICTORIA
140113,LAMBAYEQUE,CHICLAYO,REQUE,MONTEGRANDE (MEDANO GRANDE)
060108,CAJAMARCA,CAJAMARCA,LOS BAÏ¿½OS DEL INCA,LOS BAÏ¿½OS DEL INCA
061006,CAJAMARCA,SAN MARCOS,JOSE MANUEL QUIROZ,JOSE MANUEL QUIROZ
060801,CAJAMARCA,JAEN,JAEN,MIRAFLORES
010401,AMAZONAS,CONDORCANQUI,NIEVA,NIEVA
050407,AYACUCHO,HUANTA,SIVIA,COMPAÑIA BAJA
150905,LIMA,OYON,NAVAN,LIPLE
160507,LORETO,REQUENA,SAQUENA,YUCURUCHI
050606,AYACUCHO,LUCANAS,CHIPAO,CHIPAO
050205,AYACUCHO,CANGALLO,PARAS,IGLESIA HUASI
250301,UCAYALI,PADRE ABAD,PADRE ABAD,NUEVA PALESTINA
160104,LORETO,MAYNAS,INDIANA,HUMARAL
140202,LAMBAYEQUE,FERREÏ¿½AFE,CAÏ¿½ARIS,PALO BLANCO
020601,ANCASH,CARHUAZ,CARHUAZ,CARHUAZ
040126,AREQUIPA,AREQUIPA,YANAHUARA,YANAHUARA
160201,LORETO,ALTO AMAZONAS,YURIMAGUAS,SANTA CLARA
160108,LORETO,MAYNAS,PUNCHANA,BELLAVISTA
160106,LORETO,MAYNAS,MAZAN,TAMANCO
060410,CAJAMARCA,CHOTA,LAJAS,LAJAS
061102,CAJAMARCA,SAN MIGUEL,BOLIVAR,BOLIVAR
160102,LORETO,MAYNAS,ALTO NANAY,LIBERTAD
160104,LORETO,MAYNAS,INDIANA,TIMICURO GRANDE
200801,PIURA,SECHURA,SECHURA,PARACHIQUE - LA BOCANA
150128,LIMA,LIMA,RIMAC,LETICIA
160403,LORETO,MARISCAL RAMON CASTILLA,YAVARI,SANTA ROSA
131202,LA LIBERTAD,VIRU,CHAO,CHAO
160104,LORETO,MAYNAS,INDIANA,IQUIQUE
220502,SAN MARTIN,LAMAS,ALONSO DE ALVARADO,ALTO CUTERVO
160107,LORETO,MAYNAS,NAPO,NUEVO CAJAMARCA
160801,LORETO,PUTUMAYO,PUTUMAYO,TENIENTE GARCIA
050407,AYACUCHO,HUANTA,SIVIA,CASERVINE SUR
150106,LIMA,LIMA,CARABAYLLO,LA CRUZ
160202,LORETO,ALTO AMAZONAS,BALSAPUERTO,SAN LORENZO CACHIYACU
090305,HUANCAVELICA,ANGARAES,CHINCHO,HUANCHUY
160113,LORETO,MAYNAS,SAN JUAN BAUTISTA,PROL. MOORE
060613,CAJAMARCA,CUTERVO,SANTO TOMAS,PLAYA GRANDE
050509,AYACUCHO,LA MAR,SAMUGARI,PICHIHUILCA
200806,PIURA,SECHURA,RINCONADA-LLICUAR,RINCONADA-LLICUAR
200602,PIURA,SULLANA,BELLAVISTA,CHALACALA ALTO
200114,PIURA,PIURA,TAMBO GRANDE,SAN PEDRILLO
200602,PIURA,SULLANA,BELLAVISTA,SOMATE BAJO
060904,CAJAMARCA,SAN IGNACIO,LA COIPA,LA COIPA
090205,HUANCAVELICA,ACOBAMBA,MARCAS,MARCAS
160113,LORETO,MAYNAS,SAN JUAN BAUTISTA,TRES UNIDOS
160103,LORETO,MAYNAS,FERNANDO LORES,BUENOS AIRES (RIO AMAZONAS)
160801,LORETO,PUTUMAYO,PUTUMAYO,GUEPPI
080901,CUSCO,LA CONVENCION,SANTA ANA,TIOBAMBA
160305,LORETO,LORETO,URARINAS,MAYPUCO
150811,LIMA,HUAURA,SAYAN,LA MERCED
010701,AMAZONAS,UTCUBAMBA,BAGUA GRANDE,LA VICTORIA
200706,PIURA,TALARA,MANCORA,SECTOR 5
130904,LA LIBERTAD,SANCHEZ CARRION,CURGOS,CURGOS
250204,UCAYALI,ATALAYA,YURUA,SAN PABLO
130110,LA LIBERTAD,TRUJILLO,SIMBAL,COLLAMBAY
160508,LORETO,REQUENA,SOPLIN,FRONTERA
080902,CUSCO,LA CONVENCION,ECHARATE,IVOCHOTE
150107,LIMA,LIMA,CHACLACAYO,VILLA RICA
160108,LORETO,MAYNAS,PUNCHANA,PSJ ALIANZA
160113,LORETO,MAYNAS,SAN JUAN BAUTISTA,HUAMBE
220602,SAN MARTIN,MARISCAL CACERES,CAMPANILLA,SION
100704,HUANUCO,MARAÏ¿½ON,LA MORADA,LA MORADA
160101,LORETO,MAYNAS,IQUITOS,SAN JOSE DE LUPUNA
160112,LORETO,MAYNAS,BELEN,CALLE 3
160113,LORETO,MAYNAS,SAN JUAN BAUTISTA,BENITO TUESTA
060703,CAJAMARCA,HUALGAYOC,HUALGAYOC,HUALGAYOC
060409,CAJAMARCA,CHOTA,HUAMBOS,HUAMBOS
140106,LAMBAYEQUE,CHICLAYO,LA VICTORIA,CHACUPE ALTO
060903,CAJAMARCA,SAN IGNACIO,HUARANGO,LA LIMA
220206,SAN MARTIN,BELLAVISTA,SAN RAFAEL,PANAMA
120303,JUNIN,CHANCHAMAYO,PICHANAQUI,BAJO KIMIRIKI
160101,LORETO,MAYNAS,IQUITOS,GONZALES VIGIL
050505,AYACUCHO,LA MAR,CHUNGUI,CHINCHIBAMBA
160301,LORETO,LORETO,NAUTA,SANTA CRUZ
050111,AYACUCHO,HUAMANGA,SANTIAGO DE PISCHA,SANTIAGO DE PISCHA
220101,SAN MARTIN,MOYOBAMBA,MOYOBAMBA,NUEVO PROGRESO
160803,LORETO,PUTUMAYO,TENIENTE MANUEL CLAVERO,TENIENTE MANUEL CLAVERO
160107,LORETO,MAYNAS,NAPO,CURARAY
160113,LORETO,MAYNAS,SAN JUAN BAUTISTA,BELEN DE JUDA
160101,LORETO,MAYNAS,IQUITOS,MORONA 1248
160101,LORETO,MAYNAS,IQUITOS,CENTRO POBLADO MANITI II ZONA
160101,LORETO,MAYNAS,IQUITOS,LAS MERCEDES
160305,LORETO,LORETO,URARINAS,NUEVA ESPERANZA
080907,CUSCO,LA CONVENCION,KIMBIRI,VISTA ALEGRE
150143,LIMA,LIMA,VILLA MARIA DEL TRIUNFO,PARAISO ALTO
100103,HUANUCO,HUANUCO,CHINCHAO,CHALLANA
100103,HUANUCO,HUANUCO,CHINCHAO,SAN PEDRO DE CARPISH
120303,JUNIN,CHANCHAMAYO,PICHANAQUI,SHINGANARI
150103,LIMA,LIMA,ATE,COOP. 27 DE ABRIL
060417,CAJAMARCA,CHOTA,TACABAMBA,PUÑA (CHACCHA)
200104,PIURA,PIURA,CASTILLA,RIO SECO
100601,HUANUCO,LEONCIO PRADO,RUPA-RUPA,CAPITAN MANUEL ARELLANO (AFILADOR)
160108,LORETO,MAYNAS,PUNCHANA,DELICIA MANZUR
200401,PIURA,MORROPON,CHULUCANAS,HUAPALAS
170302,MADRE DE DIOS,TAHUAMANU,IBERIA,FLOR DE ACRE
170103,MADRE DE DIOS,TAMBOPATA,LAS PIEDRAS,MONTERREY
170203,MADRE DE DIOS,MANU,MADRE DE DIOS,ALTO PUKIRI
170204,MADRE DE DIOS,MANU,HUEPETUHE,KIMIRI
160112,LORETO,MAYNAS,BELEN,SANTA ROSA DE MUYUY I ZONA
160101,LORETO,MAYNAS,IQUITOS,CALLE MOORE
220702,SAN MARTIN,PICOTA,BUENOS AIRES,BUENOS AIRES
220205,SAN MARTIN,BELLAVISTA,SAN PABLO,CONSUELO
160101,LORETO,MAYNAS,IQUITOS,AV. DEL EJERCITO 219
160113,LORETO,MAYNAS,SAN JUAN BAUTISTA,VILLA LUZ
120134,JUNIN,HUANCAYO,SICAYA,SICAYA
120606,JUNIN,SATIPO,PANGOA,PANGOA
050510,AYACUCHO,LA MAR,ANCHIHUAY,VILLA UNION
240303,TUMBES,ZARUMILLA,MATAPALO,EL TUTUMO
160113,LORETO,MAYNAS,SAN JUAN BAUTISTA,PARAISO
200104,PIURA,PIURA,CASTILLA,A.H. ALMIRANTE M. GRAU II E
160302,LORETO,LORETO,PARINARI,ATENAS
170104,MADRE DE DIOS,TAMBOPATA,LABERINTO,FLORIDA BAJA
240303,TUMBES,ZARUMILLA,MATAPALO,NUEVO PROGRESO
160113,LORETO,MAYNAS,SAN JUAN BAUTISTA,VIOLETAS
160113,LORETO,MAYNAS,SAN JUAN BAUTISTA,KM.24 CARRETERA IQUITOS - NAUTA
160113,LORETO,MAYNAS,SAN JUAN BAUTISTA,KM. 20 CARRETERA IQUITOS - -NAUTA
160113,LORETO,MAYNAS,SAN JUAN BAUTISTA,KM.8 CARRETERA IQUITOS - NAUTA
200101,PIURA,PIURA,PIURA,A.H. LAS PALMERAS
160112,LORETO,MAYNAS,BELEN,SECADA VIGNETA
160106,LORETO,MAYNAS,MAZAN,URCO MIRAÑO
150801,LIMA,HUAURA,HUACHO,SECTOR I
160106,LORETO,MAYNAS,MAZAN,PARAISO
160106,LORETO,MAYNAS,MAZAN,BAGAZAN
010202,AMAZONAS,BAGUA,ARAMANGO,EL MUYO (C.P.L.)
120302,JUNIN,CHANCHAMAYO,PERENE,SATELITE
050505,AYACUCHO,LA MAR,CHUNGUI,SAN JOSE DE VILLAVISTA
160103,LORETO,MAYNAS,FERNANDO LORES,GALLITO
160107,LORETO,MAYNAS,NAPO,SAN JOSE
160511,LORETO,REQUENA,YAQUERANA,SAN JOSE DE AÑUSHI
160107,LORETO,MAYNAS,NAPO,SAN CARLOS
160113,LORETO,MAYNAS,SAN JUAN BAUTISTA,LOBOYACU
160101,LORETO,MAYNAS,IQUITOS,CALLE YAVARI
140115,LAMBAYEQUE,CHICLAYO,SAÏ¿½A,LA OTRA BANDA
060301,CAJAMARCA,CELENDIN,CELENDIN,PAMPA GRANDE
100602,HUANUCO,LEONCIO PRADO,DANIEL ALOMIA ROBLES,JORGE CHAVEZ
200101,PIURA,PIURA,PIURA,A.H. LAGUNA AZUL
200101,PIURA,PIURA,PIURA,A.H. ALMIRANTE M. GRAU II
160108,LORETO,MAYNAS,PUNCHANA,AVILA MARINA
160108,LORETO,MAYNAS,PUNCHANA,AV. COLONIAL
160101,LORETO,MAYNAS,IQUITOS,PSJ. JORGE CHAVEZ
120606,JUNIN,SATIPO,PANGOA,MIRAFLORES
160106,LORETO,MAYNAS,MAZAN,QUEBRADA PAÑA
160104,LORETO,MAYNAS,INDIANA,SANTA SOFIA
170101,MADRE DE DIOS,TAMBOPATA,TAMBOPATA,BOCA MANU
170101,MADRE DE DIOS,TAMBOPATA,TAMBOPATA,CHORRILLOS
160106,LORETO,MAYNAS,MAZAN,8 DE OCTUBRE
160106,LORETO,MAYNAS,MAZAN,1ERO. DE ENERO DEL MAZAN
080904,CUSCO,LA CONVENCION,MARANURA,SANTA MARIA LA NUEVA
160113,LORETO,MAYNAS,SAN JUAN BAUTISTA,SAN PEDRO - SAN PABLO
170103,MADRE DE DIOS,TAMBOPATA,LAS PIEDRAS,LUCERNA
170101,MADRE DE DIOS,TAMBOPATA,TAMBOPATA,LAGO SANDOVAL
160106,LORETO,MAYNAS,MAZAN,PETRONA ISLA
160106,LORETO,MAYNAS,MAZAN,NUEVO HORIZONTE
170103,MADRE DE DIOS,TAMBOPATA,LAS PIEDRAS,SANTA ROSA
170303,MADRE DE DIOS,TAHUAMANU,TAHUAMANU,TAHUAMANU
050510,AYACUCHO,LA MAR,ANCHIHUAY,SAN JOSE
160501,LORETO,REQUENA,REQUENA,FRAY MARTIN
160505,LORETO,REQUENA,MAQUIA,OBRERO
080901,CUSCO,LA CONVENCION,SANTA ANA,PACHAC CHICO
080902,CUSCO,LA CONVENCION,ECHARATE,PACHIRI MARGEN DERECHA
160106,LORETO,MAYNAS,MAZAN,LIBERTAD
160113,LORETO,MAYNAS,SAN JUAN BAUTISTA,TARAPOTO
130106,LA LIBERTAD,TRUJILLO,LAREDO,SANTO DOMINGO
160106,LORETO,MAYNAS,MAZAN,ISRAEL
160101,LORETO,MAYNAS,IQUITOS,CALLE 9 DE DICIEMBRE
160104,LORETO,MAYNAS,INDIANA,PUERTO RICO
220805,SAN MARTIN,RIOJA,PARDO MIGUEL,NARANJOS
160505,LORETO,REQUENA,MAQUIA,MAQUIA
200114,PIURA,PIURA,TAMBO GRANDE,SAN FERNANDO
200114,PIURA,PIURA,TAMBO GRANDE,LA PEÑITA
200210,PIURA,AYABACA,SUYO,CACHAQUITO
250106,UCAYALI,CORONEL PORTILLO,NUEVA REQUENA,NUEVA REQUENA
160703,LORETO,DATEM DEL MARAÏ¿½ON,MANSERICHE,BORJA
131201,LA LIBERTAD,VIRU,VIRU,VIRU
030301,APURIMAC,ANTABAMBA,ANTABAMBA,ANTAMBAMBA
140303,LAMBAYEQUE,LAMBAYEQUE,ILLIMO,CRUZ VERDE
160108,LORETO,MAYNAS,PUNCHANA,CALLE TRUJILLO 543
050401,AYACUCHO,HUANTA,HUANTA,QUINRAPA
160104,LORETO,MAYNAS,INDIANA,SANTA ISABEL
160106,LORETO,MAYNAS,MAZAN,TUTO PISHCO
030101,APURIMAC,ABANCAY,ABANCAY,LIMAPATA
170104,MADRE DE DIOS,TAMBOPATA,LABERINTO,INAMBARILLO
010205,AMAZONAS,BAGUA,IMAZA,WACHAPEA
081203,CUSCO,QUISPICANCHI,CAMANTI,SAN LORENZO
080901,CUSCO,LA CONVENCION,SANTA ANA,JARAMILLUYOC
160106,LORETO,MAYNAS,MAZAN,NUEVO TIWINSA
050408,AYACUCHO,HUANTA,LLOCHEGUA,MATUCANA
250303,UCAYALI,PADRE ABAD,CURIMANA,PUEBLO LIBRE
250101,UCAYALI,CORONEL PORTILLO,CALLERIA,TACSHITEA
160108,LORETO,MAYNAS,PUNCHANA,PROL. TRUJILLO
080904,CUSCO,LA CONVENCION,MARANURA,MARANURA
080902,CUSCO,LA CONVENCION,ECHARATE,PISPITA
081209,CUSCO,QUISPICANCHI,MARCAPATA,MARCAPATA
240105,TUMBES,TUMBES,SAN JACINTO,LA PEÑA
240101,TUMBES,TUMBES,TUMBES,AA.HH. LOS CEDROS
190308,PASCO,OXAPAMPA,CONSTITUCION,CONSTITUCION
140303,LAMBAYEQUE,LAMBAYEQUE,ILLIMO,HUACA DE PIEDRA
200104,PIURA,PIURA,CASTILLA,A.H. LA PRIMAVERA II
160113,LORETO,MAYNAS,SAN JUAN BAUTISTA,AV. GUARDIA CIVIL
050509,AYACUCHO,LA MAR,SAMUGARI,SAN AGUSTIN
160113,LORETO,MAYNAS,SAN JUAN BAUTISTA,VILLA ESPERANZA
200104,PIURA,PIURA,CASTILLA,A.H. SAN VALENTIN
200101,PIURA,PIURA,PIURA,SANTA FE
160108,LORETO,MAYNAS,PUNCHANA,CENTRO FUERTE
160104,LORETO,MAYNAS,INDIANA,NUEVO LIBERAL
080404,CUSCO,CALCA,LARES,LARES
080901,CUSCO,LA CONVENCION,SANTA ANA,URPIPATA ALTA
160305,LORETO,LORETO,URARINAS,CONCORDIA
160113,LORETO,MAYNAS,SAN JUAN BAUTISTA,KM. 6 CARETERA IQUITOS-NAUTA
060802,CAJAMARCA,JAEN,BELLAVISTA,VISTA ALEGRE DE CHINGAMA
160104,LORETO,MAYNAS,INDIANA,SAN JOSE
160101,LORETO,MAYNAS,IQUITOS,1RO DE ENERO
060808,CAJAMARCA,JAEN,PUCARA,PLAYA AZUL
160101,LORETO,MAYNAS,IQUITOS,AV. ALFONSO UGARTE
160104,LORETO,MAYNAS,INDIANA,MANITI II ZONA
160113,LORETO,MAYNAS,SAN JUAN BAUTISTA,GUILLERMO RENGIFO
220707,SAN MARTIN,PICOTA,SAN HILARION,SAN CRISTOBAL DE SISA
050502,AYACUCHO,LA MAR,ANCO,PAMPA AURORA
050502,AYACUCHO,LA MAR,ANCO,ARWIMAYO
160303,LORETO,LORETO,TIGRE,12 DE OCTUBRE
160101,LORETO,MAYNAS,IQUITOS,PSJE SARGENTO LORES
160107,LORETO,MAYNAS,NAPO,SANTA TERESA
160101,LORETO,MAYNAS,IQUITOS,CALLE CASTILLA
160101,LORETO,MAYNAS,IQUITOS,6 DE NOVIEMBRE
160106,LORETO,MAYNAS,MAZAN,QUEBRADA WARMI
200114,PIURA,PIURA,TAMBO GRANDE,LA GREDA
160103,LORETO,MAYNAS,FERNANDO LORES,AUGUSTO FREYRE GARCIA
160511,LORETO,REQUENA,YAQUERANA,ANGAMOS
040109,AREQUIPA,AREQUIPA,MARIANO MELGAR,MARIANO MELGAR
010704,AMAZONAS,UTCUBAMBA,EL MILAGRO,EL MILAGRO
200701,PIURA,TALARA,PARIÏ¿½AS,TALARA ALTA
200114,PIURA,PIURA,TAMBO GRANDE,LAS PUERTAS
200502,PIURA,PAITA,AMOTAPE,AMOTAPE
190304,PASCO,OXAPAMPA,PALCAZU,PALCAZU
130907,LA LIBERTAD,SANCHEZ CARRION,SARIN,POC POC
170103,MADRE DE DIOS,TAMBOPATA,LAS PIEDRAS,LOBOYOC
120605,JUNIN,SATIPO,PAMPA HERMOSA,PAMPA HERMOSA (MARIPOSA)
050115,AYACUCHO,HUAMANGA,JESUS NAZARENO,TOTORILLA
220701,SAN MARTIN,PICOTA,PICOTA,PUMAHUASI
050407,AYACUCHO,HUANTA,SIVIA,COMPAÑIA ALTA
200203,PIURA,AYABACA,JILILI,JILILI
060301,CAJAMARCA,CELENDIN,CELENDIN,CELENDIN
200203,PIURA,AYABACA,JILILI,ANCHALAY
120901,JUNIN,CHUPACA,CHUPACA,CHUPACA
061301,CAJAMARCA,SANTA CRUZ,SANTA CRUZ,SANTA CRUZ
080309,CUSCO,ANTA,ZURITE,ZURITE
200401,PIURA,MORROPON,CHULUCANAS,VIÑA GRANDE
200302,PIURA,HUANCABAMBA,CANCHAQUE,CANCHAQUE
050510,AYACUCHO,LA MAR,ANCHIHUAY,BELLA VISTA
080910,CUSCO,LA CONVENCION,PICHARI,PITIRINQUINI
050502,AYACUCHO,LA MAR,ANCO,HUAYRURUPATA
050502,AYACUCHO,LA MAR,ANCO,NARANJAL (PUERTO NARANJAL)
250105,UCAYALI,CORONEL PORTILLO,YARINACOCHA,PORVENIR DE YARINACOCHA
220511,SAN MARTIN,LAMAS,ZAPATERO,VISTA ALEGRE
120215,JUNIN,CONCEPCION,SANTA ROSA DE OCOPA,SANTA ROSA DE OCOPA
220905,SAN MARTIN,SAN MARTIN,CHIPURANA,YARINA
151001,LIMA,YAUYOS,YAUYOS,CAULLAMA
220904,SAN MARTIN,SAN MARTIN,CHAZUTA,TUNUNTUNUMBA
150118,LIMA,LIMA,LURIGANCHO,VIRGEN DEL CARMEN
160301,LORETO,LORETO,NAUTA,PALIZADA
050502,AYACUCHO,LA MAR,ANCO,6 DE AGOSTO
050510,AYACUCHO,LA MAR,ANCHIHUAY,PUERTO ASUNCION (ANCHIHUAY SELVA)
050510,AYACUCHO,LA MAR,ANCHIHUAY,MIRAFLORES
250401,UCAYALI,PURUS,PURUS,PURUS
050509,AYACUCHO,LA MAR,SAMUGARI,CHAUPIMAYO
050101,AYACUCHO,HUAMANGA,AYACUCHO,SAN MIGUEL DE PARAISO
060802,CAJAMARCA,JAEN,BELLAVISTA,MEXICO I
050506,AYACUCHO,LA MAR,LUIS CARRANZA,PAMPAS
150806,LIMA,HUAURA,HUAURA,HUAURA - LOZA
150812,LIMA,HUAURA,VEGUETA,VEGUETA - LA PERLITA
250101,UCAYALI,CORONEL PORTILLO,CALLERIA,ABUJAO
130804,LA LIBERTAD,PATAZ,HUANCASPATA,HUACANCAY
160113,LORETO,MAYNAS,SAN JUAN BAUTISTA,1 DE FEBRERO KM. 21
200401,PIURA,MORROPON,CHULUCANAS,A.H. PILAR NORES
200409,PIURA,MORROPON,SANTO DOMINGO,CHUNGAYO
200401,PIURA,MORROPON,CHULUCANAS,BELEN
200401,PIURA,MORROPON,CHULUCANAS,A.H. MERCADO JARRIN
200202,PIURA,AYABACA,FRIAS,LAS CUEVAS
200804,PIURA,SECHURA,CRISTO NOS VALGA,MALA VIDA
050503,AYACUCHO,LA MAR,AYNA,SANTA CRUZ ROSARIO
100901,HUANUCO,PUERTO INCA,PUERTO INCA,NUEVO TRUJILLO
100901,HUANUCO,PUERTO INCA,PUERTO INCA,PUERTO SIRA
050101,AYACUCHO,HUAMANGA,AYACUCHO,MOLLEPATA
050407,AYACUCHO,HUANTA,SIVIA,SEVITE ALTA
160104,LORETO,MAYNAS,INDIANA,TIERRA COLORADA
080910,CUSCO,LA CONVENCION,PICHARI,GRAN SHINUNGARI (SHINUNGARI)
170104,MADRE DE DIOS,TAMBOPATA,LABERINTO,VIRGENES DEL SOL
170104,MADRE DE DIOS,TAMBOPATA,LABERINTO,UNION PROGRESO
131004,LA LIBERTAD,SANTIAGO DE CHUCO,MOLLEBAMBA,YERBA VERDE
200404,PIURA,MORROPON,LA MATANZA,PABUR VIEJO
100901,HUANUCO,PUERTO INCA,PUERTO INCA,CIUDAD DE LAS PALMAS
130504,LA LIBERTAD,JULCAN,HUASO,HUASO
060802,CAJAMARCA,JAEN,BELLAVISTA,CRUCE DE SHUMBA
120608,JUNIN,SATIPO,RIO TAMBO,SANTA ROSA DE OCOPA
220202,SAN MARTIN,BELLAVISTA,ALTO BIAVO,BARRANCA
060905,CAJAMARCA,SAN IGNACIO,NAMBALLE,MOREROS
130701,LA LIBERTAD,PACASMAYO,SAN PEDRO DE LLOC,CHOCOFAN
100901,HUANUCO,PUERTO INCA,PUERTO INCA,CHURUYACU
060905,CAJAMARCA,SAN IGNACIO,NAMBALLE,MARISCAL CASTILLA
060905,CAJAMARCA,SAN IGNACIO,NAMBALLE,LINDEROS
120606,JUNIN,SATIPO,PANGOA,SAN RAMON DE PANGOA
060901,CAJAMARCA,SAN IGNACIO,SAN IGNACIO,MANDINGA
060905,CAJAMARCA,SAN IGNACIO,NAMBALLE,CHIMARA
060804,CAJAMARCA,JAEN,COLASAY,CHUNCHUQUILLO
060802,CAJAMARCA,JAEN,BELLAVISTA,SAN LORENZO
120608,JUNIN,SATIPO,RIO TAMBO,PUERTO ROCA
140308,LAMBAYEQUE,LAMBAYEQUE,OLMOS,PASABAR ASERRADERO
010501,AMAZONAS,LUYA,LAMUD,LAMUD
140308,LAMBAYEQUE,LAMBAYEQUE,OLMOS,LAGUNA LARGA
180104,MOQUEGUA,MARISCAL NIETO,SAMEGUA,SAMEGUA
140304,LAMBAYEQUE,LAMBAYEQUE,JAYANCA,LA VIÑA
140304,LAMBAYEQUE,LAMBAYEQUE,JAYANCA,SAN CARRANCO
200404,PIURA,MORROPON,LA MATANZA,YECALAS
100507,HUANUCO,HUAMALIES,MONZON,PISTA LOLI
160206,LORETO,ALTO AMAZONAS,LAGUNAS,TAMARATE
220405,SAN MARTIN,HUALLAGA,SACANCHE,SACANCHE
050104,AYACUCHO,HUAMANGA,CARMEN ALTO,VISTA ALEGRE
080910,CUSCO,LA CONVENCION,PICHARI,QUISTO VALLE
060804,CAJAMARCA,JAEN,COLASAY,LA FILA
010704,AMAZONAS,UTCUBAMBA,EL MILAGRO,ZAPOTE
160705,LORETO,DATEM DEL MARAÏ¿½ON,PASTAZA,UNGUMAYO
160303,LORETO,LORETO,TIGRE,SANTA FE
200401,PIURA,MORROPON,CHULUCANAS,CHARANAL
200401,PIURA,MORROPON,CHULUCANAS,CAMPANAS
200406,PIURA,MORROPON,SALITRAL,LA ALBERCA
200401,PIURA,MORROPON,CHULUCANAS,CRUZ PAMPA-YAPATERA
200301,PIURA,HUANCABAMBA,HUANCABAMBA,RAMON CASTILLA
010704,AMAZONAS,UTCUBAMBA,EL MILAGRO,HUARANGOPAMPA
060802,CAJAMARCA,JAEN,BELLAVISTA,SAMBINERA
200401,PIURA,MORROPON,CHULUCANAS,PAPELILLO
160104,LORETO,MAYNAS,INDIANA,SAN RAFAEL
130801,LA LIBERTAD,PATAZ,TAYABAMBA,NUEVO SANTA ROSA
160106,LORETO,MAYNAS,MAZAN,QUEBRADA TACSHA
200602,PIURA,SULLANA,BELLAVISTA,EL CUCHO
220301,SAN MARTIN,EL DORADO,SAN JOSE DE SISA,SAN ISIDRO
220304,SAN MARTIN,EL DORADO,SANTA ROSA,SANTA ROSA
220809,SAN MARTIN,RIOJA,YURACYACU,YURACYACU
200114,PIURA,PIURA,TAMBO GRANDE,SANTA ANA
140307,LAMBAYEQUE,LAMBAYEQUE,MOTUPE,LETICIA
160201,LORETO,ALTO AMAZONAS,YURIMAGUAS,SAN LUIS
200607,PIURA,SULLANA,QUERECOTILLO,LA HORCA
200114,PIURA,PIURA,TAMBO GRANDE,SAN ISIDRO 10-4
050407,AYACUCHO,HUANTA,SIVIA,CHALLHUAMAYO
080907,CUSCO,LA CONVENCION,KIMBIRI,SAN LUIS
050510,AYACUCHO,LA MAR,ANCHIHUAY,HERMOZA
140205,LAMBAYEQUE,FERREÏ¿½AFE,PITIPO,LA QUINTA
200604,PIURA,SULLANA,LANCONES,LOS HORNOS
160510,LORETO,REQUENA,JENARO HERRERA,NUEVO AUCUYACU
140205,LAMBAYEQUE,FERREÏ¿½AFE,PITIPO,BATAN GRANDE
060905,CAJAMARCA,SAN IGNACIO,NAMBALLE,LA BALSA
250201,UCAYALI,ATALAYA,RAIMONDI,SAN FRANCISCO DE LAGARTO
250201,UCAYALI,ATALAYA,RAIMONDI,SABALUYO
250203,UCAYALI,ATALAYA,TAHUANIA,BOLOGNESI(CAPITAL DISTRITAL)
060802,CAJAMARCA,JAEN,BELLAVISTA,BELLAVISTA VIEJO
050106,AYACUCHO,HUAMANGA,OCROS,CHUMBES
131101,LA LIBERTAD,GRAN CHIMU,CASCAS,CASCAS
010201,AMAZONAS,BAGUA,BAGUA,NARANJOS
050507,AYACUCHO,LA MAR,SANTA ROSA,PATACCOCHA
050502,AYACUCHO,LA MAR,ANCO,QUILLABAMBA
200202,PIURA,AYABACA,FRIAS,PLATANAL ALTO
080901,CUSCO,LA CONVENCION,SANTA ANA,LA JOYA
140307,LAMBAYEQUE,LAMBAYEQUE,MOTUPE,PUEBLO NUEVO TONGORRAPE
060802,CAJAMARCA,JAEN,BELLAVISTA,AVABAQUITA
060806,CAJAMARCA,JAEN,LAS PIRIAS,ESMERALDA
160104,LORETO,MAYNAS,INDIANA,NUEVO TRIUNFO
140202,LAMBAYEQUE,FERREÏ¿½AFE,CAÏ¿½ARIS,HUALLABAMBA
200101,PIURA,PIURA,PIURA,SANTA ROSA
250201,UCAYALI,ATALAYA,RAIMONDI,SANTA ROSA DE LAULATE
250201,UCAYALI,ATALAYA,RAIMONDI,OVENTENI
250201,UCAYALI,ATALAYA,RAIMONDI,SANTA ROSA DE AERIJA
010205,AMAZONAS,BAGUA,IMAZA,MESONES MURO
110111,ICA,ICA,SANTIAGO,LA JOYA
060801,CAJAMARCA,JAEN,JAEN,HUITO
110103,ICA,ICA,LOS AQUIJES,EL ARENAL
200401,PIURA,MORROPON,CHULUCANAS,NUEVA ESPERANZA
220101,SAN MARTIN,MOYOBAMBA,MOYOBAMBA,BUENOS AIRES
160103,LORETO,MAYNAS,FERNANDO LORES,SAN JOSE DE OMAGUAS
160113,LORETO,MAYNAS,SAN JUAN BAUTISTA,SOLEDAD
160305,LORETO,LORETO,URARINAS,PIJUAYAL
060802,CAJAMARCA,JAEN,BELLAVISTA,SHUMBA ALTO
150131,LIMA,LIMA,SAN ISIDRO,SAN ISIDRO
250301,UCAYALI,PADRE ABAD,PADRE ABAD,MARIELA
060801,CAJAMARCA,JAEN,JAEN,EL ARENAL
060802,CAJAMARCA,JAEN,BELLAVISTA,SANTA ELENA
060801,CAJAMARCA,JAEN,JAEN,MARIANO MELGAR
060812,CAJAMARCA,JAEN,SANTA ROSA,AGUA TURBIA
220302,SAN MARTIN,EL DORADO,AGUA BLANCA,AZANGIHUA
170103,MADRE DE DIOS,TAMBOPATA,LAS PIEDRAS,SAN JOSE
060801,CAJAMARCA,JAEN,JAEN,LA COLINA
160303,LORETO,LORETO,TIGRE,MANCHURIA
250201,UCAYALI,ATALAYA,RAIMONDI,APINIHUA
080907,CUSCO,LA CONVENCION,KIMBIRI,VILLA QUINTIARINA
080909,CUSCO,LA CONVENCION,VILCABAMBA,SAN MARTIN 2
160803,LORETO,PUTUMAYO,TENIENTE MANUEL CLAVERO,NUEVA ANGUSILLA
250102,UCAYALI,CORONEL PORTILLO,CAMPOVERDE,LAS MERCEDES
200111,PIURA,PIURA,LAS LOMAS,CHIPILLICO
250102,UCAYALI,CORONEL PORTILLO,CAMPOVERDE,NUEVA TUNUYA
250102,UCAYALI,CORONEL PORTILLO,CAMPOVERDE,SANTA CATALINA
250203,UCAYALI,ATALAYA,TAHUANIA,TONIRO MASHA
160104,LORETO,MAYNAS,INDIANA,LIBERTAD - VAINILLA
200210,PIURA,AYABACA,SUYO,CHIRINOS
080901,CUSCO,LA CONVENCION,SANTA ANA,SANTA ANA
110111,ICA,ICA,SANTIAGO,CANTORAL
240105,TUMBES,TUMBES,SAN JACINTO,CARRETAS
240202,TUMBES,CONTRALMIRANTE VILLAR,CASITAS,CAÑAVERAL
140306,LAMBAYEQUE,LAMBAYEQUE,MORROPE,SAN FRANCISCO
080909,CUSCO,LA CONVENCION,VILCABAMBA,PUCYURA
160112,LORETO,MAYNAS,BELEN,CHAVEZ SIBINA
250105,UCAYALI,CORONEL PORTILLO,YARINACOCHA,SAN PABLO DE TUSHMO
200101,PIURA,PIURA,PIURA,ENACE III
160202,LORETO,ALTO AMAZONAS,BALSAPUERTO,BUENOS AIRES PARANAPURA
060906,CAJAMARCA,SAN IGNACIO,SAN JOSE DE LOURDES,NUEVO PORVENIR
060411,CAJAMARCA,CHOTA,LLAMA,LA RAMADA (HDA. LA RAMADA)
080913,CUSCO,LA CONVENCION,VILLA KINTIARINA,C.P. BETHEL
250307,UCAYALI,PADRE ABAD,BOQUERON,BOQUERON
010403,AMAZONAS,CONDORCANQUI,RIO SANTIAGO,ALTO YUTUPIS
200401,PIURA,MORROPON,CHULUCANAS,CALLE ELIAS AGUIRRE
220909,SAN MARTIN,SAN MARTIN,LA BANDA DE SHILCAYO,SAN FERNANDO DE PUCAYACU
110103,ICA,ICA,LOS AQUIJES,LOS PISCONTES
080918,CUSCO,LA CONVENCION,UNION ASHANINKA,UNION ASHANINKA
200401,PIURA,MORROPON,CHULUCANAS,CHILILIQUE BAJO
200405,PIURA,MORROPON,MORROPON,LA HUAQUILLA
010403,AMAZONAS,CONDORCANQUI,RIO SANTIAGO,PUERTO GALILEA
050502,AYACUCHO,LA MAR,ANCO,MEJORADA
050503,AYACUCHO,LA MAR,AYNA,NARANJAL NUEVO PROGRESO
050407,AYACUCHO,HUANTA,SIVIA,SAN GERARDO
080918,CUSCO,LA CONVENCION,UNION ASHANINKA,MANTARO
080910,CUSCO,LA CONVENCION,PICHARI,VILLA VISTA
250104,UCAYALI,CORONEL PORTILLO,MASISEA,SUAYA
140306,LAMBAYEQUE,LAMBAYEQUE,MORROPE,CRUZ DEL MEDANO
140307,LAMBAYEQUE,LAMBAYEQUE,MOTUPE,LA CAPILLA TONGORRAPE (EL ORCON)
140205,LAMBAYEQUE,FERREÏ¿½AFE,PITIPO,SAN LUIS
140102,LAMBAYEQUE,CHICLAYO,CHONGOYAPE,TINAJONES
150515,LIMA,CAÏ¿½ETE,SANTA CRUZ DE FLORES,SANTA CRUZ DE FLORES
200114,PIURA,PIURA,TAMBO GRANDE,TEJEDORES
140205,LAMBAYEQUE,FERREÏ¿½AFE,PITIPO,LA BALSA
140102,LAMBAYEQUE,CHICLAYO,CHONGOYAPE,HUACA BLANCA
140110,LAMBAYEQUE,CHICLAYO,OYOTUN,PAN DE AZUCAR
160113,LORETO,MAYNAS,SAN JUAN BAUTISTA,KM. 78 CARRETERA IQUITOS-NAUTA
160205,LORETO,ALTO AMAZONAS,JEBEROS,SARAMIRIZA
060901,CAJAMARCA,SAN IGNACIO,SAN IGNACIO,SAN FRANCISCO
160105,LORETO,MAYNAS,LAS AMAZONAS,COMANDANCIA
170101,MADRE DE DIOS,TAMBOPATA,TAMBOPATA,CHONTA
220504,SAN MARTIN,LAMAS,CAYNARACHI,NARANJAL
160106,LORETO,MAYNAS,MAZAN,QUEBRADA MAZAN
200406,PIURA,MORROPON,SALITRAL,SALITRAL
200701,PIURA,TALARA,PARIÏ¿½AS,SECTOR 10
170201,MADRE DE DIOS,MANU,MANU,MANU
240104,TUMBES,TUMBES,PAMPAS DE HOSPITAL,CHACRITAS
160112,LORETO,MAYNAS,BELEN,5 DE DICIEMBRE
010201,AMAZONAS,BAGUA,BAGUA,TOMAQUE
220803,SAN MARTIN,RIOJA,ELIAS SOPLIN VARGAS,NACIENTE DEL RIO NEGRO
060403,CAJAMARCA,CHOTA,CHADIN,CHADIN
100802,HUANUCO,PACHITEA,CHAGLLA,CHINCHAVITO
150509,LIMA,CAÏ¿½ETE,MALA,SAN MARCOS DE LA AGUADA
100904,HUANUCO,PUERTO INCA,TOURNAVISTA,PACACHE
150505,LIMA,CAÏ¿½ETE,CHILCA,CHILCA
010202,AMAZONAS,BAGUA,ARAMANGO,VALENCIA
060802,CAJAMARCA,JAEN,BELLAVISTA,PAPAYAL
120302,JUNIN,CHANCHAMAYO,PERENE,PERENE
250105,UCAYALI,CORONEL PORTILLO,YARINACOCHA,SHIRAMBARI
200408,PIURA,MORROPON,SANTA CATALINA DE MOSSA,LASMISHCAS
200401,PIURA,MORROPON,CHULUCANAS,SANCOR
160106,LORETO,MAYNAS,MAZAN,NUÑEZ COCHA
160104,LORETO,MAYNAS,INDIANA,SAN LUIS
220201,SAN MARTIN,BELLAVISTA,BELLAVISTA,HUACHO
200804,PIURA,SECHURA,CRISTO NOS VALGA,SAN CRISTO
140309,LAMBAYEQUE,LAMBAYEQUE,PACORA,MATRIZ COMUNIDAD SUR
160106,LORETO,MAYNAS,MAZAN,SANTA ROSA
240104,TUMBES,TUMBES,PAMPAS DE HOSPITAL,LA ANGOSTURA
220301,SAN MARTIN,EL DORADO,SAN JOSE DE SISA,SANTA CRUZ
220302,SAN MARTIN,EL DORADO,AGUA BLANCA,AGUA BLANCA
160101,LORETO,MAYNAS,IQUITOS,AV. DEL EJERCITO #111
080918,CUSCO,LA CONVENCION,UNION ASHANINKA,AGUA DULCE
140115,LAMBAYEQUE,CHICLAYO,SAÏ¿½A,SALTUR
250401,UCAYALI,PURUS,PURUS,NUEVA LUZ
160104,LORETO,MAYNAS,INDIANA,SAN PEDRO
220806,SAN MARTIN,RIOJA,POSIC,POSIC
250401,UCAYALI,PURUS,PURUS,PUERTO ESPERANZA
140120,LAMBAYEQUE,CHICLAYO,TUMAN,RINCONAZO
140102,LAMBAYEQUE,CHICLAYO,CHONGOYAPE,CUCULI EL PALMO SAN JUAN
220303,SAN MARTIN,EL DORADO,SAN MARTIN,SINAMI
050405,AYACUCHO,HUANTA,LURICOCHA,LURICOCHA
050406,AYACUCHO,HUANTA,SANTILLANA,CCARHUAURAN
140120,LAMBAYEQUE,CHICLAYO,TUMAN,CALUPE
120303,JUNIN,CHANCHAMAYO,PICHANAQUI,BAJO PICHANAQUI
120606,JUNIN,SATIPO,PANGOA,SANTA ROSA DE PANGOA
160113,LORETO,MAYNAS,SAN JUAN BAUTISTA,SANTA ELOISA
150103,LIMA,LIMA,ATE,HUAYCAN
160112,LORETO,MAYNAS,BELEN,BUENA ESPERANZA
150301,LIMA,CAJATAMBO,CAJATAMBO,CAJATAMBO
250203,UCAYALI,ATALAYA,TAHUANIA,NUEVA ITALIA
200404,PIURA,MORROPON,LA MATANZA,LAYNAS
220401,SAN MARTIN,HUALLAGA,SAPOSOA,AGUA AZUL
200401,PIURA,MORROPON,CHULUCANAS,FATIMA
240201,TUMBES,CONTRALMIRANTE VILLAR,ZORRITOS,PEDREGAL
220203,SAN MARTIN,BELLAVISTA,BAJO BIAVO,NUEVO MUNDO
140304,LAMBAYEQUE,LAMBAYEQUE,JAYANCA,PUERTO RICO
160201,LORETO,ALTO AMAZONAS,YURIMAGUAS,SANTA ROSA
010204,AMAZONAS,BAGUA,EL PARCO,TOLOPAMPA
160301,LORETO,LORETO,NAUTA,SAN FRANCISCO
160108,LORETO,MAYNAS,PUNCHANA,PICURO YACU
131202,LA LIBERTAD,VIRU,CHAO,TANGUCHE
160113,LORETO,MAYNAS,SAN JUAN BAUTISTA,SAN JOSE
050408,AYACUCHO,HUANTA,LLOCHEGUA,SAN ANTONIO NORTE
050509,AYACUCHO,LA MAR,SAMUGARI,PAN DE AZUCAR
050401,AYACUCHO,HUANTA,HUANTA,RUNGUYOCC ALTA
160104,LORETO,MAYNAS,INDIANA,PUCALLPA
160301,LORETO,LORETO,NAUTA,BUEN RETIRO
220605,SAN MARTIN,MARISCAL CACERES,PAJARILLO,SAN JOSE DE JUÑAO
060802,CAJAMARCA,JAEN,BELLAVISTA,TOCAQUILLO
160113,LORETO,MAYNAS,SAN JUAN BAUTISTA,26 DE ABRIL
200302,PIURA,HUANCABAMBA,CANCHAQUE,LA ESPERANZA
080901,CUSCO,LA CONVENCION,SANTA ANA,SARAHUASI
160301,LORETO,LORETO,NAUTA,NUEVA VIDA
160301,LORETO,LORETO,NAUTA,VILLA LUCERNA
160302,LORETO,LORETO,PARINARI,SAN JOSE DEL SAMIRIA
120606,JUNIN,SATIPO,PANGOA,VILLA PROGRESO
010401,AMAZONAS,CONDORCANQUI,NIEVA,PARCELACION MONTERRICO
250103,UCAYALI,CORONEL PORTILLO,IPARIA,GALILEA
210504,PUNO,EL COLLAO,SANTA ROSA,SANTA ROSA
160206,LORETO,ALTO AMAZONAS,LAGUNAS,PUCACURO
240105,TUMBES,TUMBES,SAN JACINTO,PLATEROS
080917,CUSCO,LA CONVENCION,MANITEA,MANITEA ALTA
100507,HUANUCO,HUAMALIES,MONZON,MANCHURIA
100602,HUANUCO,LEONCIO PRADO,DANIEL ALOMIA ROBLES,LOURDES
050512,AYACUCHO,LA MAR,UNION PROGRESO,SAN MARTIN
160113,LORETO,MAYNAS,SAN JUAN BAUTISTA,CARRETERA SANTA CLARA0
160201,LORETO,ALTO AMAZONAS,YURIMAGUAS,VILLA HERMOSA
160112,LORETO,MAYNAS,BELEN,SOLEDAD
160113,LORETO,MAYNAS,SAN JUAN BAUTISTA,SAN CARLOS
100903,HUANUCO,PUERTO INCA,HONORIA,ANTIGUA HONORIA
220301,SAN MARTIN,EL DORADO,SAN JOSE DE SISA,NUEVO HUANCABAMBA
220301,SAN MARTIN,EL DORADO,SAN JOSE DE SISA,TANGARANA
060802,CAJAMARCA,JAEN,BELLAVISTA,SAN PABLO DE TOCAQUILLO
010401,AMAZONAS,CONDORCANQUI,NIEVA,LA TUNA
010401,AMAZONAS,CONDORCANQUI,NIEVA,SANTA MARIA DE NIEVA
050502,AYACUCHO,LA MAR,ANCO,ANCO
160201,LORETO,ALTO AMAZONAS,YURIMAGUAS,CENTRO CHAMBIRA DE PAMPA H
200104,PIURA,PIURA,CASTILLA,PENAL RICO SECO
131001,LA LIBERTAD,SANTIAGO DE CHUCO,SANTIAGO DE CHUCO,SANTIAGO DE CHUCO
010203,AMAZONAS,BAGUA,COPALLIN,COPALLIN
200114,PIURA,PIURA,TAMBO GRANDE,LAS MONICAS
200505,PIURA,PAITA,LA HUACA,VIVIATE
010205,AMAZONAS,BAGUA,IMAZA,CHIJA
160301,LORETO,LORETO,NAUTA,AMAZONAS
220504,SAN MARTIN,LAMAS,CAYNARACHI,BONILLA
150143,LIMA,LIMA,VILLA MARIA DEL TRIUNFO,VILLA MARIA
150132,LIMA,LIMA,SAN JUAN DE LURIGANCHO,SAN HILARION
050502,AYACUCHO,LA MAR,ANCO,SAN CRISTOBAL DE ANCO
160105,LORETO,MAYNAS,LAS AMAZONAS,YANASHI
220402,SAN MARTIN,HUALLAGA,ALTO SAPOSOA,NUEVA VIDA
220402,SAN MARTIN,HUALLAGA,ALTO SAPOSOA,YACUSISA
220705,SAN MARTIN,PICOTA,PUCACACA,CEDROPAMPA
160804,LORETO,PUTUMAYO,YAGUAS,YAGUAS
160301,LORETO,LORETO,NAUTA,AREQUIPA
050512,AYACUCHO,LA MAR,UNION PROGRESO,SAN ANTONIO
200114,PIURA,PIURA,TAMBO GRANDE,PLATILLOS
060108,CAJAMARCA,CAJAMARCA,LOS BAÏ¿½OS DEL INCA,LOS BAÑOS DEL INCA
050403,AYACUCHO,HUANTA,HUAMANGUILLA,ICHUPATA
081203,CUSCO,QUISPICANCHI,CAMANTI,SAN JOSE
010402,AMAZONAS,CONDORCANQUI,EL CENEPA,SAWIENTSA
150811,LIMA,HUAURA,SAYAN,SAYAN - QUINTAY
080907,CUSCO,LA CONVENCION,KIMBIRI,SACCSAYHUAMAN
080907,CUSCO,LA CONVENCION,KIMBIRI,MIGUEL GRAU
160704,LORETO,DATEM DEL MARAÏ¿½ON,MORONA,MUSAKANDASHI
060811,CAJAMARCA,JAEN,SAN JOSE DEL ALTO,LA LAGUNA
080907,CUSCO,LA CONVENCION,KIMBIRI,BUENOS AIRES
110211,ICA,CHINCHA,TAMBO DE MORA,TAMBO DE MORA
050502,AYACUCHO,LA MAR,ANCO,ACHUPA
050407,AYACUCHO,HUANTA,SIVIA,NAZARETH ALTA
010202,AMAZONAS,BAGUA,ARAMANGO,PUERTO PERLA MAYO
080907,CUSCO,LA CONVENCION,KIMBIRI,SR DE LOS MILAGROS
200407,PIURA,MORROPON,SAN JUAN DE BIGOTE,LA QUEMAZON
160106,LORETO,MAYNAS,MAZAN,SUCUSARI
200404,PIURA,MORROPON,LA MATANZA,PIURA LA VIEJA
200404,PIURA,MORROPON,LA MATANZA,KM. 65
200401,PIURA,MORROPON,CHULUCANAS,RINCONADA
160505,LORETO,REQUENA,MAQUIA,RESTAURACION
160205,LORETO,ALTO AMAZONAS,JEBEROS,MONTE CRISTO
050611,AYACUCHO,LUCANAS,LUCANAS,LUCANAS
120124,JUNIN,HUANCAYO,PARIAHUANCA,PARIAHUANCA
100507,HUANUCO,HUAMALIES,MONZON,PALO ACERO
100607,HUANUCO,LEONCIO PRADO,PUCAYACU,PUCAYACU
050101,AYACUCHO,HUAMANGA,AYACUCHO,TOTORA
160110,LORETO,MAYNAS,TORRES CAUSANA,SAMUNA BULA
040606,AREQUIPA,CONDESUYOS,RIO GRANDE,IQUIPI
100602,HUANUCO,LEONCIO PRADO,DANIEL ALOMIA ROBLES,ANTONIO RAIMONDI _ LA VEGA
050510,AYACUCHO,LA MAR,ANCHIHUAY,SAN JOSE DE BELLAVISTA
160110,LORETO,MAYNAS,TORRES CAUSANA,TORRES CAUSANA
210308,PUNO,CARABAYA,OLLACHEA,OLLACHEA
060602,CAJAMARCA,CUTERVO,CALLAYUC,SAN JUAN DE CHIPLE (CHIPLE)
160108,LORETO,MAYNAS,PUNCHANA,NUEVA PRIMAVERA
100902,HUANUCO,PUERTO INCA,CODO DEL POZUZO,LOS ANGELES
160112,LORETO,MAYNAS,BELEN,SAN JUAN DE HUASHALADO
050405,AYACUCHO,HUANTA,LURICOCHA,YURACCRACCAY
160301,LORETO,LORETO,NAUTA,GRAU
120129,JUNIN,HUANCAYO,SAN AGUSTIN,SAN AGUSTIN
160301,LORETO,LORETO,NAUTA,URITUYACU
160113,LORETO,MAYNAS,SAN JUAN BAUTISTA,KM. 44 CARRETERA IQUITOS - NAUTA
100507,HUANUCO,HUAMALIES,MONZON,CAUNARAPA
080901,CUSCO,LA CONVENCION,SANTA ANA,4 DE NOVIEMBRE
160105,LORETO,MAYNAS,LAS AMAZONAS,SANTA MARTHA
120601,JUNIN,SATIPO,SATIPO,SANTO DOMINGO DE MARANQUIARI
160102,LORETO,MAYNAS,ALTO NANAY,UNGURAHUAL
160201,LORETO,ALTO AMAZONAS,YURIMAGUAS,NUEVA BARRANQUITA
110206,ICA,CHINCHA,GROCIO PRADO,GROCIO PRADO
110206,ICA,CHINCHA,GROCIO PRADO,LA CAPILLA
110104,ICA,ICA,OCUCAJE,OCUCAJE
110113,ICA,ICA,TATE,TATE
110401,ICA,PALPA,PALPA,SARAMARCA
060801,CAJAMARCA,JAEN,JAEN,EL SAUCE
160108,LORETO,MAYNAS,PUNCHANA,SANTO TOMAS
160604,LORETO,UCAYALI,PAMPA HERMOSA,FERNANDO BELAUNDE
160601,LORETO,UCAYALI,CONTAMANA,CHARASMANA
110113,ICA,ICA,TATE,TATE DE LA CAPILLA
080901,CUSCO,LA CONVENCION,SANTA ANA,SAMBARAY CENTRO
110104,ICA,ICA,OCUCAJE,PAMPA CHACALTANA (CHUCALTANA)
110113,ICA,ICA,TATE,CALDERONES
110105,ICA,ICA,PACHACUTEC,PAMPA DE TATE
080907,CUSCO,LA CONVENCION,KIMBIRI,ANCHIHUAY
230206,TACNA,CANDARAVE,QUILAHUANI,ARICOTA
100605,HUANUCO,LEONCIO PRADO,LUYANDO,CARGATAMBO
080916,CUSCO,LA CONVENCION,CIELO PUNCO,C.P. PALESTINA ALTA
080914,CUSCO,LA CONVENCION,MEGANTONI,MONTETONI
200401,PIURA,MORROPON,CHULUCANAS,CALORES
200401,PIURA,MORROPON,CHULUCANAS,A.H. VILLA CANADA
200401,PIURA,MORROPON,CHULUCANAS,CHILILIQUE ALTO
040302,AREQUIPA,CARAVELI,ACARI,ACARI
200306,PIURA,HUANCABAMBA,SAN MIGUEL DE EL FAIQUE,SAN MIGUEL DEL FAIQUE (FAIQUE)
130614,LA LIBERTAD,OTUZCO,USQUIL,CUYUCHUGO
200401,PIURA,MORROPON,CHULUCANAS,PANECILLO
200401,PIURA,MORROPON,CHULUCANAS,CALLE AMAZONAS
200408,PIURA,MORROPON,SANTA CATALINA DE MOSSA,CULEBREROS
200109,PIURA,PIURA,LA ARENA,BARRIO 3 DE ABRIL
200410,PIURA,MORROPON,YAMANGO,TAMBOYA
200304,PIURA,HUANCABAMBA,HUARMACA,CHIGNIA BAJA (LA HUACA)
160510,LORETO,REQUENA,JENARO HERRERA,NUEVA FLORIDA
200405,PIURA,MORROPON,MORROPON,PIE DEL TORO
100605,HUANUCO,LEONCIO PRADO,LUYANDO,RICARDO PALMA
100103,HUANUCO,HUANUCO,CHINCHAO,PACHACHUPAN
010205,AMAZONAS,BAGUA,IMAZA,WAWAS
160602,LORETO,UCAYALI,INAHUAYA,IPUANO
160202,LORETO,ALTO AMAZONAS,BALSAPUERTO,BELLAVISTA
050105,AYACUCHO,HUAMANGA,CHIARA,CHIARA
160201,LORETO,ALTO AMAZONAS,YURIMAGUAS,ISLA DEL GALLO
051009,AYACUCHO,VICTOR FAJARDO,HUANCARAYLLA,HUANCARAYLLA
140203,LAMBAYEQUE,FERREÏ¿½AFE,INCAHUASI,CRUZ LOMA
160402,LORETO,MARISCAL RAMON CASTILLA,PEBAS,TRIUNFO
160101,LORETO,MAYNAS,IQUITOS,URB. VIRGEN DE LORETO
160113,LORETO,MAYNAS,SAN JUAN BAUTISTA,12 DICIEMBRE
160401,LORETO,MARISCAL RAMON CASTILLA,RAMON CASTILLA,SAN FRANCISCO DE MARICHIN
150118,LIMA,LIMA,LURIGANCHO,CAJAMARQUILLA
160301,LORETO,LORETO,NAUTA,FLORIDA
220201,SAN MARTIN,BELLAVISTA,BELLAVISTA,NUEVA FLORIDA
240304,TUMBES,ZARUMILLA,PAPAYAL,LOS LIMOS
200408,PIURA,MORROPON,SANTA CATALINA DE MOSSA,PALTASHACO
150513,LIMA,CAÏ¿½ETE,SAN ANTONIO,SAN ANTONIO
160201,LORETO,ALTO AMAZONAS,YURIMAGUAS,LAS PALMERAS
160801,LORETO,PUTUMAYO,PUTUMAYO,BAGAZAN
160112,LORETO,MAYNAS,BELEN,CALLE SAN FRANCISCO
080901,CUSCO,LA CONVENCION,SANTA ANA,URPIPATA
200308,PIURA,HUANCABAMBA,SONDORILLO,LA SOCCHA
160103,LORETO,MAYNAS,FERNANDO LORES,HUAYSI
160603,LORETO,UCAYALI,PADRE MARQUEZ,SANTA ANA
050507,AYACUCHO,LA MAR,SANTA ROSA,RANRAMAYO
140312,LAMBAYEQUE,LAMBAYEQUE,TUCUME,PAYESA
021809,ANCASH,SANTA,NUEVO CHIMBOTE,BUENOS AIRES
010703,AMAZONAS,UTCUBAMBA,CUMBA,CORRAL QUEMADO
010206,AMAZONAS,BAGUA,LA PECA,EL ARENAL
160401,LORETO,MARISCAL RAMON CASTILLA,RAMON CASTILLA,"ISLA SANTA ROSA AMAZONAS"""""
230102,TACNA,TACNA,ALTO DE LA ALIANZA,ALTO DE LA ALIANZA
160201,LORETO,ALTO AMAZONAS,YURIMAGUAS,NUEVO PIJUAYAL
160601,LORETO,UCAYALI,CONTAMANA,SANTA ROSA DEL PISQUI
240102,TUMBES,TUMBES,CORRALES,PAMPA SAN ISIDRO
050407,AYACUCHO,HUANTA,SIVIA,VISTA ALEGRE
200101,PIURA,PIURA,PIURA,URB. SANTA ANA
160401,LORETO,MARISCAL RAMON CASTILLA,RAMON CASTILLA,TUPAC AMARU
080910,CUSCO,LA CONVENCION,PICHARI,OTARI NATIVOS
160108,LORETO,MAYNAS,PUNCHANA,LIBERTAD
160112,LORETO,MAYNAS,BELEN,SANTA MARTHA
220205,SAN MARTIN,BELLAVISTA,SAN PABLO,HUINGOYACU
160503,LORETO,REQUENA,CAPELO,CAPELO
140101,LAMBAYEQUE,CHICLAYO,CHICLAYO,SAN LUIS
160201,LORETO,ALTO AMAZONAS,YURIMAGUAS,VISTA ALEGRE
050503,AYACUCHO,LA MAR,AYNA,SAN MARTIN (PUMARINA)
060902,CAJAMARCA,SAN IGNACIO,CHIRINOS,EL TABLON
060801,CAJAMARCA,JAEN,JAEN,LA VIRGINIA
160401,LORETO,MARISCAL RAMON CASTILLA,RAMON CASTILLA,NUEVA GALILEA
050501,AYACUCHO,LA MAR,SAN MIGUEL,PATIBAMBA (FLOR PATIBAMBA)
200401,PIURA,MORROPON,CHULUCANAS,JR. CUZCO
160201,LORETO,ALTO AMAZONAS,YURIMAGUAS,SAN RAFAEL
050507,AYACUCHO,LA MAR,SANTA ROSA,GLORIAPATA
110105,ICA,ICA,PACHACUTEC,EL PALTO
200114,PIURA,PIURA,TAMBO GRANDE,SECTOR 7
080902,CUSCO,LA CONVENCION,ECHARATE,PROGRESO
220201,SAN MARTIN,BELLAVISTA,BELLAVISTA,LIMON
080901,CUSCO,LA CONVENCION,SANTA ANA,SAN PEDRO CALDERA
200607,PIURA,SULLANA,QUERECOTILLO,SECTOR 4
200603,PIURA,SULLANA,IGNACIO ESCUDERO,SANTA SOFIA
200603,PIURA,SULLANA,IGNACIO ESCUDERO,SAN JUAN
220601,SAN MARTIN,MARISCAL CACERES,JUANJUI,QUINILLA
050401,AYACUCHO,HUANTA,HUANTA,MAINAY
050507,AYACUCHO,LA MAR,SANTA ROSA,CHAMAYRUCHAYOC
050507,AYACUCHO,LA MAR,SANTA ROSA,RINCONADA ALTA
160201,LORETO,ALTO AMAZONAS,YURIMAGUAS,NUEVO CAJAMARCA
200501,PIURA,PAITA,PAITA,SECTOR 4
200505,PIURA,PAITA,LA HUACA,NOMARA
240304,TUMBES,ZARUMILLA,PAPAYAL,EL PORVENIR
080915,CUSCO,LA CONVENCION,KUMPIRUSHIATO,KEPASHIATO
010704,AMAZONAS,UTCUBAMBA,EL MILAGRO,PAPAYA BAJA
220910,SAN MARTIN,SAN MARTIN,MORALES,MISHQUIYACU
060802,CAJAMARCA,JAEN,BELLAVISTA,ROSARIO CHINGAMA
200115,PIURA,PIURA,VEINTISEIS DE OCTUBRE,URB. LOS FICUS I
160601,LORETO,UCAYALI,CONTAMANA,CASHIBOYA
160401,LORETO,MARISCAL RAMON CASTILLA,RAMON CASTILLA,CHIMBOTE
160401,LORETO,MARISCAL RAMON CASTILLA,RAMON CASTILLA,PARANAQUIRO
160401,LORETO,MARISCAL RAMON CASTILLA,RAMON CASTILLA,SAN PUA DE SUNI
150103,LIMA,LIMA,ATE,HORACIO ZEVALLOS
110501,ICA,PISCO,PISCO,SAN MIGUEL
240102,TUMBES,TUMBES,CORRALES,LOS CEDROS
150123,LIMA,LIMA,PACHACAMAC,TAMBUINGA
110111,ICA,ICA,SANTIAGO,CASA BLANCA
160601,LORETO,UCAYALI,CONTAMANA,LOURDES CHIATIPISHCA
150118,LIMA,LIMA,LURIGANCHO,JICAMARCA ANEXO 8
080914,CUSCO,LA CONVENCION,MEGANTONI,CAMISEA
080904,CUSCO,LA CONVENCION,MARANURA,BEATRIZ BAJA
150124,LIMA,LIMA,PUCUSANA,PUCUSANA
100905,HUANUCO,PUERTO INCA,YUYAPICHIS,EL DORADO
160502,LORETO,REQUENA,ALTO TAPICHE,BELLAVISTA
131201,LA LIBERTAD,VIRU,VIRU,EL CARMELO
150129,LIMA,LIMA,SAN BARTOLO,SAN BARTOLO
150808,LIMA,HUAURA,PACCHO,AYARANGA
160601,LORETO,UCAYALI,CONTAMANA,NUEVO AARON
240104,TUMBES,TUMBES,PAMPAS DE HOSPITAL,EL PRADO
050102,AYACUCHO,HUAMANGA,ACOCRO,CHUNTACA
050407,AYACUCHO,HUANTA,SIVIA,SEVITE BAJA
021801,ANCASH,SANTA,CHIMBOTE,TRES ESTRELLAS
131203,LA LIBERTAD,VIRU,GUADALUPITO,CAMPO NUEVO
140105,LAMBAYEQUE,CHICLAYO,JOSE LEONARDO ORTIZ,CULPON
200607,PIURA,SULLANA,QUERECOTILLO,SAN FRANCISCO
200501,PIURA,PAITA,PAITA,SECTOR 7
200602,PIURA,SULLANA,BELLAVISTA,CIENEGUILLO NORTE
140101,LAMBAYEQUE,CHICLAYO,CHICLAYO,TUPAC AMARU
160108,LORETO,MAYNAS,PUNCHANA,CALLE IQUITOS
080902,CUSCO,LA CONVENCION,ECHARATE,CALZADA
080902,CUSCO,LA CONVENCION,ECHARATE,CALCAPAMPA
080901,CUSCO,LA CONVENCION,SANTA ANA,PINTOBAMBA
140109,LAMBAYEQUE,CHICLAYO,NUEVA ARICA,NUEVA ARICA
160601,LORETO,UCAYALI,CONTAMANA,CANAAN
160202,LORETO,ALTO AMAZONAS,BALSAPUERTO,SAN LORENZO YANAYACU
230108,TACNA,TACNA,POCOLLAY,POCOLLAY
160401,LORETO,MARISCAL RAMON CASTILLA,RAMON CASTILLA,URANIAS
160401,LORETO,MARISCAL RAMON CASTILLA,RAMON CASTILLA,SAN ANTONIO DE CACAO
140106,LAMBAYEQUE,CHICLAYO,LA VICTORIA,LAS PAMPAS
010201,AMAZONAS,BAGUA,BAGUA,PECA PALACIOS
021801,ANCASH,SANTA,CHIMBOTE,MIRAFLORES ALTO
160201,LORETO,ALTO AMAZONAS,YURIMAGUAS,RUY SEÃOR
160304,LORETO,LORETO,TROMPETEROS,BELEN DE PLANTANAYACU
160102,LORETO,MAYNAS,ALTO NANAY,VILLA FLOR
140101,LAMBAYEQUE,CHICLAYO,CHICLAYO,SAN FRANCISCO DE ASIS
140112,LAMBAYEQUE,CHICLAYO,PIMENTEL,LA PRADERA
021801,ANCASH,SANTA,CHIMBOTE,FLORIDA BAJA
100102,HUANUCO,HUANUCO,AMARILIS,AMARILIS
081103,CUSCO,PAUCARTAMBO,CHALLABAMBA,USCAMARCA
050407,AYACUCHO,HUANTA,SIVIA,GUAYAQUIL
140307,LAMBAYEQUE,LAMBAYEQUE,MOTUPE,ANCHOVIRA
130611,LA LIBERTAD,OTUZCO,SALPO,SAUCO
050515,AYACUCHO,LA MAR,PATIBAMBA,PATIBAMBA
150601,LIMA,HUARAL,HUARAL,ESPERANZA CENTRAL
150132,LIMA,LIMA,SAN JUAN DE LURIGANCHO,AMPLIACION NUEVO PERU
200101,PIURA,PIURA,PIURA,A.H. SAN PEDRO
160305,LORETO,LORETO,URARINAS,NUEVA ALIANZA (CHAMBIRA)
220802,SAN MARTIN,RIOJA,AWAJUN,SOL DE ORO
060801,CAJAMARCA,JAEN,JAEN,LA ESPERANZA
060802,CAJAMARCA,JAEN,BELLAVISTA,TICUNQUE
140307,LAMBAYEQUE,LAMBAYEQUE,MOTUPE,CHOLOQUE TONGORRAPE
140309,LAMBAYEQUE,LAMBAYEQUE,PACORA,CERRO ESCUTE (ESCUTE)
160201,LORETO,ALTO AMAZONAS,YURIMAGUAS,LAS AMAZONAS
050510,AYACUCHO,LA MAR,ANCHIHUAY,ISOCCASA
200210,PIURA,AYABACA,SUYO,SANTA ANA DE QUIROZ
200607,PIURA,SULLANA,QUERECOTILLO,SECTOR 8
200607,PIURA,SULLANA,QUERECOTILLO,SECTOR 7
200501,PIURA,PAITA,PAITA,SECTOR 9
200501,PIURA,PAITA,PAITA,SECTOR 8
200706,PIURA,TALARA,MANCORA,SECTOR 2
160510,LORETO,REQUENA,JENARO HERRERA,SANTA CRUZ DE YANALLPA
200602,PIURA,SULLANA,BELLAVISTA,SAN VICENTE DE PIEDRA RODADA
160303,LORETO,LORETO,TIGRE,PAVAYACU
160601,LORETO,UCAYALI,CONTAMANA,SANTA ROSA CHIATIPISHCA
160304,LORETO,LORETO,TROMPETEROS,NUEVA VALENCIA
160113,LORETO,MAYNAS,SAN JUAN BAUTISTA,PEÑA BLANCA
160302,LORETO,LORETO,PARINARI,MUNDIAL
160302,LORETO,LORETO,PARINARI,SAN ROQUE
200114,PIURA,PIURA,TAMBO GRANDE,SAN MARTIN - CP.3
200114,PIURA,PIURA,TAMBO GRANDE,SECTOR 13
200114,PIURA,PIURA,TAMBO GRANDE,EL PORVENIR
150801,LIMA,HUAURA,HUACHO,LAS SALINAS
160108,LORETO,MAYNAS,PUNCHANA,BASE NAVAL
200607,PIURA,SULLANA,QUERECOTILLO,SECTOR 6
100603,HUANUCO,LEONCIO PRADO,HERMILIO VALDIZAN,HERMILIO VALDIZAN
100603,HUANUCO,LEONCIO PRADO,HERMILIO VALDIZAN,RIO AZUL
160101,LORETO,MAYNAS,IQUITOS,MUNICH
160506,LORETO,REQUENA,PUINAHUA,BRETAÑA
110111,ICA,ICA,SANTIAGO,LA VENTA ALTA (LA VENTA)
150141,LIMA,LIMA,SURQUILLO,SURQUILLO
200401,PIURA,MORROPON,CHULUCANAS,EL DOS (SANTA ROSA)
200114,PIURA,PIURA,TAMBO GRANDE,GUARAGUAOS BAJO
230110,TACNA,TACNA,CORONEL GREGORIO ALBARRACIN L.,ALFONSO UGARTE
060801,CAJAMARCA,JAEN,JAEN,CHAMAYA (PUEBLO)
050501,AYACUCHO,LA MAR,SAN MIGUEL,PARIAHUANCA
160101,LORETO,MAYNAS,IQUITOS,NUEVO VERSALLES
160510,LORETO,REQUENA,JENARO HERRERA,NUEVO PUMACAHUA
160606,LORETO,UCAYALI,VARGAS GUERRA,ISLA BAÑOS
160601,LORETO,UCAYALI,CONTAMANA,CANAAN DE CHIATIPISHCA
030215,APURIMAC,ANDAHUAYLAS,SANTA MARIA DE CHICMO,REBELDE HUAYRANA
250306,UCAYALI,PADRE ABAD,HUIPOCA,HUIPOCA
060802,CAJAMARCA,JAEN,BELLAVISTA,SIANGO
150203,LIMA,BARRANCA,PATIVILCA,CARRETERIA
160202,LORETO,ALTO AMAZONAS,BALSAPUERTO,CERRO ESCALERA (NUEVO JERUSALEN DE CACHIYACU)
160113,LORETO,MAYNAS,SAN JUAN BAUTISTA,CABO LOPEZ
050104,AYACUCHO,HUAMANGA,CARMEN ALTO,YANAMA
050112,AYACUCHO,HUAMANGA,SOCOS,MANZANAYOCC
050104,AYACUCHO,HUAMANGA,CARMEN ALTO,SAN JOSE DE TAMBO PUQUIO
050510,AYACUCHO,LA MAR,ANCHIHUAY,BUENA GANA
240105,TUMBES,TUMBES,SAN JACINTO,TABLAZO DE RICA PLAYA (RICA PLAYA EL TABLAZO)
160403,LORETO,MARISCAL RAMON CASTILLA,YAVARI,ISLA SANTA ROSA AMAZONAS
160304,LORETO,LORETO,TROMPETEROS,SAN CARLOS
060801,CAJAMARCA,JAEN,JAEN,LINDEROS
050503,AYACUCHO,LA MAR,AYNA,AURORA ALTA
140205,LAMBAYEQUE,FERREÏ¿½AFE,PITIPO,SANTA CLARA
050502,AYACUCHO,LA MAR,ANCO,PORVENIR
080916,CUSCO,LA CONVENCION,CIELO PUNCO,C.P. CHIRUMPIARI
050105,AYACUCHO,HUAMANGA,CHIARA,CHUPAS
050408,AYACUCHO,HUANTA,LLOCHEGUA,ANATO
080907,CUSCO,LA CONVENCION,KIMBIRI,AEROPUERTO
120301,JUNIN,CHANCHAMAYO,CHANCHAMAYO,LA ESPERANZA
120301,JUNIN,CHANCHAMAYO,CHANCHAMAYO,RIO TORO
160202,LORETO,ALTO AMAZONAS,BALSAPUERTO,BUENOS AIRES
160112,LORETO,MAYNAS,BELEN,MOHENA CAÑO
150106,LIMA,LIMA,CARABAYLLO,SAN FRANCISCO
150132,LIMA,LIMA,SAN JUAN DE LURIGANCHO,MANGOMARCA
100901,HUANUCO,PUERTO INCA,PUERTO INCA,NUEVO PORVENIR
250101,UCAYALI,CORONEL PORTILLO,CALLERIA,NUEVA MAGDALENA
160605,LORETO,UCAYALI,SARAYACU,SAN RAMON
160604,LORETO,UCAYALI,PAMPA HERMOSA,PACA SHANAYA
220804,SAN MARTIN,RIOJA,NUEVA CAJAMARCA,PALESTINA
060802,CAJAMARCA,JAEN,BELLAVISTA,SAMBIMERA
050405,AYACUCHO,HUANTA,LURICOCHA,SECCEBAMBA
140306,LAMBAYEQUE,LAMBAYEQUE,MORROPE,LAS PAMPAS
100802,HUANUCO,PACHITEA,CHAGLLA,PUERTO GUADALUPE
120303,JUNIN,CHANCHAMAYO,PICHANAQUI,CIUDAD UNIVERSITARIA
050503,AYACUCHO,LA MAR,AYNA,SAN PEDRO
050401,AYACUCHO,HUANTA,HUANTA,HUANCAYOC
060802,CAJAMARCA,JAEN,BELLAVISTA,SANTA CRUZ 1
060802,CAJAMARCA,JAEN,BELLAVISTA,PUSHURA BAJA
140308,LAMBAYEQUE,LAMBAYEQUE,OLMOS,EL PUENTE
080911,CUSCO,LA CONVENCION,INKAWASI,AMAYBAMBA
010205,AMAZONAS,BAGUA,IMAZA,DURAND
200607,PIURA,SULLANA,QUERECOTILLO,CHOCAN
240201,TUMBES,CONTRALMIRANTE VILLAR,ZORRITOS,BONANZA
050401,AYACUCHO,HUANTA,HUANTA,UYUVIRCA (HUINTULOY)
110206,ICA,CHINCHA,GROCIO PRADO,SAN PEDRO
050405,AYACUCHO,HUANTA,LURICOCHA,CCOLLANA
160601,LORETO,UCAYALI,CONTAMANA,LA CUMBRE
200101,PIURA,PIURA,PIURA,A.H. JUAN VALER SANDOVAL
200114,PIURA,PIURA,TAMBO GRANDE,PROGRESO BAJO
050507,AYACUCHO,LA MAR,SANTA ROSA,SIMARIBA
200115,PIURA,PIURA,VEINTISEIS DE OCTUBRE,A.H. LOS POLVORINES
050512,AYACUCHO,LA MAR,UNION PROGRESO,SANTA ROSA DE LIMA
240104,TUMBES,TUMBES,PAMPAS DE HOSPITAL,PUEBLO NUEVO
140106,LAMBAYEQUE,CHICLAYO,LA VICTORIA,LA LADRILLERA
131101,LA LIBERTAD,GRAN CHIMU,CASCAS,PIDEN BAJO
250201,UCAYALI,ATALAYA,RAIMONDI,TARISA
160601,LORETO,UCAYALI,CONTAMANA,CANAAN DE CACHIYACU
160508,LORETO,REQUENA,SOPLIN,SOPLIN
250101,UCAYALI,CORONEL PORTILLO,CALLERIA,LA FLORIDA
080405,CUSCO,CALCA,PISAC,PISAC
250104,UCAYALI,CORONEL PORTILLO,MASISEA,SANTA ROSA DE MASISEA
250107,UCAYALI,CORONEL PORTILLO,MANANTAY,JOSE OLAYA
050507,AYACUCHO,LA MAR,SANTA ROSA,NUEVO PARAISO (CHIHUILLO)
080910,CUSCO,LA CONVENCION,PICHARI,TARANCATO
160601,LORETO,UCAYALI,CONTAMANA,BETANIA
050507,AYACUCHO,LA MAR,SANTA ROSA,HAYRAPATA (VILLA ESMERALDA)
050407,AYACUCHO,HUANTA,SIVIA,NAZARETH BAJA
060902,CAJAMARCA,SAN IGNACIO,CHIRINOS,PUERTO TAMBORAPA
080910,CUSCO,LA CONVENCION,PICHARI,VALLE DORADO A Y B
160606,LORETO,UCAYALI,VARGAS GUERRA,NUEVO CANCHAHUAYA
160604,LORETO,UCAYALI,PAMPA HERMOSA,SAN PEDRO
130601,LA LIBERTAD,OTUZCO,OTUZCO,OTUZCO
160106,LORETO,MAYNAS,MAZAN,QUEBRADA YARINA
200104,PIURA,PIURA,CASTILLA,LA OBRILLA
120606,JUNIN,SATIPO,PANGOA,BOCA TINCAVENI
160606,LORETO,UCAYALI,VARGAS GUERRA,ALTO PERILLO
050107,AYACUCHO,HUAMANGA,PACAYCASA,HUAYLLAPAMPA
050116,AYACUCHO,HUAMANGA,ANDRES AVELINO CACERES D.,YANAMILLA
050503,AYACUCHO,LA MAR,AYNA,SAN CRISTOBAL
050407,AYACUCHO,HUANTA,SIVIA,TORRERUMI
160704,LORETO,DATEM DEL MARAÏ¿½ON,MORONA,INCA ROCA
200115,PIURA,PIURA,VEINTISEIS DE OCTUBRE,A.H. JORGE CHAVEZ I
050116,AYACUCHO,HUAMANGA,ANDRES AVELINO CACERES D.,APROVIDA
190308,PASCO,OXAPAMPA,CONSTITUCION,SHANSHUA
200101,PIURA,PIURA,PIURA,URB. PIURA
050405,AYACUCHO,HUANTA,LURICOCHA,AYCAS
220403,SAN MARTIN,HUALLAGA,EL ESLABON,EL ESLABON
220602,SAN MARTIN,MARISCAL CACERES,CAMPANILLA,BALSAYACU
050110,AYACUCHO,HUAMANGA,SAN JUAN BAUTISTA,ÑAHUINPUQUIO
250201,UCAYALI,ATALAYA,RAIMONDI,TUPAC AMARU
120606,JUNIN,SATIPO,PANGOA,YAVIRO
090101,HUANCAVELICA,HUANCAVELICA,HUANCAVELICA,YANANACO
160103,LORETO,MAYNAS,FERNANDO LORES,AYACUCHO TIPISHCA
150610,LIMA,HUARAL,SANTA CRUZ DE ANDAMARCA,CHAUCA
160113,LORETO,MAYNAS,SAN JUAN BAUTISTA,PALO SECO
200101,PIURA,PIURA,PIURA,A.H. JOSE OLAYA
060901,CAJAMARCA,SAN IGNACIO,SAN IGNACIO,NUEVA ESPERANZA
200803,PIURA,SECHURA,BERNAL,ONZA DE ORO
050407,AYACUCHO,HUANTA,SIVIA,MATUCANA ALTA
080910,CUSCO,LA CONVENCION,PICHARI,PUEBLO LIBRE
010202,AMAZONAS,BAGUA,ARAMANGO,NUMPARQUE
010205,AMAZONAS,BAGUA,IMAZA,UUT
100601,HUANUCO,LEONCIO PRADO,RUPA-RUPA,LA FLORIDA
080902,CUSCO,LA CONVENCION,ECHARATE,MANGUARIARI MARGEN DERECHA
050514,AYACUCHO,LA MAR,NINABAMBA,NINABAMBA
050511,AYACUCHO,LA MAR,ORONCCOY,ORONCCOY
050504,AYACUCHO,LA MAR,CHILCAS,RETAMA
080408,CUSCO,CALCA,YANATILE,QUEBRADA HONDA
200605,PIURA,SULLANA,MARCAVELICA,VISTA FLORIDA
200110,PIURA,PIURA,LA UNION,A.H. LEONCIO AMAYA TUME
080907,CUSCO,LA CONVENCION,KIMBIRI,PALMA DE ORO
230106,TACNA,TACNA,PACHIA,MICULLA
080910,CUSCO,LA CONVENCION,PICHARI,JATUN RUMI
050403,AYACUCHO,HUANTA,HUAMANGUILLA,HUAMANGUILLA
220907,SAN MARTIN,SAN MARTIN,HUIMBAYOC,MIRAFLORES
150401,LIMA,CANTA,CANTA,CANTA
160112,LORETO,MAYNAS,BELEN,5 DE JUNIO
140102,LAMBAYEQUE,CHICLAYO,CHONGOYAPE,JUANA RIOS
010707,AMAZONAS,UTCUBAMBA,YAMON,NUEVO AMAZONAS
060802,CAJAMARCA,JAEN,BELLAVISTA,LA GUAYABA
070103,CALLAO,CALLAO,CARMEN DE LA LEGUA-REYNOSO,CARMEN DE LA LEGUA REYNOSO
160604,LORETO,UCAYALI,PAMPA HERMOSA,PLAYA HERMOSA
230106,TACNA,TACNA,PACHIA,PACHIA
230302,TACNA,JORGE BASADRE,ILABAYA,ILABAYA
080902,CUSCO,LA CONVENCION,ECHARATE,CONCEPCION
200601,PIURA,SULLANA,SULLANA,SOMATE BAJO
080912,CUSCO,LA CONVENCION,VILLA VIRGEN,YUGUIATO
050503,AYACUCHO,LA MAR,AYNA,MONTERRICO
120303,JUNIN,CHANCHAMAYO,PICHANAQUI,SAN JOSE DE KUVIRIANI
160112,LORETO,MAYNAS,BELEN,SAN PEDRO DE HUASHALADO
050116,AYACUCHO,HUAMANGA,ANDRES AVELINO CACERES D.,JARD+ÃN
060801,CAJAMARCA,JAEN,JAEN,EL MIRADOR
140312,LAMBAYEQUE,LAMBAYEQUE,TUCUME,EL ORCON
120201,JUNIN,CONCEPCION,CONCEPCION,CONCEPCION
040124,AREQUIPA,AREQUIPA,UCHUMAYO,CERRO VERDE
050407,AYACUCHO,HUANTA,SIVIA,COTONIA
080901,CUSCO,LA CONVENCION,SANTA ANA,UNSAAC
080901,CUSCO,LA CONVENCION,SANTA ANA,CIRCUNVALACION
080901,CUSCO,LA CONVENCION,SANTA ANA,VILLA MILITAR
080901,CUSCO,LA CONVENCION,SANTA ANA,CONFRATERNIDAD
160602,LORETO,UCAYALI,INAHUAYA,INAHUAYA
220401,SAN MARTIN,HUALLAGA,SAPOSOA,BALSAYACU
050113,AYACUCHO,HUAMANGA,TAMBILLO,GUAYACONDO
140310,LAMBAYEQUE,LAMBAYEQUE,SALAS,AYAHUIL
050502,AYACUCHO,LA MAR,ANCO,AMARU PAMPA
250301,UCAYALI,PADRE ABAD,PADRE ABAD,SHAMBO
120604,JUNIN,SATIPO,MAZAMARI,TODOS LOS SANTOS
050513,AYACUCHO,LA MAR,RIO MAGDALENA,MONTERRICO
080907,CUSCO,LA CONVENCION,KIMBIRI,MARGARITA
080910,CUSCO,LA CONVENCION,PICHARI,SANTA ROSA
080918,CUSCO,LA CONVENCION,UNION ASHANINKA,PITIRINKINI
080907,CUSCO,LA CONVENCION,KIMBIRI,CASHIROVENI
010205,AMAZONAS,BAGUA,IMAZA,SHIMPUENTS
140108,LAMBAYEQUE,CHICLAYO,MONSEFU,ALGARROBOS
010205,AMAZONAS,BAGUA,IMAZA,SAMAREN
230302,TACNA,JORGE BASADRE,ILABAYA,MIRAVE
010205,AMAZONAS,BAGUA,IMAZA,ALTO SHAMATA
160510,LORETO,REQUENA,JENARO HERRERA,PUMA CAHUA
160501,LORETO,REQUENA,REQUENA,JUAN PABLO II
100109,HUANUCO,HUANUCO,SANTA MARIA DEL VALLE,SANTA MARIA DEL VALLE
050510,AYACUCHO,LA MAR,ANCHIHUAY,NAIN
120606,JUNIN,SATIPO,PANGOA,BAJO KIATARI
250301,UCAYALI,PADRE ABAD,PADRE ABAD,BAJO SAN PEDRO
230202,TACNA,CANDARAVE,CAIRANI,ANCOCALA
230201,TACNA,CANDARAVE,CANDARAVE,CANDARAVE
230206,TACNA,CANDARAVE,QUILAHUANI,QUILAHUANI
081101,CUSCO,PAUCARTAMBO,PAUCARTAMBO,PAUCARTAMBO
230201,TACNA,CANDARAVE,CANDARAVE,SAN PEDRO
230206,TACNA,CANDARAVE,QUILAHUANI,PALLATA
230202,TACNA,CANDARAVE,CAIRANI,CAIRANI
050507,AYACUCHO,LA MAR,SANTA ROSA,HUANCHI
170104,MADRE DE DIOS,TAMBOPATA,LABERINTO,SANTO DOMINGO
050401,AYACUCHO,HUANTA,HUANTA,DURAZNOPATA
050115,AYACUCHO,HUAMANGA,JESUS NAZARENO,HUICHCCANA
220603,SAN MARTIN,MARISCAL CACERES,HUICUNGO,SHEPTE
200701,PIURA,TALARA,PARIÏ¿½AS,VILLA LAS PEÑITAS
160510,LORETO,REQUENA,JENARO HERRERA,PADRE GINER
100608,HUANUCO,LEONCIO PRADO,CASTILLO GRANDE,PAPAYAL
010201,AMAZONAS,BAGUA,BAGUA,CHULLO
220301,SAN MARTIN,EL DORADO,SAN JOSE DE SISA,BANDA DE PISHUAYA
160304,LORETO,LORETO,TROMPETEROS,JOSE OLAYA
160113,LORETO,MAYNAS,SAN JUAN BAUTISTA,KM. 28 CARRETERA IQUITOS - NAUTA
250106,UCAYALI,CORONEL PORTILLO,NUEVA REQUENA,SANTA CLARA DE UCHUNYA
250304,UCAYALI,PADRE ABAD,NESHUYA,MONTE ALEGRE
140205,LAMBAYEQUE,FERREÏ¿½AFE,PITIPO,LA ZARANDA
140304,LAMBAYEQUE,LAMBAYEQUE,JAYANCA,CAUTIVO
060602,CAJAMARCA,CUTERVO,CALLAYUC,BUENOS AIRES
220303,SAN MARTIN,EL DORADO,SAN MARTIN,NUEVO PUCACACA
080907,CUSCO,LA CONVENCION,KIMBIRI,DOS DE ABRIL
170101,MADRE DE DIOS,TAMBOPATA,TAMBOPATA,LOS MANANTIALES
160505,LORETO,REQUENA,MAQUIA,NUEVO LIBERAL
010201,AMAZONAS,BAGUA,BAGUA,SANTA ROSA
060410,CAJAMARCA,CHOTA,LAJAS,CAOMALCA ALTO
110111,ICA,ICA,SANTIAGO,AGUADA DE PALOS
120609,JUNIN,SATIPO,VIZCATAN DEL ENE,LA FLORIDA (FLORIDA)
220304,SAN MARTIN,EL DORADO,SANTA ROSA,BARRANQUITA
220708,SAN MARTIN,PICOTA,SHAMBOYACU,CHAMBIRA
050510,AYACUCHO,LA MAR,ANCHIHUAY,IRAN
131006,LA LIBERTAD,SANTIAGO DE CHUCO,QUIRUVILCA,QUIRUVILCA
250302,UCAYALI,PADRE ABAD,IRAZOLA,MIRAFLORES
010201,AMAZONAS,BAGUA,BAGUA,GUADALUPE
220104,SAN MARTIN,MOYOBAMBA,JEPELACIO,JERILLO
200303,PIURA,HUANCABAMBA,EL CARMEN DE LA FRONTERA,CHULUCANAS ALTO
160301,LORETO,LORETO,NAUTA,SUCRE
160401,LORETO,MARISCAL RAMON CASTILLA,RAMON CASTILLA,CAHUIDE YANAYACU
060806,CAJAMARCA,JAEN,LAS PIRIAS,CRUZ ROJA
130403,LA LIBERTAD,CHEPEN,PUEBLO NUEVO,PUEBLO NUEVO
220301,SAN MARTIN,EL DORADO,SAN JOSE DE SISA,ISHICHIHUI
160201,LORETO,ALTO AMAZONAS,YURIMAGUAS,LEONCIO PRADO
150906,LIMA,OYON,PACHANGARA,CHURIN
010403,AMAZONAS,CONDORCANQUI,RIO SANTIAGO,PAPAYACU
050507,AYACUCHO,LA MAR,SANTA ROSA,SAN LUIS
010201,AMAZONAS,BAGUA,BAGUA,BRUJO PATA
100802,HUANUCO,PACHITEA,CHAGLLA,MONTEVIDEO
120905,JUNIN,CHUPACA,HUAMANCACA CHICO,HUAMANCACA CHICO
100601,HUANUCO,LEONCIO PRADO,RUPA-RUPA,ALTO CUCHARA
170301,MADRE DE DIOS,TAHUAMANU,IÏ¿½APARI,NUEVA ESPERANZA
190306,PASCO,OXAPAMPA,PUERTO BERMUDEZ,HUACAMAYO
160301,LORETO,LORETO,NAUTA,PAMPA HERMOSA
160113,LORETO,MAYNAS,SAN JUAN BAUTISTA,31 DE AGOSTO
160101,LORETO,MAYNAS,IQUITOS,CALLE JOSE GALVEZ
220702,SAN MARTIN,PICOTA,BUENOS AIRES,SANTA ROSITA DE UPAQUIHUA
220508,SAN MARTIN,LAMAS,SAN ROQUE DE CUMBAZA,PAMASHTO
220605,SAN MARTIN,MARISCAL CACERES,PAJARILLO,VIVERES
050101,AYACUCHO,HUAMANGA,AYACUCHO,SAN JOSE DE VIÑACA
010201,AMAZONAS,BAGUA,BAGUA,SAN FRANCISCO
010201,AMAZONAS,BAGUA,BAGUA,UNION PROGRESO
010202,AMAZONAS,BAGUA,ARAMANGO,GUAYAQUIL
250301,UCAYALI,PADRE ABAD,PADRE ABAD,LA PUNTA
060802,CAJAMARCA,JAEN,BELLAVISTA,UNEGATO
150812,LIMA,HUAURA,VEGUETA,VEGUETA
050407,AYACUCHO,HUANTA,SIVIA,SANTA ROSA BAJA
120609,JUNIN,SATIPO,VIZCATAN DEL ENE,PAQUICHARI
250203,UCAYALI,ATALAYA,TAHUANIA,SANTA CLARA
220302,SAN MARTIN,EL DORADO,AGUA BLANCA,CHAQUISHCA RARCA
110110,ICA,ICA,SAN JUAN BAUTISTA,LONGAR
050206,AYACUCHO,CANGALLO,TOTOS,TOTOS
110111,ICA,ICA,SANTIAGO,SAN MARTIN
160604,LORETO,UCAYALI,PAMPA HERMOSA,LIBERTAD
160106,LORETO,MAYNAS,MAZAN,VILLA MARIA
170201,MADRE DE DIOS,MANU,MANU,NUEVO EDEN
160106,LORETO,MAYNAS,MAZAN,SAN JUAN
220301,SAN MARTIN,EL DORADO,SAN JOSE DE SISA,ELADIO TAPULLIMA
150502,LIMA,CAÏ¿½ETE,ASIA,ROSARIO DE ASIA
150503,LIMA,CAÏ¿½ETE,CALANGO,CALANGO
050501,AYACUCHO,LA MAR,SAN MIGUEL,HUAYLLACA
110305,ICA,NAZCA,VISTA ALEGRE,TRANCAS BAJAS (LAS TRANCAS)
150806,LIMA,HUAURA,HUAURA,HUAURA
130908,LA LIBERTAD,SANCHEZ CARRION,SARTIMBAMBA,SAN ALFONSO
100101,HUANUCO,HUANUCO,HUANUCO,HUANSHU
040104,AREQUIPA,AREQUIPA,CERRO COLORADO,CERRO COLORADO CANTARILLAS
100608,HUANUCO,LEONCIO PRADO,CASTILLO GRANDE,PICURAYACU BAJO
100507,HUANUCO,HUAMALIES,MONZON,RIO ESPINO
100507,HUANUCO,HUAMALIES,MONZON,CASHAPAMPA
100103,HUANUCO,HUANUCO,CHINCHAO,HUACHIPA
150104,LIMA,LIMA,BARRANCO,BARRANCO
010701,AMAZONAS,UTCUBAMBA,BAGUA GRANDE,LA VERSALLA
140308,LAMBAYEQUE,LAMBAYEQUE,OLMOS,LAS PAMPAS
140117,LAMBAYEQUE,CHICLAYO,PATAPO,PUENTE TULIPE
140301,LAMBAYEQUE,LAMBAYEQUE,LAMBAYEQUE,MOXE
110206,ICA,CHINCHA,GROCIO PRADO,SAN BENITO
100603,HUANUCO,LEONCIO PRADO,HERMILIO VALDIZAN,JOSE M. UGARTECHE
090705,HUANCAVELICA,TAYACAJA,COLCABAMBA,COLCABAMBA
160303,LORETO,LORETO,TIGRE,SANTA ROSA
220504,SAN MARTIN,LAMAS,CAYNARACHI,SAN MIGUEL DE ACHINAMIZA
220202,SAN MARTIN,BELLAVISTA,ALTO BIAVO,LOS ANGELES
060903,CAJAMARCA,SAN IGNACIO,HUARANGO,SUPAYACU
220101,SAN MARTIN,MOYOBAMBA,MOYOBAMBA,LOS OLIVOS DEL HUASCAYACU
030104,APURIMAC,ABANCAY,CURAHUASI,CURAHUASI
160606,LORETO,UCAYALI,VARGAS GUERRA,GARZA CAÑO
160606,LORETO,UCAYALI,VARGAS GUERRA,VARGAS GUERRA
050503,AYACUCHO,LA MAR,AYNA,VILLA LIBERTAD
160113,LORETO,MAYNAS,SAN JUAN BAUTISTA,LA PAZ
250302,UCAYALI,PADRE ABAD,IRAZOLA,PUERTO NUEVO
160605,LORETO,UCAYALI,SARAYACU,TIERRA BLANCA
110508,ICA,PISCO,TUPAC AMARU INCA,TUPAC AMARU INCA
160401,LORETO,MARISCAL RAMON CASTILLA,RAMON CASTILLA,PUERTO INCA
220201,SAN MARTIN,BELLAVISTA,BELLAVISTA,LA CAMPIÑA
010202,AMAZONAS,BAGUA,ARAMANGO,EL CEDRON
160804,LORETO,PUTUMAYO,YAGUAS,REMANSO
220901,SAN MARTIN,SAN MARTIN,TARAPOTO,SAN MARTIN DE CUMBAZA
160704,LORETO,DATEM DEL MARAÏ¿½ON,MORONA,SARGENTO PUNO
220605,SAN MARTIN,MARISCAL CACERES,PAJARILLO,BAJO JUÑAO
250102,UCAYALI,CORONEL PORTILLO,CAMPOVERDE,TIERRA BUENA
160302,LORETO,LORETO,PARINARI,ROCA FUERTE
100901,HUANUCO,PUERTO INCA,PUERTO INCA,SAN ALEJANDRO
010202,AMAZONAS,BAGUA,ARAMANGO,TUTUMBEROS
250301,UCAYALI,PADRE ABAD,PADRE ABAD,ALTO MIRAFLORES
160112,LORETO,MAYNAS,BELEN,SAN LORENZO
150716,LIMA,HUAROCHIRI,SAN ANTONIO,SAN ANTONIO
160108,LORETO,MAYNAS,PUNCHANA,CENTRO ARENAL
160108,LORETO,MAYNAS,PUNCHANA,EL MILAGRO
240304,TUMBES,ZARUMILLA,PAPAYAL,LOS OLIVOS
220101,SAN MARTIN,MOYOBAMBA,MOYOBAMBA,SAN JOSE DEL ALTO
160510,LORETO,REQUENA,JENARO HERRERA,NUEVO SAN JUAN
150106,LIMA,LIMA,CARABAYLLO,PANCHAUCA
250301,UCAYALI,PADRE ABAD,PADRE ABAD,SAN MIGUEL
250301,UCAYALI,PADRE ABAD,PADRE ABAD,CEDRUYO
130205,LA LIBERTAD,ASCOPE,PAIJAN,MACABI BAJO
170103,MADRE DE DIOS,TAMBOPATA,LAS PIEDRAS,TORMENTA
150812,LIMA,HUAURA,VEGUETA,MEDIO MUNDO
050401,AYACUCHO,HUANTA,HUANTA,CEDROPATA
050401,AYACUCHO,HUANTA,HUANTA,ESPIRITU SANTO
230104,TACNA,TACNA,CIUDAD NUEVA,CIUDAD NUEVA
100608,HUANUCO,LEONCIO PRADO,CASTILLO GRANDE,LA FLORIDA
160603,LORETO,UCAYALI,PADRE MARQUEZ,NUEVO GALILEO
160601,LORETO,UCAYALI,CONTAMANA,NUEVO BELEN
160113,LORETO,MAYNAS,SAN JUAN BAUTISTA,CALIPSO
160103,LORETO,MAYNAS,FERNANDO LORES,CENTRO INDUSTRIAL
100605,HUANUCO,LEONCIO PRADO,LUYANDO,SOL NACIENTE
250301,UCAYALI,PADRE ABAD,PADRE ABAD,PROGRESO
160601,LORETO,UCAYALI,CONTAMANA,NUEVO SUAYA
250301,UCAYALI,PADRE ABAD,PADRE ABAD,ERIKA
010203,AMAZONAS,BAGUA,COPALLIN,CHUNGUINA ALTA
160601,LORETO,UCAYALI,CONTAMANA,CONTAMANILLO
211101,PUNO,SAN ROMAN,JULIACA,SAN ANTONIO
080108,CUSCO,CUSCO,WANCHAQ,WANCHAQ
250106,UCAYALI,CORONEL PORTILLO,NUEVA REQUENA,20 DE MAYO
250106,UCAYALI,CORONEL PORTILLO,NUEVA REQUENA,LA PERLA DE SANJA SECA
160113,LORETO,MAYNAS,SAN JUAN BAUTISTA,SAN CIRILO
160706,LORETO,DATEM DEL MARAÏ¿½ON,ANDOAS,ALIANZA CAPAHUARI
250106,UCAYALI,CORONEL PORTILLO,NUEVA REQUENA,SARITA COLONIA
080408,CUSCO,CALCA,YANATILE,CHANCAMAYO
160804,LORETO,PUTUMAYO,YAGUAS,HUAPAPA
160804,LORETO,PUTUMAYO,YAGUAS,EL ALAMO
160804,LORETO,PUTUMAYO,YAGUAS,TRES ESQUINAS
160804,LORETO,PUTUMAYO,YAGUAS,PRIMAVERA
160303,LORETO,LORETO,TIGRE,SAN ANDRES
080906,CUSCO,LA CONVENCION,QUELLOUNO,LUCUMAYO
160804,LORETO,PUTUMAYO,YAGUAS,BETANIA
250301,UCAYALI,PADRE ABAD,PADRE ABAD,NUEVO SAN MARTIN
080910,CUSCO,LA CONVENCION,PICHARI,9 DE DICIEMBRE
160510,LORETO,REQUENA,JENARO HERRERA,FLOR DE CASTAÑA
170203,MADRE DE DIOS,MANU,MADRE DE DIOS,PUNKIRI CHICO
160102,LORETO,MAYNAS,ALTO NANAY,SHIRIARA
050407,AYACUCHO,HUANTA,SIVIA,NUEVA ALIANZA
060202,CAJAMARCA,CAJABAMBA,CACHACHI,CHUQUIBAMBA
100601,HUANUCO,LEONCIO PRADO,RUPA-RUPA,JACINTILLO
140202,LAMBAYEQUE,FERREÏ¿½AFE,CAÏ¿½ARIS,SANTA ROSA
140305,LAMBAYEQUE,LAMBAYEQUE,MOCHUMI,VALLE NUEVO
060811,CAJAMARCA,JAEN,SAN JOSE DEL ALTO,SAN JOSE DEL  ALTO
080906,CUSCO,LA CONVENCION,QUELLOUNO,TUNQUIMAYO
160401,LORETO,MARISCAL RAMON CASTILLA,RAMON CASTILLA,ISLA TIGRE
160601,LORETO,UCAYALI,CONTAMANA,SAN PEDRO CHIATIPISHCA
160112,LORETO,MAYNAS,BELEN,SAN JUAN DE PADRE COCHA
010401,AMAZONAS,CONDORCANQUI,NIEVA,CUZUMATAC
100901,HUANUCO,PUERTO INCA,PUERTO INCA,PUEBLO LIBRE
130112,LA LIBERTAD,TRUJILLO,ALTO TRUJILLO,ALTO TRUJILLO
160108,LORETO,MAYNAS,PUNCHANA,SAN JUAN DE SINCHICUY
160804,LORETO,PUTUMAYO,YAGUAS,PUERTO FRANCO
240104,TUMBES,TUMBES,PAMPAS DE HOSPITAL,EL HIGUERON
221001,SAN MARTIN,TOCACHE,TOCACHE,SANTO DOMINGO
080901,CUSCO,LA CONVENCION,SANTA ANA,ISILLUYOC
050507,AYACUCHO,LA MAR,SANTA ROSA,LA UNION LUISIANA
060801,CAJAMARCA,JAEN,JAEN,SAN ISIDRO
081203,CUSCO,QUISPICANCHI,CAMANTI,LIMONCHAYOC
250106,UCAYALI,CORONEL PORTILLO,NUEVA REQUENA,BAJO RAYAL
160102,LORETO,MAYNAS,ALTO NANAY,SAN PEDRO
030601,APURIMAC,CHINCHEROS,CHINCHEROS,TEJAHUASI
170203,MADRE DE DIOS,MANU,MADRE DE DIOS,DELTA 1
220502,SAN MARTIN,LAMAS,ALONSO DE ALVARADO,ROQUE
050501,AYACUCHO,LA MAR,SAN MIGUEL,URAS
160101,LORETO,MAYNAS,IQUITOS,CALLE ABTAO/ARICA
050407,AYACUCHO,HUANTA,SIVIA,ROSARIO ACON
120117,JUNIN,HUANCAYO,HUALHUAS,MUCHACRUZ
050201,AYACUCHO,CANGALLO,CANGALLO,PAMPA CRUZ
120606,JUNIN,SATIPO,PANGOA,ALTO CHAVINI
060812,CAJAMARCA,JAEN,SANTA ROSA,SANTA ROSA
080917,CUSCO,LA CONVENCION,MANITEA,LOBO TAHUANTINSUYO
160705,LORETO,DATEM DEL MARAÏ¿½ON,PASTAZA,SAN ISIDRO
250301,UCAYALI,PADRE ABAD,PADRE ABAD,LIBERTAD
110109,ICA,ICA,SAN JOSE DE LOS MOLINOS,PAMPA DE LA ISLA
150118,LIMA,LIMA,LURIGANCHO,FLORIDA
170102,MADRE DE DIOS,TAMBOPATA,INAMBARI,PALMERA
130106,LA LIBERTAD,TRUJILLO,LAREDO,CERRO BLANCO
131001,LA LIBERTAD,SANTIAGO DE CHUCO,SANTIAGO DE CHUCO,RAYAMBARA
010701,AMAZONAS,UTCUBAMBA,BAGUA GRANDE,ÑUNYA JALCA
140308,LAMBAYEQUE,LAMBAYEQUE,OLMOS,CERRO DE FALLA
080901,CUSCO,LA CONVENCION,SANTA ANA,SAMBARAY ALTO
120303,JUNIN,CHANCHAMAYO,PICHANAQUI,COLONIA HUANCA
200105,PIURA,PIURA,CATACAOS,A.H. JUAN DE MORI
060810,CAJAMARCA,JAEN,SAN FELIPE,TINGO
250106,UCAYALI,CORONEL PORTILLO,NUEVA REQUENA,LOS ANGELES
080907,CUSCO,LA CONVENCION,KIMBIRI,TUPAC AMARU I
080907,CUSCO,LA CONVENCION,KIMBIRI,VILLA FLORES
080910,CUSCO,LA CONVENCION,PICHARI,MARAVILLA
080917,CUSCO,LA CONVENCION,MANITEA,MANITEA BAJA
060902,CAJAMARCA,SAN IGNACIO,CHIRINOS,CHURUPAMPA
140307,LAMBAYEQUE,LAMBAYEQUE,MOTUPE,MOLINO DEL CARMEN
250302,UCAYALI,PADRE ABAD,IRAZOLA,SAN JUAN BAUTISTA
080910,CUSCO,LA CONVENCION,PICHARI,PARQUE INDUSTRIAL
160101,LORETO,MAYNAS,IQUITOS,CALLE MORONA
160101,LORETO,MAYNAS,IQUITOS,CALLE GARCIA SANZ
250106,UCAYALI,CORONEL PORTILLO,NUEVA REQUENA,EL CARIBE
240304,TUMBES,ZARUMILLA,PAPAYAL,QUEBRADA GRANDE
160108,LORETO,MAYNAS,PUNCHANA,CASERIO MILAGRO
240302,TUMBES,ZARUMILLA,AGUAS VERDES,NUEVA ESPERANZA
250301,UCAYALI,PADRE ABAD,PADRE ABAD,SANTA ROSA DE AGUAYTIA
050501,AYACUCHO,LA MAR,SAN MIGUEL,MISQUIBAMBA
160101,LORETO,MAYNAS,IQUITOS,YURIMAGUAS
160107,LORETO,MAYNAS,NAPO,BOLIVAR
190305,PASCO,OXAPAMPA,POZUZO,DELFIN
150904,LIMA,OYON,COCHAMARCA,COLCAPAMPA
150132,LIMA,LIMA,SAN JUAN DE LURIGANCHO,ZARATE
120606,JUNIN,SATIPO,PANGOA,SAN MIGUEL DE ENE
120609,JUNIN,SATIPO,VIZCATAN DEL ENE,VALLE HERMOSA DE MAZANGARO
120301,JUNIN,CHANCHAMAYO,CHANCHAMAYO,PAMPA HUASAHUASI
140308,LAMBAYEQUE,LAMBAYEQUE,OLMOS,ÑAUPE
200604,PIURA,SULLANA,LANCONES,SAUCE
200607,PIURA,SULLANA,QUERECOTILLO,SANTA CRUZ
120401,JUNIN,JAUJA,JAUJA,JAUJA
060901,CAJAMARCA,SAN IGNACIO,SAN IGNACIO,MIRAFLORES
160502,LORETO,REQUENA,ALTO TAPICHE,ALTO TAPICHE
060803,CAJAMARCA,JAEN,CHONTALI,CHONTALI
010203,AMAZONAS,BAGUA,COPALLIN,CHONZA LAGUNA
250106,UCAYALI,CORONEL PORTILLO,NUEVA REQUENA,SAN PABLO DE JUANTIA
160101,LORETO,MAYNAS,IQUITOS,MARIA PARADO DE BELLIDO
160101,LORETO,MAYNAS,IQUITOS,QUEBRADA SECA
160101,LORETO,MAYNAS,IQUITOS,CALLE 2 DE MAYO
160113,LORETO,MAYNAS,SAN JUAN BAUTISTA,KM.21 CARRETERA IQUITOS NAUTA
160303,LORETO,LORETO,TIGRE,PIURA
200207,PIURA,AYABACA,PAIMAS,GUIRGUIR
200207,PIURA,AYABACA,PAIMAS,HAMBUL
200207,PIURA,AYABACA,PAIMAS,PAIMAS
200114,PIURA,PIURA,TAMBO GRANDE,GUARAGUAOS ALTO
200701,PIURA,TALARA,PARIÏ¿½AS,SECTOR 17
200603,PIURA,SULLANA,IGNACIO ESCUDERO,MONTE LIMA
200111,PIURA,PIURA,LAS LOMAS,CP-6
010203,AMAZONAS,BAGUA,COPALLIN,EL YUYO
080910,CUSCO,LA CONVENCION,PICHARI,SAN JUAN DE LA FRONTERA
080916,CUSCO,LA CONVENCION,CIELO PUNCO,C.P. PALESTINA BAJA
080912,CUSCO,LA CONVENCION,VILLA VIRGEN,NUEVA ESPERANZA
160404,LORETO,MARISCAL RAMON CASTILLA,SAN PABLO,SAN PABLO DE LORETO
160401,LORETO,MARISCAL RAMON CASTILLA,RAMON CASTILLA,SANTA ELENA
160104,LORETO,MAYNAS,INDIANA,YANAYACU BOMBONAJE
020105,ANCASH,HUARAZ,INDEPENDENCIA,INDEPENDENCIA
200501,PIURA,PAITA,PAITA,SECTOR 5
200105,PIURA,PIURA,CATACAOS,LA CAMPIÑA
080901,CUSCO,LA CONVENCION,SANTA ANA,BARRIAL BAJA
200506,PIURA,PAITA,TAMARINDO,TAMARINDO
200111,PIURA,PIURA,LAS LOMAS,SECTOR 3
200701,PIURA,TALARA,PARIÏ¿½AS,SECTOR 15
200209,PIURA,AYABACA,SICCHEZ,MONTERRICO
200501,PIURA,PAITA,PAITA,SECTOR 6
120301,JUNIN,CHANCHAMAYO,CHANCHAMAYO,PUENTE QUIMIRI
220501,SAN MARTIN,LAMAS,LAMAS,SAN ANTONIO DEL RIO MAYO
160301,LORETO,LORETO,NAUTA,LAS MALVINAS
080909,CUSCO,LA CONVENCION,VILCABAMBA,OYARA
200111,PIURA,PIURA,LAS LOMAS,SECTOR 5
200111,PIURA,PIURA,LAS LOMAS,SECTOR 2
200111,PIURA,PIURA,LAS LOMAS,SECTOR 7
200115,PIURA,PIURA,VEINTISEIS DE OCTUBRE,A.H. SANTA ROSA
160511,LORETO,REQUENA,YAQUERANA,PUERTO ALEGRE
150810,LIMA,HUAURA,SANTA MARIA,STA.MARIA - CRUZ BLANCA
150811,LIMA,HUAURA,SAYAN,SAYAN - CASA VIEJA
060801,CAJAMARCA,JAEN,JAEN,MONTE GRANDE
050501,AYACUCHO,LA MAR,SAN MIGUEL,MIRAFLORES
050505,AYACUCHO,LA MAR,CHUNGUI,VILLA AURORA
200506,PIURA,PAITA,TAMARINDO,LA LIBERTAD
200505,PIURA,PAITA,LA HUACA,PUCUSULA
240203,TUMBES,CONTRALMIRANTE VILLAR,CANOAS DE PUNTA SAL,BARRANCOS (CORRAL DE OVEJAS)
050505,AYACUCHO,LA MAR,CHUNGUI,MARCO
060808,CAJAMARCA,JAEN,PUCARA,SAN MARTIN
100507,HUANUCO,HUAMALIES,MONZON,CONSOLADO
220106,SAN MARTIN,MOYOBAMBA,YANTALO,YANTALO
160113,LORETO,MAYNAS,SAN JUAN BAUTISTA,NUEVO PROGRESO
200207,PIURA,AYABACA,PAIMAS,TUNEL SIETE
060801,CAJAMARCA,JAEN,JAEN,GUAYACAN
140111,LAMBAYEQUE,CHICLAYO,PICSI,SAN MIGUEL
160603,LORETO,UCAYALI,PADRE MARQUEZ,NUEVO SAN MARTIN
220506,SAN MARTIN,LAMAS,PINTO RECODO,PALMICHE
220501,SAN MARTIN,LAMAS,LAMAS,CC.NN WAYKU
050408,AYACUCHO,HUANTA,LLOCHEGUA,UNION SAN MIGUEL
060907,CAJAMARCA,SAN IGNACIO,TABACONAS,TAMBORAPA PUEBLO
120301,JUNIN,CHANCHAMAYO,CHANCHAMAYO,SAN CARLOS
160201,LORETO,ALTO AMAZONAS,YURIMAGUAS,MONDONGO
060907,CAJAMARCA,SAN IGNACIO,TABACONAS,LA FLORIDA
060907,CAJAMARCA,SAN IGNACIO,TABACONAS,PAYA PEÑA
120301,JUNIN,CHANCHAMAYO,CHANCHAMAYO,QUIMIRI CENTRO
010601,AMAZONAS,RODRIGUEZ DE MENDOZA,SAN NICOLAS,ONCHIC
190308,PASCO,OXAPAMPA,CONSTITUCION,EL MIRADOR
060411,CAJAMARCA,CHOTA,LLAMA,SUCCHARACRA
050408,AYACUCHO,HUANTA,LLOCHEGUA,VILLA MEJORADA
080910,CUSCO,LA CONVENCION,PICHARI,C.P. TAMBO DEL ENE
060904,CAJAMARCA,SAN IGNACIO,LA COIPA,RINCONADA
100904,HUANUCO,PUERTO INCA,TOURNAVISTA,SAN PEDRO
080910,CUSCO,LA CONVENCION,PICHARI,JORGE CHAVEZ
160705,LORETO,DATEM DEL MARAÏ¿½ON,PASTAZA,PUERTO PIRUMBA
250301,UCAYALI,PADRE ABAD,PADRE ABAD,PUERTO AZUL
200210,PIURA,AYABACA,SUYO,SURPAMPA
010609,AMAZONAS,RODRIGUEZ DE MENDOZA,OMIA,ALISO
050509,AYACUCHO,LA MAR,SAMUGARI,CAÑAPIRIATO
150407,LIMA,CANTA,SANTA ROSA DE QUIVES,LETICIA
120606,JUNIN,SATIPO,PANGOA,LOS ANGELES
021101,ANCASH,HUARMEY,HUARMEY,HUARMEY
130205,LA LIBERTAD,ASCOPE,PAIJAN,CHONGOLLAPE
050401,AYACUCHO,HUANTA,HUANTA,PISCOTUNA
160113,LORETO,MAYNAS,SAN JUAN BAUTISTA,HORIZONTE
150407,LIMA,CANTA,SANTA ROSA DE QUIVES,MACAS
150407,LIMA,CANTA,SANTA ROSA DE QUIVES,TRAPICHE
200210,PIURA,AYABACA,SUYO,PUENTE QUIROZ
160201,LORETO,ALTO AMAZONAS,YURIMAGUAS,SANTA TERESA
100602,HUANUCO,LEONCIO PRADO,DANIEL ALOMIA ROBLES,JOSE CARLOS MARIATEGUI
160113,LORETO,MAYNAS,SAN JUAN BAUTISTA,KM. 40 CARRETERA IQUITOS-NAUTA
160202,LORETO,ALTO AMAZONAS,BALSAPUERTO,NUEVO JUNIN
120601,JUNIN,SATIPO,SATIPO,SANTA ROSA DE CASHINGARI
060903,CAJAMARCA,SAN IGNACIO,HUARANGO,EL TRIUNFO
100905,HUANUCO,PUERTO INCA,YUYAPICHIS,SANTA ROSA DE YANAYACU
080907,CUSCO,LA CONVENCION,KIMBIRI,MALVINAS
160108,LORETO,MAYNAS,PUNCHANA,CASERIO PROGRESO
160108,LORETO,MAYNAS,PUNCHANA,PUERTO ALICIA
160108,LORETO,MAYNAS,PUNCHANA,BUENOS AIRES
160801,LORETO,PUTUMAYO,PUTUMAYO,SANTA RITA
131002,LA LIBERTAD,SANTIAGO DE CHUCO,ANGASMARCA,CHUSGON
250102,UCAYALI,CORONEL PORTILLO,CAMPOVERDE,NUEVO PIURA
060812,CAJAMARCA,JAEN,SANTA ROSA,PUENTECILLOS
160510,LORETO,REQUENA,JENARO HERRERA,NUEVO PROGRESO
010401,AMAZONAS,CONDORCANQUI,NIEVA,YUMINGKUS
010401,AMAZONAS,CONDORCANQUI,NIEVA,JAPAIME ESCUELA
010401,AMAZONAS,CONDORCANQUI,NIEVA,HECTOR PEAS
010401,AMAZONAS,CONDORCANQUI,NIEVA,ALTO  CANAMPA
010401,AMAZONAS,CONDORCANQUI,NIEVA,SEASME
010401,AMAZONAS,CONDORCANQUI,NIEVA,NUEVA ESPERANZA
200501,PIURA,PAITA,PAITA,SECTOR 2
010201,AMAZONAS,BAGUA,BAGUA,CRUCE ALENYA
080910,CUSCO,LA CONVENCION,PICHARI,NOGAL PAMPA
080907,CUSCO,LA CONVENCION,KIMBIRI,CIRCUMBALACION
080907,CUSCO,LA CONVENCION,KIMBIRI,MANCO CAPAC
050513,AYACUCHO,LA MAR,RIO MAGDALENA,UNION VISTA ALEGRE
160113,LORETO,MAYNAS,SAN JUAN BAUTISTA,SAN PEDRO
160101,LORETO,MAYNAS,IQUITOS,VARGAS GUERRA
160101,LORETO,MAYNAS,IQUITOS,AMADOR BARTENS
010401,AMAZONAS,CONDORCANQUI,NIEVA,CHINCAN
010401,AMAZONAS,CONDORCANQUI,NIEVA,DATEJ
010401,AMAZONAS,CONDORCANQUI,NIEVA,CAYACUSHA
010401,AMAZONAS,CONDORCANQUI,NIEVA,YUVINTSA
100507,HUANUCO,HUAMALIES,MONZON,PUCARA
100507,HUANUCO,HUAMALIES,MONZON,CHAUPIACU
010401,AMAZONAS,CONDORCANQUI,NIEVA,FRANCISCO RODRIGUEZ
160206,LORETO,ALTO AMAZONAS,LAGUNAS,SAN MANUEL
250201,UCAYALI,ATALAYA,RAIMONDI,LOS CEDROS
160401,LORETO,MARISCAL RAMON CASTILLA,RAMON CASTILLA,TIERRA AMARILLA
160113,LORETO,MAYNAS,SAN JUAN BAUTISTA,NUEVA VILLA BELEN
160101,LORETO,MAYNAS,IQUITOS,NUEVA ESPERANZA
060810,CAJAMARCA,JAEN,SAN FELIPE,HUABAL
080906,CUSCO,LA CONVENCION,QUELLOUNO,CCOCHAYOC
080901,CUSCO,LA CONVENCION,SANTA ANA,SAN PEDRO
190307,PASCO,OXAPAMPA,VILLA RICA,BAJO BOCAZ
160210,LORETO,ALTO AMAZONAS,SANTA CRUZ,ANGAMOS
250301,UCAYALI,PADRE ABAD,PADRE ABAD,TANGARANA
080907,CUSCO,LA CONVENCION,KIMBIRI,VILLA EL SALVADOR
160113,LORETO,MAYNAS,SAN JUAN BAUTISTA,SANTA MARTHA
160202,LORETO,ALTO AMAZONAS,BALSAPUERTO,PANAN
050611,AYACUCHO,LUCANAS,LUCANAS,SANTA CRUZ DE PICHIHUA
220205,SAN MARTIN,BELLAVISTA,SAN PABLO,CENTRO AMERICA
160104,LORETO,MAYNAS,INDIANA,NUEVA ESPERANZA
150107,LIMA,LIMA,CHACLACAYO,MIGUEL GRAU
080918,CUSCO,LA CONVENCION,UNION ASHANINKA,CC.NN. MIMIRINI ALTA
060901,CAJAMARCA,SAN IGNACIO,SAN IGNACIO,ALTO BOLOGNESI
010205,AMAZONAS,BAGUA,IMAZA,WAWIKO _ WAWICO
220504,SAN MARTIN,LAMAS,CAYNARACHI,CONVENTO
150505,LIMA,CAÏ¿½ETE,CHILCA,OLOF PALME
080910,CUSCO,LA CONVENCION,PICHARI,CORAZON DEL VRAE
120608,JUNIN,SATIPO,RIO TAMBO,CUTIVIRENI
010705,AMAZONAS,UTCUBAMBA,JAMALCA,VISTA HERMOSA
220807,SAN MARTIN,RIOJA,SAN FERNANDO,PERLAMAYO
100903,HUANUCO,PUERTO INCA,HONORIA,NUEVA HONORIA
160101,LORETO,MAYNAS,IQUITOS,AGUAS BLANCAS
160201,LORETO,ALTO AMAZONAS,YURIMAGUAS,LUZ DEL ORIENTE
160305,LORETO,LORETO,URARINAS,NUEVO HORIZONTE (PUCAYACU)
010401,AMAZONAS,CONDORCANQUI,NIEVA,ACHOAGA
010514,AMAZONAS,LUYA,PISUQUIA,TRIBULON
100606,HUANUCO,LEONCIO PRADO,MARIANO DAMASO BERAUN,CHUNATAHUA
250301,UCAYALI,PADRE ABAD,PADRE ABAD,HUACAMAYO
050106,AYACUCHO,HUAMANGA,OCROS,CCERAOCRO
120606,JUNIN,SATIPO,PANGOA,NUEVA ESPERANZA
100201,HUANUCO,AMBO,AMBO,MARAYPATA
160113,LORETO,MAYNAS,SAN JUAN BAUTISTA,VILLA CRUZ
160101,LORETO,MAYNAS,IQUITOS,CALLE ALZAMORA
160202,LORETO,ALTO AMAZONAS,BALSAPUERTO,SAN HILARION EJE CARRETERO
120302,JUNIN,CHANCHAMAYO,PERENE,CENTRO PUMPURIANI (PUMPURIANI)
160101,LORETO,MAYNAS,IQUITOS,CALLE LIBERTAD
220502,SAN MARTIN,LAMAS,ALONSO DE ALVARADO,SAN JUAN DE PACAYZAPA
190308,PASCO,OXAPAMPA,CONSTITUCION,MORONA
240202,TUMBES,CONTRALMIRANTE VILLAR,CASITAS,CHERRELIQUE
220301,SAN MARTIN,EL DORADO,SAN JOSE DE SISA,20 DE MAYO
220301,SAN MARTIN,EL DORADO,SAN JOSE DE SISA,MARAY
010201,AMAZONAS,BAGUA,BAGUA,CASUAL
160404,LORETO,MARISCAL RAMON CASTILLA,SAN PABLO,ALFARO
220604,SAN MARTIN,MARISCAL CACERES,PACHIZA,VISTA ALEGRE
080914,CUSCO,LA CONVENCION,MEGANTONI,TIMPIA (MISION)
160112,LORETO,MAYNAS,BELEN,CABO LOPEZ ZONA B
160301,LORETO,LORETO,NAUTA,BAGAZAN
160301,LORETO,LORETO,NAUTA,SAN PEDRO I ZONA
100104,HUANUCO,HUANUCO,CHURUBAMBA,COCHAGORA
160301,LORETO,LORETO,NAUTA,MIRAFLORES
160804,LORETO,PUTUMAYO,YAGUAS,SANTA ROSA DE CAUCHILLO
160113,LORETO,MAYNAS,SAN JUAN BAUTISTA,SAN MARTIN
100604,HUANUCO,LEONCIO PRADO,JOSE CRESPO Y CASTILLO,RIO FRIO
100604,HUANUCO,LEONCIO PRADO,JOSE CRESPO Y CASTILLO,PUCAYACU
050405,AYACUCHO,HUANTA,LURICOCHA,LLANZA
060906,CAJAMARCA,SAN IGNACIO,SAN JOSE DE LOURDES,YARARACHE
010403,AMAZONAS,CONDORCANQUI,RIO SANTIAGO,CHOSICA
080910,CUSCO,LA CONVENCION,PICHARI,INTEGRACIÃN PICHARI
130805,LA LIBERTAD,PATAZ,HUAYLILLAS,CHUNGANA
050115,AYACUCHO,HUAMANGA,JESUS NAZARENO,TOTORITA
100602,HUANUCO,LEONCIO PRADO,DANIEL ALOMIA ROBLES,MERCEDES
160201,LORETO,ALTO AMAZONAS,YURIMAGUAS,NUEVO HORIZONTE
050507,AYACUCHO,LA MAR,SANTA ROSA,YANASACHA
100902,HUANUCO,PUERTO INCA,CODO DEL POZUZO,NUEVO POZUZO
150143,LIMA,LIMA,VILLA MARIA DEL TRIUNFO,NUEVA ESPERANZA
160202,LORETO,ALTO AMAZONAS,BALSAPUERTO,NUEVO SAN MARTIN
010401,AMAZONAS,CONDORCANQUI,NIEVA,VISTA ALEGRE
160202,LORETO,ALTO AMAZONAS,BALSAPUERTO,NUEVA REFORMA
160113,LORETO,MAYNAS,SAN JUAN BAUTISTA,PROL. AZUCENAS
160108,LORETO,MAYNAS,PUNCHANA,PARAISO
250302,UCAYALI,PADRE ABAD,IRAZOLA,LAS PALMERAS
150904,LIMA,OYON,COCHAMARCA,COLCAPAMPA - QUILCA
150904,LIMA,OYON,COCHAMARCA,COLCAPAMPA - MARAY
150904,LIMA,OYON,COCHAMARCA,COLCAPAMPA - BELLAVISTA
150904,LIMA,OYON,COCHAMARCA,COLCAPAMPA - GARAPE
150904,LIMA,OYON,COCHAMARCA,COLCAPAMPA - QUISKA
220202,SAN MARTIN,BELLAVISTA,ALTO BIAVO,NUEVO ARICA
010505,AMAZONAS,LUYA,CONILA,COHECHAN
160113,LORETO,MAYNAS,SAN JUAN BAUTISTA,BARADERO DE HOMAGUAS
150904,LIMA,OYON,COCHAMARCA,COLCAPAMPA - CAUCHA
120302,JUNIN,CHANCHAMAYO,PERENE,SANTA ANA
050103,AYACUCHO,HUAMANGA,ACOS VINCHOS,ACOS VINCHOS
080907,CUSCO,LA CONVENCION,KIMBIRI,HUARMAMAYO
080910,CUSCO,LA CONVENCION,PICHARI,OTARI SAN MARTIN
160101,LORETO,MAYNAS,IQUITOS,PORVENIR
160104,LORETO,MAYNAS,INDIANA,JORGE CHAVEZ
100609,HUANUCO,LEONCIO PRADO,PUEBLO NUEVO,MELGAR
050405,AYACUCHO,HUANTA,LURICOCHA,NUEVO PROGRESO
160501,LORETO,REQUENA,REQUENA,SANTA ROSA
060901,CAJAMARCA,SAN IGNACIO,SAN IGNACIO,CHAMANAL
051102,AYACUCHO,VILCAS HUAMAN,ACCOMARCA,ACCOMARCA
010307,AMAZONAS,BONGARA,JAZAN,SUYUBAMBA
010307,AMAZONAS,BONGARA,JAZAN,PEDRO RUIZ GALLO
220911,SAN MARTIN,SAN MARTIN,PAPAPLAYA,SANTA SOFIA
160102,LORETO,MAYNAS,ALTO NANAY,PAIVA QUEBRADA
040102,AREQUIPA,AREQUIPA,ALTO SELVA ALEGRE,ALTO SELVA ALEGRE
010401,AMAZONAS,CONDORCANQUI,NIEVA,NUEVO SEASME
131101,LA LIBERTAD,GRAN CHIMU,CASCAS,TIERRAS DE CRISTO
050105,AYACUCHO,HUAMANGA,CHIARA,COCHABAMBA
160202,LORETO,ALTO AMAZONAS,BALSAPUERTO,SAN MARTIN EJE CARRETERO
010401,AMAZONAS,CONDORCANQUI,NIEVA,PUTUYACAT
160113,LORETO,MAYNAS,SAN JUAN BAUTISTA,LAS CASTANAS
080907,CUSCO,LA CONVENCION,KIMBIRI,LA MERCED
160501,LORETO,REQUENA,REQUENA,CAROCURAHUAITE
160404,LORETO,MARISCAL RAMON CASTILLA,SAN PABLO,ALTO MONTE ISRAEL
060902,CAJAMARCA,SAN IGNACIO,CHIRINOS,CUNIA
160701,LORETO,DATEM DEL MARAÏ¿½ON,BARRANCA,NUEVA BARRANCA
130401,LA LIBERTAD,CHEPEN,CHEPEN,EL SALVADOR
220401,SAN MARTIN,HUALLAGA,SAPOSOA,NUEVO TRIUNFO
160211,LORETO,ALTO AMAZONAS,TENIENTE CESAR LOPEZ ROJAS,CERRO DE CONDOR
250301,UCAYALI,PADRE ABAD,PADRE ABAD,MARISCAL CACERES
050103,AYACUCHO,HUAMANGA,ACOS VINCHOS,COLLPA
030605,APURIMAC,CHINCHEROS,OCOBAMBA,PISCOBAMBA
050512,AYACUCHO,LA MAR,UNION PROGRESO,PAMPA AURORA
160206,LORETO,ALTO AMAZONAS,LAGUNAS,NUEVA UNION
160201,LORETO,ALTO AMAZONAS,YURIMAGUAS,SAN PEDRO DE CHINGANA
220502,SAN MARTIN,LAMAS,ALONSO DE ALVARADO,PACAYZAPA
160112,LORETO,MAYNAS,BELEN,PALO SECO
160206,LORETO,ALTO AMAZONAS,LAGUNAS,PUERTO VICTORIA
100602,HUANUCO,LEONCIO PRADO,DANIEL ALOMIA ROBLES,PENDENCIA BAJA
160206,LORETO,ALTO AMAZONAS,LAGUNAS,HUANCAYO
160404,LORETO,MARISCAL RAMON CASTILLA,SAN PABLO,SAN ALBERTO DE MOROYA
160704,LORETO,DATEM DEL MARAÏ¿½ON,MORONA,PUERTO AMERICA
200306,PIURA,HUANCABAMBA,SAN MIGUEL DE EL FAIQUE,LOMA LARGA BAJA
060804,CAJAMARCA,JAEN,COLASAY,SAN FRANCISCO
200505,PIURA,PAITA,LA HUACA,EL PORTON
160105,LORETO,MAYNAS,LAS AMAZONAS,IQUITOS
160706,LORETO,DATEM DEL MARAÏ¿½ON,ANDOAS,ANDOAS
210102,PUNO,PUNO,ACORA,ACORA
140302,LAMBAYEQUE,LAMBAYEQUE,CHOCHOPE,HUACA COLORADA
160101,LORETO,MAYNAS,IQUITOS,GARCIA SANZ 202
140301,LAMBAYEQUE,LAMBAYEQUE,LAMBAYEQUE,MARIATEGUI
140312,LAMBAYEQUE,LAMBAYEQUE,TUCUME,SAN BERNARDINO
010401,AMAZONAS,CONDORCANQUI,NIEVA,KAYAMAS
130601,LA LIBERTAD,OTUZCO,OTUZCO,CHAGAPAMPA
060602,CAJAMARCA,CUTERVO,CALLAYUC,SANTA TERESA DE QUEROMARCA (LAS ANIMAS)
010306,AMAZONAS,BONGARA,FLORIDA,VISTA FLORIDA
160703,LORETO,DATEM DEL MARAÏ¿½ON,MANSERICHE,SACHAPAPA
160303,LORETO,LORETO,TIGRE,NUEVO TARMA
250303,UCAYALI,PADRE ABAD,CURIMANA,ZORRILLOS
050407,AYACUCHO,HUANTA,SIVIA,PAMPA HERMOZA
160108,LORETO,MAYNAS,PUNCHANA,SAN FERNANDO
050107,AYACUCHO,HUAMANGA,PACAYCASA,COMPAÑIA
160112,LORETO,MAYNAS,BELEN,CASERIO BELAUNDE
080907,CUSCO,LA CONVENCION,KIMBIRI,VILLA ESPERANZA
250106,UCAYALI,CORONEL PORTILLO,NUEVA REQUENA,ESPERANZA
160108,LORETO,MAYNAS,PUNCHANA,COSTANERA
240303,TUMBES,ZARUMILLA,MATAPALO,LA TOTORA
050409,AYACUCHO,HUANTA,CANAYRE,SAN JUAN DE MEJORADA
080907,CUSCO,LA CONVENCION,KIMBIRI,NUEVA JERUSALEN
160101,LORETO,MAYNAS,IQUITOS,B. PAMPACHICA
160110,LORETO,MAYNAS,TORRES CAUSANA,ANGOTEROS
160101,LORETO,MAYNAS,IQUITOS,CUZCO
160112,LORETO,MAYNAS,BELEN,CABO PANTOJA
050404,AYACUCHO,HUANTA,IGUAIN,NUEVA UNION
160113,LORETO,MAYNAS,SAN JUAN BAUTISTA,KM. 46 CARRETERA IQUITOS - NAUTA
050105,AYACUCHO,HUAMANGA,CHIARA,LLACHOCMAYO
160303,LORETO,LORETO,TIGRE,SAN JUAN DE PAVAYACU
010307,AMAZONAS,BONGARA,JAZAN,SALINAS
220202,SAN MARTIN,BELLAVISTA,ALTO BIAVO,INCAICO
150101,LIMA,LIMA,LIMA,BARRIOS ALTOS
010701,AMAZONAS,UTCUBAMBA,BAGUA GRANDE,PONA ALTA
080907,CUSCO,LA CONVENCION,KIMBIRI,IRAPITARI ALTA
150805,LIMA,HUAURA,HUALMAY,C.ALEGRE - LOS HUACOS
160112,LORETO,MAYNAS,BELEN,USHPA CAÑO
160302,LORETO,LORETO,PARINARI,BOLIVAR
220604,SAN MARTIN,MARISCAL CACERES,PACHIZA,BELLO HORIZONTE - 1
030401,APURIMAC,AYMARAES,CHALHUANCA,JAYO
160510,LORETO,REQUENA,JENARO HERRERA,CASA GRANDE
160103,LORETO,MAYNAS,FERNANDO LORES,TAHUAYO
160103,LORETO,MAYNAS,FERNANDO LORES,24 DE JUNIO
160706,LORETO,DATEM DEL MARAÏ¿½ON,ANDOAS,NUEVA BETANIA
160101,LORETO,MAYNAS,IQUITOS,JOSE GALVEZ
160113,LORETO,MAYNAS,SAN JUAN BAUTISTA,SAN PEDRO DE PINTUYACO
080408,CUSCO,CALCA,YANATILE,LLAULLIPATA
160305,LORETO,LORETO,URARINAS,NUEVA ALIANZA
160506,LORETO,REQUENA,PUINAHUA,HUACRACHIRO
010403,AMAZONAS,CONDORCANQUI,RIO SANTIAGO,BOCA CHINGANAZA
120604,JUNIN,SATIPO,MAZAMARI,CAPIRUSHARI
050115,AYACUCHO,HUAMANGA,JESUS NAZARENO,RUMICHACA ALTA
060904,CAJAMARCA,SAN IGNACIO,LA COIPA,PACAIPITE
250105,UCAYALI,CORONEL PORTILLO,YARINACOCHA,DOS DE MAYO
200603,PIURA,SULLANA,IGNACIO ESCUDERO,SAN MIGUEL
010310,AMAZONAS,BONGARA,SHIPASBAMBA,SHIPASBAMBA
100201,HUANUCO,AMBO,AMBO,AMBO
090305,HUANCAVELICA,ANGARAES,CHINCHO,CHINCHO
050501,AYACUCHO,LA MAR,SAN MIGUEL,CCOLLPA
050502,AYACUCHO,LA MAR,ANCO,OSCCOCCOCHA
050502,AYACUCHO,LA MAR,ANCO,TOCCATE
150132,LIMA,LIMA,SAN JUAN DE LURIGANCHO,JOSE C. MARIATEGUI
100112,HUANUCO,HUANUCO,YACUS,GASGO
100112,HUANUCO,HUANUCO,YACUS,YACUS
140304,LAMBAYEQUE,LAMBAYEQUE,JAYANCA,EL ARENAL
160803,LORETO,PUTUMAYO,TENIENTE MANUEL CLAVERO,ANGUILLA
010403,AMAZONAS,CONDORCANQUI,RIO SANTIAGO,BELEN
030207,APURIMAC,ANDAHUAYLAS,KISHUARA,COLPA HUERTAPAMPA
160702,LORETO,DATEM DEL MARAÏ¿½ON,CAHUAPANAS,036008
010402,AMAZONAS,CONDORCANQUI,EL CENEPA,ACHUIM
010403,AMAZONAS,CONDORCANQUI,RIO SANTIAGO,QUEBRADA GUAYABAL
010403,AMAZONAS,CONDORCANQUI,RIO SANTIAGO,GUAYABAL
010403,AMAZONAS,CONDORCANQUI,RIO SANTIAGO,SHEBONAL
010402,AMAZONAS,CONDORCANQUI,EL CENEPA,ACHUIN
160703,LORETO,DATEM DEL MARAÏ¿½ON,MANSERICHE,003008
210303,PUNO,CARABAYA,AYAPATA,LECHEMAYO CHICO
210309,PUNO,CARABAYA,SAN GABAN,SAN GABAN
210306,PUNO,CARABAYA,CRUCERO,CRUCERO
030604,APURIMAC,CHINCHEROS,HUACCANA,CHUYAMA
010402,AMAZONAS,CONDORCANQUI,EL CENEPA,TUNAS
120608,JUNIN,SATIPO,RIO TAMBO,QUITENI
160704,LORETO,DATEM DEL MARAÏ¿½ON,MORONA,SAN JUAN
010401,AMAZONAS,CONDORCANQUI,NIEVA,TAYUNSA CACHIACO O TAYUNTS KACHIAKU
010402,AMAZONAS,CONDORCANQUI,EL CENEPA,EL CENEPA
010403,AMAZONAS,CONDORCANQUI,RIO SANTIAGO,ESCUDERO
010205,AMAZONAS,BAGUA,IMAZA,SHUSHUG
010205,AMAZONAS,BAGUA,IMAZA,YUPICUSA
010205,AMAZONAS,BAGUA,IMAZA,SAN RAMON
010401,AMAZONAS,CONDORCANQUI,NIEVA,PUMPUSHAK
050505,AYACUCHO,LA MAR,CHUNGUI,SANTA ROSA DE MARCO (JUTUN MARCO)
160706,LORETO,DATEM DEL MARAÏ¿½ON,ANDOAS,WASUM
010205,AMAZONAS,BAGUA,IMAZA,PAKUI
060405,CAJAMARCA,CHOTA,CHIMBAN,SUSANGATE
160107,LORETO,MAYNAS,NAPO,SOLEDAD
080902,CUSCO,LA CONVENCION,ECHARATE,ALTO PICHA
190306,PASCO,OXAPAMPA,PUERTO BERMUDEZ,ALDEA NATIVA SAN PABLO
160702,LORETO,DATEM DEL MARAÏ¿½ON,CAHUAPANAS,JOSE OLAYA
030208,APURIMAC,ANDAHUAYLAS,PACOBAMBA,JUAN VELASCO ALVARADO
170101,MADRE DE DIOS,TAMBOPATA,TAMBOPATA,AA.HH.SANTA ROSA
170104,MADRE DE DIOS,TAMBOPATA,LABERINTO,COMUN.MINERA SAN MIGUEL
210406,PUNO,CHUCUITO,POMATA,C.P. CHATUMA
211101,PUNO,SAN ROMAN,JULIACA,JULIACA
210205,PUNO,AZANGARO,CAMINACA,SAN BARTOLOME
210807,PUNO,MELGAR,ORURILLO,ORURILLO
210702,PUNO,LAMPA,CABANILLA,SACASCO MIRAFLORES
040106,AREQUIPA,AREQUIPA,CHIGUATA,SAN BERNARDO DE CHIHUATA (CHIHUATA)
050502,AYACUCHO,LA MAR,ANCO,ROSASPAMPA
080907,CUSCO,LA CONVENCION,KIMBIRI,SAN PANTUARI
050502,AYACUCHO,LA MAR,ANCO,MONTERRICO
080902,CUSCO,LA CONVENCION,ECHARATE,MANUGALI
080902,CUSCO,LA CONVENCION,ECHARATE,ALTO UNION
080902,CUSCO,LA CONVENCION,ECHARATE,TORONTOYPOTO
080902,CUSCO,LA CONVENCION,ECHARATE,RAMONPATA
080901,CUSCO,LA CONVENCION,SANTA ANA,AGUILAYOC
080903,CUSCO,LA CONVENCION,HUAYOPATA,INCATAMBO
080902,CUSCO,LA CONVENCION,ECHARATE,BPCA LLAVERO
080902,CUSCO,LA CONVENCION,ECHARATE,ROSAQUIATO BAJO
080903,CUSCO,LA CONVENCION,HUAYOPATA,MESADAA BAJA
081105,CUSCO,PAUCARTAMBO,HUANCARANI,CAY CAY
080902,CUSCO,LA CONVENCION,ECHARATE,SIGURIATO
080105,CUSCO,CUSCO,SAN SEBASTIAN,CCORAO
080903,CUSCO,LA CONVENCION,HUAYOPATA,SUCRE
080910,CUSCO,LA CONVENCION,PICHARI,C.P.G.G.
080902,CUSCO,LA CONVENCION,ECHARATE,ALTO MANUGALI
080902,CUSCO,LA CONVENCION,ECHARATE,ALTO IVOCHOTE
080902,CUSCO,LA CONVENCION,ECHARATE,PUERTO HUALLANA
080902,CUSCO,LA CONVENCION,ECHARATE,YOYATO
080902,CUSCO,LA CONVENCION,ECHARATE,SANOQUIATO
080902,CUSCO,LA CONVENCION,ECHARATE,SAN ANTONIO
080902,CUSCO,LA CONVENCION,ECHARATE,MANTALO
080904,CUSCO,LA CONVENCION,MARANURA,IPAL
080908,CUSCO,LA CONVENCION,SANTA TERESA,LUCMABAMBA
080408,CUSCO,CALCA,YANATILE,VISTA FLORIDA CCORIMAYO
080902,CUSCO,LA CONVENCION,ECHARATE,SIETE DE JUNIO
080909,CUSCO,LA CONVENCION,VILCABAMBA,TAJAMAR
080902,CUSCO,LA CONVENCION,ECHARATE,CHINGURIATO
080909,CUSCO,LA CONVENCION,VILCABAMBA,CHAQUIORCCO
081106,CUSCO,PAUCARTAMBO,KOSÏ¿½IPATA,COMUNIDAD CARBON
080902,CUSCO,LA CONVENCION,ECHARATE,NUEVA LUZ
080403,CUSCO,CALCA,LAMAY,LAMAY
080907,CUSCO,LA CONVENCION,KIMBIRI,LOBO
081304,CUSCO,URUBAMBA,MACHUPICCHU,CERDOBAMBA
080902,CUSCO,LA CONVENCION,ECHARATE,KORIMANI
100101,HUANUCO,HUANUCO,HUANUCO,HUACHOG
100905,HUANUCO,PUERTO INCA,YUYAPICHIS,LA COLMENA
100101,HUANUCO,HUANUCO,HUANUCO,PUCUCHINCHE
100603,HUANUCO,LEONCIO PRADO,HERMILIO VALDIZAN,JOSE BERNARDO
100204,HUANUCO,AMBO,CONCHAMARCA,VISCACOCHA
100507,HUANUCO,HUAMALIES,MONZON,PACCHAC
100702,HUANUCO,MARAÏ¿½ON,CHOLON,LA MORADA
100507,HUANUCO,HUAMALIES,MONZON,PALO DE ACERO
100602,HUANUCO,LEONCIO PRADO,DANIEL ALOMIA ROBLES,PENDENCIA
100901,HUANUCO,PUERTO INCA,PUERTO INCA,CODO DEL POZUZO
120305,JUNIN,CHANCHAMAYO,SAN RAMON,S.J. TULUMAYO
100208,HUANUCO,AMBO,TOMAY-KICHWA,LAS PAMPAS
100802,HUANUCO,PACHITEA,CHAGLLA,MONTERREY
100603,HUANUCO,LEONCIO PRADO,HERMILIO VALDIZAN,MESONAS MURO
100507,HUANUCO,HUAMALIES,MONZON,SAN CRISTOBAL
120601,JUNIN,SATIPO,SATIPO,NUEVA ESPERANZA
100601,HUANUCO,LEONCIO PRADO,RUPA-RUPA,TINGOM MARIA
100605,HUANUCO,LEONCIO PRADO,LUYANDO,SAN JUAN
100904,HUANUCO,PUERTO INCA,TOURNAVISTA,SAN JUAN DE CODO
100902,HUANUCO,PUERTO INCA,CODO DEL POZUZO,CHOROPAMPA
100601,HUANUCO,LEONCIO PRADO,RUPA-RUPA,MARONA
100601,HUANUCO,LEONCIO PRADO,RUPA-RUPA,VENENILLO
100902,HUANUCO,PUERTO INCA,CODO DEL POZUZO,NUEVO BELEN
100604,HUANUCO,LEONCIO PRADO,JOSE CRESPO Y CASTILLO,PRIMAVERA
100602,HUANUCO,LEONCIO PRADO,DANIEL ALOMIA ROBLES,SAN ISIDRO
100702,HUANUCO,MARAÏ¿½ON,CHOLON,CRISNEJOS
100104,HUANUCO,HUANUCO,CHURUBAMBA,CHULLQUI
100601,HUANUCO,LEONCIO PRADO,RUPA-RUPA,CORVINA
100904,HUANUCO,PUERTO INCA,TOURNAVISTA,LEONCIO PRADO
120607,JUNIN,SATIPO,RIO NEGRO,AMBITAINI
100507,HUANUCO,HUAMALIES,MONZON,LA GRANJA
100507,HUANUCO,HUAMALIES,MONZON,CULLAC
100605,HUANUCO,LEONCIO PRADO,LUYANDO,JULIO CESAR TELLO
100904,HUANUCO,PUERTO INCA,TOURNAVISTA,BAJO MACUYA
100507,HUANUCO,HUAMALIES,MONZON,FILADELFIA
100901,HUANUCO,PUERTO INCA,PUERTO INCA,NUEVA ESPERANZA
100901,HUANUCO,PUERTO INCA,PUERTO INCA,SAN ANTONIO
100902,HUANUCO,PUERTO INCA,CODO DEL POZUZO,PUEBLO NUEVO
100901,HUANUCO,PUERTO INCA,PUERTO INCA,DOS DE MAYO
100101,HUANUCO,HUANUCO,HUANUCO,COLPA BAJA
100601,HUANUCO,LEONCIO PRADO,RUPA-RUPA,PUENTE PEREZ
100605,HUANUCO,LEONCIO PRADO,LUYANDO,SANTA ROSA
100606,HUANUCO,LEONCIO PRADO,MARIANO DAMASO BERAUN,BELLA ALTA
120607,JUNIN,SATIPO,RIO NEGRO,MIRAFLORES
100604,HUANUCO,LEONCIO PRADO,JOSE CRESPO Y CASTILLO,SAN BARTOLO
100602,HUANUCO,LEONCIO PRADO,DANIEL ALOMIA ROBLES,HUAMANCOTO
100605,HUANUCO,LEONCIO PRADO,LUYANDO,BOLAINA
100507,HUANUCO,HUAMALIES,MONZON,ENCUENTRO
100507,HUANUCO,HUAMALIES,MONZON,TASO PAMPA
100903,HUANUCO,PUERTO INCA,HONORIA,SEÏ¿½OR DE LOS MILAGROS
100901,HUANUCO,PUERTO INCA,PUERTO INCA,BUENAVISTA
100901,HUANUCO,PUERTO INCA,PUERTO INCA,YUYAPICHIS
110114,ICA,ICA,YAUCA DEL ROSARIO,PAMPAHUASI
110503,ICA,PISCO,HUMAY,AUQUIS
120601,JUNIN,SATIPO,SATIPO,RIO ALBERTO
120607,JUNIN,SATIPO,RIO NEGRO,AOTI
120608,JUNIN,SATIPO,RIO TAMBO,QUIRISHARI
120601,JUNIN,SATIPO,SATIPO,ALTO PAURELI
120605,JUNIN,SATIPO,PAMPA HERMOSA,PAMPA HERMOSA
120604,JUNIN,SATIPO,MAZAMARI,PAUREALI
120305,JUNIN,CHANCHAMAYO,SAN RAMON,SAN CARLOS
120602,JUNIN,SATIPO,COVIRIALI,BELLAVISTA
120606,JUNIN,SATIPO,PANGOA,LA FLORIDA
120607,JUNIN,SATIPO,RIO NEGRO,IPOKI
120601,JUNIN,SATIPO,SATIPO,SELVA VERDE
120301,JUNIN,CHANCHAMAYO,CHANCHAMAYO,RIO BLANCO
120607,JUNIN,SATIPO,RIO NEGRO,VILLA VICTORIA
120604,JUNIN,SATIPO,MAZAMARI,SHIRIATO
120419,JUNIN,JAUJA,MONOBAMBA,MONOBAMBA
120604,JUNIN,SATIPO,MAZAMARI,VISTA ALEGRE
120601,JUNIN,SATIPO,SATIPO,HUAHUARI
120302,JUNIN,CHANCHAMAYO,PERENE,RIO AMARILLO
120302,JUNIN,CHANCHAMAYO,PERENE,VILLA MARIA
120608,JUNIN,SATIPO,RIO TAMBO,PTO. OCOPA
120601,JUNIN,SATIPO,SATIPO,ZANCUVATZIARI
120606,JUNIN,SATIPO,PANGOA,MATERENI
120305,JUNIN,CHANCHAMAYO,SAN RAMON,SALSIPUEDES
120605,JUNIN,SATIPO,PAMPA HERMOSA,RIO SANTA
120301,JUNIN,CHANCHAMAYO,CHANCHAMAYO,LA PERLA
120603,JUNIN,SATIPO,LLAYLLA,SANTA CLARA
120301,JUNIN,CHANCHAMAYO,CHANCHAMAYO,ALIANZA R.P.
120602,JUNIN,SATIPO,COVIRIALI,SAN PEDRO
120303,JUNIN,CHANCHAMAYO,PICHANAQUI,ZOTARI
120209,JUNIN,CONCEPCION,MARISCAL CASTILLA,USIBAMBA
120601,JUNIN,SATIPO,SATIPO,RIO SANTA
120301,JUNIN,CHANCHAMAYO,CHANCHAMAYO,KIVINAKI
120602,JUNIN,SATIPO,COVIRIALI,LA LIBERTAD
120301,JUNIN,CHANCHAMAYO,CHANCHAMAYO,RIO COLORADO
120303,JUNIN,CHANCHAMAYO,PICHANAQUI,PICHANAKI
120601,JUNIN,SATIPO,SATIPO,TZANCUVAYZIA
120601,JUNIN,SATIPO,SATIPO,SAN COSME
120608,JUNIN,SATIPO,RIO TAMBO,SAN VICENTE
120602,JUNIN,SATIPO,COVIRIALI,COVIRIALI
120601,JUNIN,SATIPO,SATIPO,ALTO CAPIRO
120607,JUNIN,SATIPO,RIO NEGRO,SJ.CHENI
120301,JUNIN,CHANCHAMAYO,CHANCHAMAYO,VILLA PROGRESO
120301,JUNIN,CHANCHAMAYO,CHANCHAMAYO,P. SALTAMONTE
120602,JUNIN,SATIPO,COVIRIALI,SANTA MARIA
120301,JUNIN,CHANCHAMAYO,CHANCHAMAYO,VILLA DORADA
120604,JUNIN,SATIPO,MAZAMARI,TEORIA
120607,JUNIN,SATIPO,RIO NEGRO,IPOKI VERDE
120602,JUNIN,SATIPO,COVIRIALI,SAN ANDRES
120601,JUNIN,SATIPO,SATIPO,SANTA VIVIANA
120605,JUNIN,SATIPO,PAMPA HERMOSA,SANTA ROSITA
120302,JUNIN,CHANCHAMAYO,PERENE,PUERTO YURINAKI
120607,JUNIN,SATIPO,RIO NEGRO,IPOKIARI
120601,JUNIN,SATIPO,SATIPO,MARANKIARI
120607,JUNIN,SATIPO,RIO NEGRO,RIO CHARI
120604,JUNIN,SATIPO,MAZAMARI,LOS ANGELES
120605,JUNIN,SATIPO,PAMPA HERMOSA,SANTA ROSA
120601,JUNIN,SATIPO,SATIPO,SANTA IRENE
120601,JUNIN,SATIPO,SATIPO,CENTRO HUAHUARI
120601,JUNIN,SATIPO,SATIPO,BAJO HUAHUARI
120601,JUNIN,SATIPO,SATIPO,UNION CAPIRI
130702,LA LIBERTAD,PACASMAYO,GUADALUPE,LIMONCARRO
061110,CAJAMARCA,SAN MIGUEL,SAN GREGORIO,CASA BLANCA
131101,LA LIBERTAD,GRAN CHIMU,CASCAS,PUENTE MORENO
130402,LA LIBERTAD,CHEPEN,PACANGA,SAN JOSE
061201,CAJAMARCA,SAN PABLO,SAN PABLO,SAN LUIS
130205,LA LIBERTAD,ASCOPE,PAIJAN,MARIPOSA LEIVA
160402,LORETO,MARISCAL RAMON CASTILLA,PEBAS,STA. LUCIA PRO
160206,LORETO,ALTO AMAZONAS,LAGUNAS,000104
160301,LORETO,LORETO,NAUTA,029005
160704,LORETO,DATEM DEL MARAÏ¿½ON,MORONA,NVA. VIDA
160104,LORETO,MAYNAS,INDIANA,000104
160604,LORETO,UCAYALI,PAMPA HERMOSA,LAGARTO BLANCO
160402,LORETO,MARISCAL RAMON CASTILLA,PEBAS,PEVAS
160301,LORETO,LORETO,NAUTA,063005
160504,LORETO,REQUENA,EMILIO SAN MARTIN,JORDAN
160101,LORETO,MAYNAS,IQUITOS,029005O
160301,LORETO,LORETO,NAUTA,038005
160301,LORETO,LORETO,NAUTA,000104
160106,LORETO,MAYNAS,MAZAN,009005
160107,LORETO,MAYNAS,NAPO,040005
160402,LORETO,MARISCAL RAMON CASTILLA,PEBAS,STA. ISABEL
160801,LORETO,PUTUMAYO,PUTUMAYO,ALAMO
160301,LORETO,LORETO,NAUTA,028005
160107,LORETO,MAYNAS,NAPO,066008
160506,LORETO,REQUENA,PUINAHUA,SAN CARLOS
160404,LORETO,MARISCAL RAMON CASTILLA,SAN PABLO,HORACIO ZEVALLOS
160510,LORETO,REQUENA,JENARO HERRERA,SAN JUAN
160404,LORETO,MARISCAL RAMON CASTILLA,SAN PABLO,SANTA ELENA
160505,LORETO,REQUENA,MAQUIA,PIURISMA
160705,LORETO,DATEM DEL MARAÏ¿½ON,PASTAZA,065004
160201,LORETO,ALTO AMAZONAS,YURIMAGUAS,043005
160501,LORETO,REQUENA,REQUENA,PETROPERULLO
160101,LORETO,MAYNAS,IQUITOS,134105
160402,LORETO,MARISCAL RAMON CASTILLA,PEBAS,NVO. PEVAS
160501,LORETO,REQUENA,REQUENA,PETRO PERU
160104,LORETO,MAYNAS,INDIANA,003008
160704,LORETO,DATEM DEL MARAÏ¿½ON,MORONA,045008
160605,LORETO,UCAYALI,SARAYACU,CATALINA
160603,LORETO,UCAYALI,PADRE MARQUEZ,ROOBOYA
160202,LORETO,ALTO AMAZONAS,BALSAPUERTO,024108
160404,LORETO,MARISCAL RAMON CASTILLA,SAN PABLO,PROSPERIDAD
160101,LORETO,MAYNAS,IQUITOS,000021
160401,LORETO,MARISCAL RAMON CASTILLA,RAMON CASTILLA,PTO. ALEGRIA
160404,LORETO,MARISCAL RAMON CASTILLA,SAN PABLO,CAPIRONA
160603,LORETO,UCAYALI,PADRE MARQUEZ,PAOYAN
160205,LORETO,ALTO AMAZONAS,JEBEROS,000104
160106,LORETO,MAYNAS,MAZAN,033005
160101,LORETO,MAYNAS,IQUITOS,029005
160104,LORETO,MAYNAS,INDIANA,003305
160305,LORETO,LORETO,URARINAS,018004
160201,LORETO,ALTO AMAZONAS,YURIMAGUAS,053005
160402,LORETO,MARISCAL RAMON CASTILLA,PEBAS,PUCAURQUILLO
160603,LORETO,UCAYALI,PADRE MARQUEZ,M.CASTILLA
160101,LORETO,MAYNAS,IQUITOS,141212
160703,LORETO,DATEM DEL MARAÏ¿½ON,MANSERICHE,039005
160201,LORETO,ALTO AMAZONAS,YURIMAGUAS,052005
160101,LORETO,MAYNAS,IQUITOS,000030
160101,LORETO,MAYNAS,IQUITOS,112105
160101,LORETO,MAYNAS,IQUITOS,AUCAYO
160106,LORETO,MAYNAS,MAZAN,PTO. ALEGRIA
160402,LORETO,MARISCAL RAMON CASTILLA,PEBAS,PALOMETILLO
160705,LORETO,DATEM DEL MARAÏ¿½ON,PASTAZA,003008
160403,LORETO,MARISCAL RAMON CASTILLA,YAVARI,NVA. NAZARETH
160101,LORETO,MAYNAS,IQUITOS,NVO. HORIZONTE
160110,LORETO,MAYNAS,TORRES CAUSANA,CAMPO SERIO
160105,LORETO,MAYNAS,LAS AMAZONAS,SAN ANTONIO MARRA
160702,LORETO,DATEM DEL MARAÏ¿½ON,CAHUAPANAS,028008
160504,LORETO,REQUENA,EMILIO SAN MARTIN,TAMANCO
160206,LORETO,ALTO AMAZONAS,LAGUNAS,010008
160404,LORETO,MARISCAL RAMON CASTILLA,SAN PABLO,MAYORUNA
160103,LORETO,MAYNAS,FERNANDO LORES,SAN PEDRO RIO TAHUAYO
160509,LORETO,REQUENA,TAPICHE,IBERIA
160110,LORETO,MAYNAS,TORRES CAUSANA,CABO PANTOJA
160703,LORETO,DATEM DEL MARAÏ¿½ON,MANSERICHE,036005
160401,LORETO,MARISCAL RAMON CASTILLA,RAMON CASTILLA,SAN JUAN
160201,LORETO,ALTO AMAZONAS,YURIMAGUAS,021205
160101,LORETO,MAYNAS,IQUITOS,000022
160705,LORETO,DATEM DEL MARAÏ¿½ON,PASTAZA,NVO PERU
160202,LORETO,ALTO AMAZONAS,BALSAPUERTO,058008
160702,LORETO,DATEM DEL MARAÏ¿½ON,CAHUAPANAS,INAYUGA
160201,LORETO,ALTO AMAZONAS,YURIMAGUAS,039105
160702,LORETO,DATEM DEL MARAÏ¿½ON,CAHUAPANAS,SANTA ROSA
160702,LORETO,DATEM DEL MARAÏ¿½ON,CAHUAPANAS,011008
160702,LORETO,DATEM DEL MARAÏ¿½ON,CAHUAPANAS,044108
160103,LORETO,MAYNAS,FERNANDO LORES,SAN PEDRO RIO AMAZONAS
160108,LORETO,MAYNAS,PUNCHANA,001702
160101,LORETO,MAYNAS,IQUITOS,CANTO GALLO
160506,LORETO,REQUENA,PUINAHUA,BRETANA
160404,LORETO,MARISCAL RAMON CASTILLA,SAN PABLO,SANTO TOMAS
160703,LORETO,DATEM DEL MARAÏ¿½ON,MANSERICHE,028208
160305,LORETO,LORETO,URARINAS,SARAMURO
160108,LORETO,MAYNAS,PUNCHANA,003005
160210,LORETO,ALTO AMAZONAS,SANTA CRUZ,012008
160504,LORETO,REQUENA,EMILIO SAN MARTIN,SAN MARCOS
160104,LORETO,MAYNAS,INDIANA,040005
160301,LORETO,LORETO,NAUTA,010005
160703,LORETO,DATEM DEL MARAÏ¿½ON,MANSERICHE,006008
160704,LORETO,DATEM DEL MARAÏ¿½ON,MORONA,049008
160201,LORETO,ALTO AMAZONAS,YURIMAGUAS,051205
160107,LORETO,MAYNAS,NAPO,054008
160101,LORETO,MAYNAS,IQUITOS,13 FEBRERO
160110,LORETO,MAYNAS,TORRES CAUSANA,023008
160401,LORETO,MARISCAL RAMON CASTILLA,RAMON CASTILLA,CABALLOCOCHA
160703,LORETO,DATEM DEL MARAÏ¿½ON,MANSERICHE,PUERTO ALEGRIA
160110,LORETO,MAYNAS,TORRES CAUSANA,CAMUNGO
160107,LORETO,MAYNAS,NAPO,019008
160103,LORETO,MAYNAS,FERNANDO LORES,NVO. HORIZONTE
160101,LORETO,MAYNAS,IQUITOS,098105
160505,LORETO,REQUENA,MAQUIA,PTO. CLAVERO
160705,LORETO,DATEM DEL MARAÏ¿½ON,PASTAZA,036008
160101,LORETO,MAYNAS,IQUITOS,056005
160601,LORETO,UCAYALI,CONTAMANA,SHANAILLO
160201,LORETO,ALTO AMAZONAS,YURIMAGUAS,055005
160104,LORETO,MAYNAS,INDIANA,015105
160502,LORETO,REQUENA,ALTO TAPICHE,FORTALEZA
160504,LORETO,REQUENA,EMILIO SAN MARTIN,BUNCUYA
160401,LORETO,MARISCAL RAMON CASTILLA,RAMON CASTILLA,PUERTO ALEGRIA
160105,LORETO,MAYNAS,LAS AMAZONAS,032005
160103,LORETO,MAYNAS,FERNANDO LORES,NVO. PROGRESO
160107,LORETO,MAYNAS,NAPO,041005
160505,LORETO,REQUENA,MAQUIA,NUEVA ESPERANZA
160301,LORETO,LORETO,NAUTA,094005
160501,LORETO,REQUENA,REQUENA,NVA PATRIA
160103,LORETO,MAYNAS,FERNANDO LORES,078005
160604,LORETO,UCAYALI,PAMPA HERMOSA,CUSHABATAY
160101,LORETO,MAYNAS,IQUITOS,063105
160101,LORETO,MAYNAS,IQUITOS,064105
160302,LORETO,LORETO,PARINARI,022108
160104,LORETO,MAYNAS,INDIANA,011005
160703,LORETO,DATEM DEL MARAÏ¿½ON,MANSERICHE,000104
160101,LORETO,MAYNAS,IQUITOS,002105
160105,LORETO,MAYNAS,LAS AMAZONAS,003008
160101,LORETO,MAYNAS,IQUITOS,095105
160601,LORETO,UCAYALI,CONTAMANA,NVO. ALIANZA
160206,LORETO,ALTO AMAZONAS,LAGUNAS,CHARUPA
160201,LORETO,ALTO AMAZONAS,YURIMAGUAS,AMAZONAS
160101,LORETO,MAYNAS,IQUITOS,132005
160504,LORETO,REQUENA,EMILIO SAN MARTIN,ZAPATILLA II ZONA
160105,LORETO,MAYNAS,LAS AMAZONAS,027005
160108,LORETO,MAYNAS,PUNCHANA,024105
160108,LORETO,MAYNAS,PUNCHANA,007005
160101,LORETO,MAYNAS,IQUITOS,GALLITO
160302,LORETO,LORETO,PARINARI,000104
160211,LORETO,ALTO AMAZONAS,TENIENTE CESAR LOPEZ ROJAS,018005
160108,LORETO,MAYNAS,PUNCHANA,034005
160401,LORETO,MARISCAL RAMON CASTILLA,RAMON CASTILLA,048004
160301,LORETO,LORETO,NAUTA,BAGASAN
160106,LORETO,MAYNAS,MAZAN,QDA.CHINO
160210,LORETO,ALTO AMAZONAS,SANTA CRUZ,010005
160101,LORETO,MAYNAS,IQUITOS,000026
160104,LORETO,MAYNAS,INDIANA,TIMICURO I ZONA
160404,LORETO,MARISCAL RAMON CASTILLA,SAN PABLO,005205
160703,LORETO,DATEM DEL MARAÏ¿½ON,MANSERICHE,017005
160402,LORETO,MARISCAL RAMON CASTILLA,PEBAS,NVO. BARRANQUILLO
160702,LORETO,DATEM DEL MARAÏ¿½ON,CAHUAPANAS,INUYUGA
160702,LORETO,DATEM DEL MARAÏ¿½ON,CAHUAPANAS,000104
160102,LORETO,MAYNAS,ALTO NANAY,012005
160201,LORETO,ALTO AMAZONAS,YURIMAGUAS,029005
160704,LORETO,DATEM DEL MARAÏ¿½ON,MORONA,054008
160201,LORETO,ALTO AMAZONAS,YURIMAGUAS,021105
160504,LORETO,REQUENA,EMILIO SAN MARTIN,NVO. AYPENA
160604,LORETO,UCAYALI,PAMPA HERMOSA,CETURIA
160701,LORETO,DATEM DEL MARAÏ¿½ON,BARRANCA,SAN ANTONIO
160703,LORETO,DATEM DEL MARAÏ¿½ON,MANSERICHE,046005
160702,LORETO,DATEM DEL MARAÏ¿½ON,CAHUAPANAS,037008
160504,LORETO,REQUENA,EMILIO SAN MARTIN,BUNCAYA
160202,LORETO,ALTO AMAZONAS,BALSAPUERTO,032008
160102,LORETO,MAYNAS,ALTO NANAY,360005
160205,LORETO,ALTO AMAZONAS,JEBEROS,006008
160302,LORETO,LORETO,PARINARI,TANGARANA
160305,LORETO,LORETO,URARINAS,016003
160103,LORETO,MAYNAS,FERNANDO LORES,TAPIA NUEVA II
160301,LORETO,LORETO,NAUTA,083005
160101,LORETO,MAYNAS,IQUITOS,103005
160103,LORETO,MAYNAS,FERNANDO LORES,TAPIRA CHICA
160201,LORETO,ALTO AMAZONAS,YURIMAGUAS,054305
160301,LORETO,LORETO,NAUTA,070005
160108,LORETO,MAYNAS,PUNCHANA,015005
160404,LORETO,MARISCAL RAMON CASTILLA,SAN PABLO,COCHIQUINAS
160105,LORETO,MAYNAS,LAS AMAZONAS,051008
160110,LORETO,MAYNAS,TORRES CAUSANA,024008
160402,LORETO,MARISCAL RAMON CASTILLA,PEBAS,SAN MATEO
160705,LORETO,DATEM DEL MARAÏ¿½ON,PASTAZA,043108
160201,LORETO,ALTO AMAZONAS,YURIMAGUAS,030005
160202,LORETO,ALTO AMAZONAS,BALSAPUERTO,024008
160105,LORETO,MAYNAS,LAS AMAZONAS,018005
160504,LORETO,REQUENA,EMILIO SAN MARTIN,CUNCUYA
160601,LORETO,UCAYALI,CONTAMANA,PTO. ORIENTE
160104,LORETO,MAYNAS,INDIANA,MIRAFLORES
160605,LORETO,UCAYALI,SARAYACU,NVO. DOS DE MAYO
160401,LORETO,MARISCAL RAMON CASTILLA,RAMON CASTILLA,NVO. NAZARET
160211,LORETO,ALTO AMAZONAS,TENIENTE CESAR LOPEZ ROJAS,053005
160603,LORETO,UCAYALI,PADRE MARQUEZ,PAHOYAN
160801,LORETO,PUTUMAYO,PUTUMAYO,NVO. JERUSALEN
160404,LORETO,MARISCAL RAMON CASTILLA,SAN PABLO,SR. DE LOS MILGAROS
160801,LORETO,PUTUMAYO,PUTUMAYO,STA. MERCEDES
160701,LORETO,DATEM DEL MARAÏ¿½ON,BARRANCA,066205
160401,LORETO,MARISCAL RAMON CASTILLA,RAMON CASTILLA,ALDEA
160104,LORETO,MAYNAS,INDIANA,012005
160104,LORETO,MAYNAS,INDIANA,020205
160104,LORETO,MAYNAS,INDIANA,007005
160106,LORETO,MAYNAS,MAZAN,044005
160404,LORETO,MARISCAL RAMON CASTILLA,SAN PABLO,EMILIA BARCIA
160504,LORETO,REQUENA,EMILIO SAN MARTIN,SHEVONAL
160705,LORETO,DATEM DEL MARAÏ¿½ON,PASTAZA,NVO UCAYALI
160703,LORETO,DATEM DEL MARAÏ¿½ON,MANSERICHE,002005
160305,LORETO,LORETO,URARINAS,TUCUNARE
160305,LORETO,LORETO,URARINAS,044005
160305,LORETO,LORETO,URARINAS,000104
160504,LORETO,REQUENA,EMILIO SAN MARTIN,NVO. SAN ANTONIO
160603,LORETO,UCAYALI,PADRE MARQUEZ,RAHOBAYA
160301,LORETO,LORETO,NAUTA,020054
160206,LORETO,ALTO AMAZONAS,LAGUNAS,032005
160101,LORETO,MAYNAS,IQUITOS,008305
160705,LORETO,DATEM DEL MARAÏ¿½ON,PASTAZA,002005
160502,LORETO,REQUENA,ALTO TAPICHE,S.A. FORTALEZA
160211,LORETO,ALTO AMAZONAS,TENIENTE CESAR LOPEZ ROJAS,060010
160606,LORETO,UCAYALI,VARGAS GUERRA,GARZA CANO
160507,LORETO,REQUENA,SAQUENA,FLOR DE CASTANA
160703,LORETO,DATEM DEL MARAÏ¿½ON,MANSERICHE,ALTO PAJACUTA
160705,LORETO,DATEM DEL MARAÏ¿½ON,PASTAZA,UWIJINT
160304,LORETO,LORETO,TROMPETEROS,01008
160501,LORETO,REQUENA,REQUENA,GALICIA
160501,LORETO,REQUENA,REQUENA,GALACIA
160305,LORETO,LORETO,URARINAS,013005
160103,LORETO,MAYNAS,FERNANDO LORES,TAPIRA NVA.
160101,LORETO,MAYNAS,IQUITOS,042105
160705,LORETO,DATEM DEL MARAÏ¿½ON,PASTAZA,PTO.DIAZ
160101,LORETO,MAYNAS,IQUITOS,PINTUYACU
160301,LORETO,LORETO,NAUTA,050005
160701,LORETO,DATEM DEL MARAÏ¿½ON,BARRANCA,NVA ALIANZA
160702,LORETO,DATEM DEL MARAÏ¿½ON,CAHUAPANAS,005008
160705,LORETO,DATEM DEL MARAÏ¿½ON,PASTAZA,000104
160705,LORETO,DATEM DEL MARAÏ¿½ON,PASTAZA,094108
160506,LORETO,REQUENA,PUINAHUA,NARANJAL
160206,LORETO,ALTO AMAZONAS,LAGUNAS,023005
160101,LORETO,MAYNAS,IQUITOS,065005
160101,LORETO,MAYNAS,IQUITOS,TAPIRILLO
160703,LORETO,DATEM DEL MARAÏ¿½ON,MANSERICHE,004008
160103,LORETO,MAYNAS,FERNANDO LORES,TAPIRO 2DA. ZONA
160202,LORETO,ALTO AMAZONAS,BALSAPUERTO,027008
160108,LORETO,MAYNAS,PUNCHANA,028105
160105,LORETO,MAYNAS,LAS AMAZONAS,055005
160301,LORETO,LORETO,NAUTA,086005
160101,LORETO,MAYNAS,IQUITOS,099105
160105,LORETO,MAYNAS,LAS AMAZONAS,NVO. SAN JOSE
160106,LORETO,MAYNAS,MAZAN,004005
160605,LORETO,UCAYALI,SARAYACU,BERLIN
160101,LORETO,MAYNAS,IQUITOS,136005
160101,LORETO,MAYNAS,IQUITOS,HORIZONTE
160301,LORETO,LORETO,NAUTA,2 DE MAYO
160505,LORETO,REQUENA,MAQUIA,BUENA VISTA
160402,LORETO,MARISCAL RAMON CASTILLA,PEBAS,NVA.VIDA
160211,LORETO,ALTO AMAZONAS,TENIENTE CESAR LOPEZ ROJAS,011005
160201,LORETO,ALTO AMAZONAS,YURIMAGUAS,CARRETERA YGS TARA KM21 2
160101,LORETO,MAYNAS,IQUITOS,SAN PEDRO RIO ITAYA
160703,LORETO,DATEM DEL MARAÏ¿½ON,MANSERICHE,030005
160301,LORETO,LORETO,NAUTA,081005
160108,LORETO,MAYNAS,PUNCHANA,030003
160201,LORETO,ALTO AMAZONAS,YURIMAGUAS,025005
160506,LORETO,REQUENA,PUINAHUA,OBRERO
160404,LORETO,MARISCAL RAMON CASTILLA,SAN PABLO,PERNATE I ZONA
160402,LORETO,MARISCAL RAMON CASTILLA,PEBAS,NVO. PERU
160705,LORETO,DATEM DEL MARAÏ¿½ON,PASTAZA,HORTENCIO COCHA
160108,LORETO,MAYNAS,PUNCHANA,200510
160604,LORETO,UCAYALI,PAMPA HERMOSA,PACASHAMAYA
160201,LORETO,ALTO AMAZONAS,YURIMAGUAS,054005
160401,LORETO,MARISCAL RAMON CASTILLA,RAMON CASTILLA,MARIO OLIVERA
160105,LORETO,MAYNAS,LAS AMAZONAS,007005
160304,LORETO,LORETO,TROMPETEROS,019008
160206,LORETO,ALTO AMAZONAS,LAGUNAS,000204
160606,LORETO,UCAYALI,VARGAS GUERRA,MONTE DE OLIVOS
160201,LORETO,ALTO AMAZONAS,YURIMAGUAS,008005
160201,LORETO,ALTO AMAZONAS,YURIMAGUAS,065105
160505,LORETO,REQUENA,MAQUIA,NVA. ESPERANZA
160104,LORETO,MAYNAS,INDIANA,NVA. UCHIZA
160801,LORETO,PUTUMAYO,PUTUMAYO,ESTRECHO
160108,LORETO,MAYNAS,PUNCHANA,033105
160506,LORETO,REQUENA,PUINAHUA,NVO. LIBERAL
160201,LORETO,ALTO AMAZONAS,YURIMAGUAS,PACASMAYO
160505,LORETO,REQUENA,MAQUIA,VISTA ALEGRE
160202,LORETO,ALTO AMAZONAS,BALSAPUERTO,015208
160301,LORETO,LORETO,NAUTA,071005
160201,LORETO,ALTO AMAZONAS,YURIMAGUAS,072005
160701,LORETO,DATEM DEL MARAÏ¿½ON,BARRANCA,074010
160605,LORETO,UCAYALI,SARAYACU,SANTOA
160202,LORETO,ALTO AMAZONAS,BALSAPUERTO,005208
160701,LORETO,DATEM DEL MARAÏ¿½ON,BARRANCA,SAN MIGUEL
160702,LORETO,DATEM DEL MARAÏ¿½ON,CAHUAPANAS,041005
160509,LORETO,REQUENA,TAPICHE,SAN PEDRO
160201,LORETO,ALTO AMAZONAS,YURIMAGUAS,070005
160601,LORETO,UCAYALI,CONTAMANA,SAN SALVADOR
160604,LORETO,UCAYALI,PAMPA HERMOSA,JOSE OLAYA
160402,LORETO,MARISCAL RAMON CASTILLA,PEBAS,NVA.PEVAS
160211,LORETO,ALTO AMAZONAS,TENIENTE CESAR LOPEZ ROJAS,010005
160305,LORETO,LORETO,URARINAS,021008
160301,LORETO,LORETO,NAUTA,003005
160202,LORETO,ALTO AMAZONAS,BALSAPUERTO,055008
160505,LORETO,REQUENA,MAQUIA,NVO. TRUJILLO
160504,LORETO,REQUENA,EMILIO SAN MARTIN,MIRAFLORES
160108,LORETO,MAYNAS,PUNCHANA,02900
160201,LORETO,ALTO AMAZONAS,YURIMAGUAS,001005
160301,LORETO,LORETO,NAUTA,SAN JUAN DE PURITANIA
160201,LORETO,ALTO AMAZONAS,YURIMAGUAS,014005
160302,LORETO,LORETO,PARINARI,021005
160705,LORETO,DATEM DEL MARAÏ¿½ON,PASTAZA,099005
160206,LORETO,ALTO AMAZONAS,LAGUNAS,035005
160501,LORETO,REQUENA,REQUENA,SAN VICENTE
160101,LORETO,MAYNAS,IQUITOS,025105
160605,LORETO,UCAYALI,SARAYACU,2 DE MAYO
160601,LORETO,UCAYALI,CONTAMANA,AGUAS CALIENTE
160402,LORETO,MARISCAL RAMON CASTILLA,PEBAS,ESTIRON DEL CUZCO
160101,LORETO,MAYNAS,IQUITOS,CAS. LIMON RIO ITAYA
160101,LORETO,MAYNAS,IQUITOS,000019
160201,LORETO,ALTO AMAZONAS,YURIMAGUAS,071105
160107,LORETO,MAYNAS,NAPO,0451080
160403,LORETO,MARISCAL RAMON CASTILLA,YAVARI,ISLANDIARESA
160101,LORETO,MAYNAS,IQUITOS,069005
160703,LORETO,DATEM DEL MARAÏ¿½ON,MANSERICHE,038008
160510,LORETO,REQUENA,JENARO HERRERA,CERRO ISLA
160404,LORETO,MARISCAL RAMON CASTILLA,SAN PABLO,048004
160101,LORETO,MAYNAS,IQUITOS,044005
160401,LORETO,MARISCAL RAMON CASTILLA,RAMON CASTILLA,SAN JUAN DE CACAO
160110,LORETO,MAYNAS,TORRES CAUSANA,TEMPESTAD
160705,LORETO,DATEM DEL MARAÏ¿½ON,PASTAZA,SABALOYACU
160101,LORETO,MAYNAS,IQUITOS,PASJE. GRILLO
160211,LORETO,ALTO AMAZONAS,TENIENTE CESAR LOPEZ ROJAS,000104
160604,LORETO,UCAYALI,PAMPA HERMOSA,ORAICOHERMOSA
160401,LORETO,MARISCAL RAMON CASTILLA,RAMON CASTILLA,SAN PEDRO DE CANO
160402,LORETO,MARISCAL RAMON CASTILLA,PEBAS,NVO. PROGRESO
160703,LORETO,DATEM DEL MARAÏ¿½ON,MANSERICHE,028008
160604,LORETO,UCAYALI,PAMPA HERMOSA,NVO. ALAN
160703,LORETO,DATEM DEL MARAÏ¿½ON,MANSERICHE,033008
160103,LORETO,MAYNAS,FERNANDO LORES,PANGUANA 2DA ZONA
160704,LORETO,DATEM DEL MARAÏ¿½ON,MORONA,051108
160104,LORETO,MAYNAS,INDIANA,ISLA CONTAMANA
160504,LORETO,REQUENA,EMILIO SAN MARTIN,CUMASEVA
160704,LORETO,DATEM DEL MARAÏ¿½ON,MORONA,PAPAYACU
160101,LORETO,MAYNAS,IQUITOS,103205
160101,LORETO,MAYNAS,IQUITOS,091005
160103,LORETO,MAYNAS,FERNANDO LORES,SAN LORENZO
160501,LORETO,REQUENA,REQUENA,PETROPERU
160401,LORETO,MARISCAL RAMON CASTILLA,RAMON CASTILLA,SAN MARTIN
160702,LORETO,DATEM DEL MARAÏ¿½ON,CAHUAPANAS,021008
160703,LORETO,DATEM DEL MARAÏ¿½ON,MANSERICHE,040008
160301,LORETO,LORETO,NAUTA,066005
160705,LORETO,DATEM DEL MARAÏ¿½ON,PASTAZA,DOMINGO COCHA
160508,LORETO,REQUENA,SOPLIN,MONTEVIDEORRA
160401,LORETO,MARISCAL RAMON CASTILLA,RAMON CASTILLA,YARAPA
160702,LORETO,DATEM DEL MARAÏ¿½ON,CAHUAPANAS,031008
160202,LORETO,ALTO AMAZONAS,BALSAPUERTO,030008
160401,LORETO,MARISCAL RAMON CASTILLA,RAMON CASTILLA,YAHUMA I
160305,LORETO,LORETO,URARINAS,027005
160601,LORETO,UCAYALI,CONTAMANA,PACASMAYO
160103,LORETO,MAYNAS,FERNANDO LORES,PUNGA   RIO TAHUAYO
160304,LORETO,LORETO,TROMPETEROS,010008
160101,LORETO,MAYNAS,IQUITOS,021205
160702,LORETO,DATEM DEL MARAÏ¿½ON,CAHUAPANAS,010008
160107,LORETO,MAYNAS,NAPO,039008
160101,LORETO,MAYNAS,IQUITOS,109005
160201,LORETO,ALTO AMAZONAS,YURIMAGUAS,067005
160506,LORETO,REQUENA,PUINAHUA,JORGE CHAVEZ
160103,LORETO,MAYNAS,FERNANDO LORES,013005
160705,LORETO,DATEM DEL MARAÏ¿½ON,PASTAZA,097108
160703,LORETO,DATEM DEL MARAÏ¿½ON,MANSERICHE,012008
160801,LORETO,PUTUMAYO,PUTUMAYO,STA. TERESITA
160502,LORETO,REQUENA,ALTO TAPICHE,STA. ELENA
160404,LORETO,MARISCAL RAMON CASTILLA,SAN PABLO,006101
160401,LORETO,MARISCAL RAMON CASTILLA,RAMON CASTILLA,BELLAVISTA CALARU
160201,LORETO,ALTO AMAZONAS,YURIMAGUAS,060005
160108,LORETO,MAYNAS,PUNCHANA,036008
160401,LORETO,MARISCAL RAMON CASTILLA,RAMON CASTILLA,NUEVO PEVAS
160108,LORETO,MAYNAS,PUNCHANA,000003
160402,LORETO,MARISCAL RAMON CASTILLA,PEBAS,BRILLO NUEVO
160303,LORETO,LORETO,TIGRE,040005
160201,LORETO,ALTO AMAZONAS,YURIMAGUAS,016005
160504,LORETO,REQUENA,EMILIO SAN MARTIN,SINTICO
160504,LORETO,REQUENA,EMILIO SAN MARTIN,12 DE OCTUBRE
160101,LORETO,MAYNAS,IQUITOS,108005
160101,LORETO,MAYNAS,IQUITOS,023005
160103,LORETO,MAYNAS,FERNANDO LORES,BUENO AIRES
160705,LORETO,DATEM DEL MARAÏ¿½ON,PASTAZA,PANINTZA
160101,LORETO,MAYNAS,IQUITOS,CASERIO LIMON R. ITAYA
160201,LORETO,ALTO AMAZONAS,YURIMAGUAS,062005
160202,LORETO,ALTO AMAZONAS,BALSAPUERTO,011108
160101,LORETO,MAYNAS,IQUITOS,LIMON RIO ITAYA
160101,LORETO,MAYNAS,IQUITOS,122005
160101,LORETO,MAYNAS,IQUITOS,055005
160701,LORETO,DATEM DEL MARAÏ¿½ON,BARRANCA,000304
160206,LORETO,ALTO AMAZONAS,LAGUNAS,SHAPAJAL(RIO HUALLAGA)
160104,LORETO,MAYNAS,INDIANA,035005
160702,LORETO,DATEM DEL MARAÏ¿½ON,CAHUAPANAS,041008
160601,LORETO,UCAYALI,CONTAMANA,SAN JUAN
160703,LORETO,DATEM DEL MARAÏ¿½ON,MANSERICHE,SHIMPI
160201,LORETO,ALTO AMAZONAS,YURIMAGUAS,011005
160104,LORETO,MAYNAS,INDIANA,SANTA URSULA
160511,LORETO,REQUENA,YAQUERANA,008208
160511,LORETO,REQUENA,YAQUERANA,QDA. BETILLA
160511,LORETO,REQUENA,YAQUERANA,CASHISPIAVEZ
160511,LORETO,REQUENA,YAQUERANA,000708
160511,LORETO,REQUENA,YAQUERANA,ALTO YAQUERANA
160301,LORETO,LORETO,NAUTA,078005
160511,LORETO,REQUENA,YAQUERANA,JORGE CHAVEZ
160703,LORETO,DATEM DEL MARAÏ¿½ON,MANSERICHE,YANAYACU
170302,MADRE DE DIOS,TAHUAMANU,IBERIA,BARRIO CHALACO
170203,MADRE DE DIOS,MANU,MADRE DE DIOS,LAS AGUARUNAS
170203,MADRE DE DIOS,MANU,MADRE DE DIOS,DIAMANTE
170102,MADRE DE DIOS,TAMBOPATA,INAMBARI,ROSITA
170203,MADRE DE DIOS,MANU,MADRE DE DIOS,PUERTO CARLOS
170102,MADRE DE DIOS,TAMBOPATA,INAMBARI,ALTO DOS DE MAYO
170203,MADRE DE DIOS,MANU,MADRE DE DIOS,RIO CARBON
170203,MADRE DE DIOS,MANU,MADRE DE DIOS,PUNQUIRI
170203,MADRE DE DIOS,MANU,MADRE DE DIOS,HUEPETUME
170203,MADRE DE DIOS,MANU,MADRE DE DIOS,SALVACION
170203,MADRE DE DIOS,MANU,MADRE DE DIOS,CHILIVE
170201,MADRE DE DIOS,MANU,MANU,BOCA MANU
170203,MADRE DE DIOS,MANU,MADRE DE DIOS,MANSILLA UNO
190307,PASCO,OXAPAMPA,VILLA RICA,CACAZU
190305,PASCO,OXAPAMPA,POZUZO,SAN CRISTOBAL
190306,PASCO,OXAPAMPA,PUERTO BERMUDEZ,HASWALD
190304,PASCO,OXAPAMPA,PALCAZU,ALTO ISCOZACIN
190306,PASCO,OXAPAMPA,PUERTO BERMUDEZ,CIUDAD CONSTITUCION
190306,PASCO,OXAPAMPA,PUERTO BERMUDEZ,MASNALO
190304,PASCO,OXAPAMPA,PALCAZU,PTO. MAYRO
190304,PASCO,OXAPAMPA,PALCAZU,PTE. ENCANTO
190304,PASCO,OXAPAMPA,PALCAZU,CHANCARIZO
190305,PASCO,OXAPAMPA,POZUZO,ESPERANZA
190304,PASCO,OXAPAMPA,PALCAZU,SHIRINGAMAZU BAJO
190307,PASCO,OXAPAMPA,VILLA RICA,BAJO ENTAZ
190307,PASCO,OXAPAMPA,VILLA RICA,SAN FRANCISCO
190306,PASCO,OXAPAMPA,PUERTO BERMUDEZ,PURTO VICTORIA
190304,PASCO,OXAPAMPA,PALCAZU,COMPARACHIMAS
190304,PASCO,OXAPAMPA,PALCAZU,BAJO HUIPUSH
190307,PASCO,OXAPAMPA,VILLA RICA,SAN PEDRO PICHANAS
190306,PASCO,OXAPAMPA,PUERTO BERMUDEZ,C. CONSTITUCION
190305,PASCO,OXAPAMPA,POZUZO,CODO POZUZO
190305,PASCO,OXAPAMPA,POZUZO,SAN PEDRO
190307,PASCO,OXAPAMPA,VILLA RICA,ALTO CACAZU
190304,PASCO,OXAPAMPA,PALCAZU,PUERTO MAYRO
190301,PASCO,OXAPAMPA,OXAPAMPA,STA. HERMINIA
190305,PASCO,OXAPAMPA,POZUZO,LA COLINA
120304,JUNIN,CHANCHAMAYO,SAN LUIS DE SHUARO,UNION PALOMAR
120304,JUNIN,CHANCHAMAYO,SAN LUIS DE SHUARO,RAMAZU
190306,PASCO,OXAPAMPA,PUERTO BERMUDEZ,YARINA
190301,PASCO,OXAPAMPA,OXAPAMPA,MEZAPATA
190305,PASCO,OXAPAMPA,POZUZO,SOANSHUY
190306,PASCO,OXAPAMPA,PUERTO BERMUDEZ,MOSQUITO PLAYA
190306,PASCO,OXAPAMPA,PUERTO BERMUDEZ,ORELLANA
190306,PASCO,OXAPAMPA,PUERTO BERMUDEZ,SAN FRANCISCO
190304,PASCO,OXAPAMPA,PALCAZU,LOMA LINDA
190306,PASCO,OXAPAMPA,PUERTO BERMUDEZ,FLOR DE UN DIA
190304,PASCO,OXAPAMPA,PALCAZU,PUERTO BELEN
190306,PASCO,OXAPAMPA,PUERTO BERMUDEZ,CANON TARMA
190305,PASCO,OXAPAMPA,POZUZO,SAN ANTONIO
190301,PASCO,OXAPAMPA,OXAPAMPA,CHURUMAZU
190301,PASCO,OXAPAMPA,OXAPAMPA,SOGORMO
190301,PASCO,OXAPAMPA,OXAPAMPA,RIO PISCO
190305,PASCO,OXAPAMPA,POZUZO,ALTO LAGARTO
120304,JUNIN,CHANCHAMAYO,SAN LUIS DE SHUARO,RAMASU
190306,PASCO,OXAPAMPA,PUERTO BERMUDEZ,EL DORADO
190306,PASCO,OXAPAMPA,PUERTO BERMUDEZ,LORENCILLO
190306,PASCO,OXAPAMPA,PUERTO BERMUDEZ,LETICIA
190305,PASCO,OXAPAMPA,POZUZO,QUITASOL
190307,PASCO,OXAPAMPA,VILLA RICA,PTE. PAUCARTAMBO
190307,PASCO,OXAPAMPA,VILLA RICA,PUELLAS
220710,SAN MARTIN,PICOTA,TRES UNIDOS,HUAÏ¿½IPO
221004,SAN MARTIN,TOCACHE,SHUNTE,SAN MIGUEL PORVENIR
220104,SAN MARTIN,MOYOBAMBA,JEPELACIO,NUEVO CUTERVO
221001,SAN MARTIN,TOCACHE,TOCACHE,NUEVA LIBERTAD
220303,SAN MARTIN,EL DORADO,SAN MARTIN,SAN MARTIN DE ALAO
220104,SAN MARTIN,MOYOBAMBA,JEPELACIO,BANQUITOS
220305,SAN MARTIN,EL DORADO,SHATOJA,SHATOJA
220701,SAN MARTIN,PICOTA,PICOTA,VILLANUEVA
220401,SAN MARTIN,HUALLAGA,SAPOSOA,NUEVO SAN ANDRES
250301,UCAYALI,PADRE ABAD,PADRE ABAD,SAN PEDRO
250104,UCAYALI,CORONEL PORTILLO,MASISEA,PTO. BETHEL
250302,UCAYALI,PADRE ABAD,IRAZOLA,PANAO
250202,UCAYALI,ATALAYA,SEPAHUA,EL ROSARIO
250302,UCAYALI,PADRE ABAD,IRAZOLA,CAS.BELLAVISTA SAN ALEJAN
250104,UCAYALI,CORONEL PORTILLO,MASISEA,CANTAGALLO
250104,UCAYALI,CORONEL PORTILLO,MASISEA,JUNIN PABLO
250301,UCAYALI,PADRE ABAD,PADRE ABAD,C.P.M. SANTA ROSA
250301,UCAYALI,PADRE ABAD,PADRE ABAD,23 DE MARZO
250103,UCAYALI,CORONEL PORTILLO,IPARIA,QUEBRADA SHESHEA
250101,UCAYALI,CORONEL PORTILLO,CALLERIA,CAS. SAN ANTONIO
250101,UCAYALI,CORONEL PORTILLO,CALLERIA,NVO. SAN ANTONIO
250104,UCAYALI,CORONEL PORTILLO,MASISEA,NVO. MEXICO
250101,UCAYALI,CORONEL PORTILLO,CALLERIA,C. DOS DE MAYO
250105,UCAYALI,CORONEL PORTILLO,YARINACOCHA,ZAPOTILLO
250102,UCAYALI,CORONEL PORTILLO,CAMPOVERDE,PIMENTAL
250101,UCAYALI,CORONEL PORTILLO,CALLERIA,TERCER UNION
250101,UCAYALI,CORONEL PORTILLO,CALLERIA,NUEVO UTUQUINIA
250302,UCAYALI,PADRE ABAD,IRAZOLA,CASERIO NUEVO SAN JUAN
250302,UCAYALI,PADRE ABAD,IRAZOLA,VON HUMBOLTD
250105,UCAYALI,CORONEL PORTILLO,YARINACOCHA,COMUNIDAD PUERTO FIRMESA
250201,UCAYALI,ATALAYA,RAIMONDI,CHICOSA  A.UCAYALI ATALYA
250302,UCAYALI,PADRE ABAD,IRAZOLA,MONTE ALEGRE
250105,UCAYALI,CORONEL PORTILLO,YARINACOCHA,RIO QUINTORI
250101,UCAYALI,CORONEL PORTILLO,CALLERIA,CASERIO PUERTO ALEGRE
250302,UCAYALI,PADRE ABAD,IRAZOLA,VON HUMBOLTD KM. 86
250301,UCAYALI,PADRE ABAD,PADRE ABAD,CAS. BOCA DE HUIPOCA
250101,UCAYALI,CORONEL PORTILLO,CALLERIA,TORNAVISTA
250301,UCAYALI,PADRE ABAD,PADRE ABAD,SHAMBILLO
250102,UCAYALI,CORONEL PORTILLO,CAMPOVERDE,C.F.B. KM. 43
250105,UCAYALI,CORONEL PORTILLO,YARINACOCHA,AA.HH. LA SELVA MZ.A L.4
250101,UCAYALI,CORONEL PORTILLO,CALLERIA,CC.NN. PTO BETEL
250201,UCAYALI,ATALAYA,RAIMONDI,VILLA ATALAYA
250302,UCAYALI,PADRE ABAD,IRAZOLA,KM. 86 A.V.H.
250101,UCAYALI,CORONEL PORTILLO,CALLERIA,CASERIO SAN JUAN
250105,UCAYALI,CORONEL PORTILLO,YARINACOCHA,CAS.CHANCAY
250101,UCAYALI,CORONEL PORTILLO,CALLERIA,AA.HH. 9 OCTUBRE
250101,UCAYALI,CORONEL PORTILLO,CALLERIA,KM. 6 C.F.B.
250302,UCAYALI,PADRE ABAD,IRAZOLA,KM. 63 C.F.B.
250101,UCAYALI,CORONEL PORTILLO,CALLERIA,C.F.B. 11.700
250301,UCAYALI,PADRE ABAD,PADRE ABAD,CASERIO TANGARANA
250101,UCAYALI,CORONEL PORTILLO,CALLERIA,AA.HH.  JOSE OLAYA
250101,UCAYALI,CORONEL PORTILLO,CALLERIA,CAS.NVA.UNION BAJO UCAYAL
250101,UCAYALI,CORONEL PORTILLO,CALLERIA,CASERIO CEBERAL
250101,UCAYALI,CORONEL PORTILLO,CALLERIA,AA.HH. LA FLORIDA
250106,UCAYALI,CORONEL PORTILLO,NUEVA REQUENA,NVA. REQUENA
250101,UCAYALI,CORONEL PORTILLO,CALLERIA,NVA. MAGDALENA KM. 08
250101,UCAYALI,CORONEL PORTILLO,CALLERIA,C.F.B. KM. 4
250302,UCAYALI,PADRE ABAD,IRAZOLA,NVO. TAHUANTINSUYO
250302,UCAYALI,PADRE ABAD,IRAZOLA,KM. 60 CFB
250101,UCAYALI,CORONEL PORTILLO,CALLERIA,CAS.NVA. PATRIA
250101,UCAYALI,CORONEL PORTILLO,CALLERIA,UTUQUINIA
250104,UCAYALI,CORONEL PORTILLO,MASISEA,ALTO TAMAYA
250302,UCAYALI,PADRE ABAD,IRAZOLA,KM. 08 CMS IZQ. 03 MTRS.
250301,UCAYALI,PADRE ABAD,PADRE ABAD,MARISCA CACERES
250102,UCAYALI,CORONEL PORTILLO,CAMPOVERDE,KM. 50 SANTA ROSA
250101,UCAYALI,CORONEL PORTILLO,CALLERIA,NVO. ANGAMO
250104,UCAYALI,CORONEL PORTILLO,MASISEA,CC.NN. UNION VECINAL
250105,UCAYALI,CORONEL PORTILLO,YARINACOCHA,CASERIO NUEVA ALEJANDRA
250101,UCAYALI,CORONEL PORTILLO,CALLERIA,C.F.B. KM. 5.5
250302,UCAYALI,PADRE ABAD,IRAZOLA,KM. 50 C.F.B.
250101,UCAYALI,CORONEL PORTILLO,CALLERIA,CASERIO MI PERU
250301,UCAYALI,PADRE ABAD,PADRE ABAD,SANTA ROSA
250301,UCAYALI,PADRE ABAD,PADRE ABAD,SHIMBILLO
250101,UCAYALI,CORONEL PORTILLO,CALLERIA,CAS. 2 DE MAYO KM 12
250101,UCAYALI,CORONEL PORTILLO,CALLERIA,JR. REQUENA 144
250302,UCAYALI,PADRE ABAD,IRAZOLA,C.F.B. KM. 66
250101,UCAYALI,CORONEL PORTILLO,CALLERIA,SAN JOSE   UTUQUINIA
250204,UCAYALI,ATALAYA,YURUA,EL DORADO
250102,UCAYALI,CORONEL PORTILLO,CAMPOVERDE,CAS.LEONCIO PRADO TOURNA
250302,UCAYALI,PADRE ABAD,IRAZOLA,MACUYA KM. 12
100901,HUANUCO,PUERTO INCA,PUERTO INCA,ZUNGARO
250101,UCAYALI,CORONEL PORTILLO,CALLERIA,SANTA SOFIA
250301,UCAYALI,PADRE ABAD,PADRE ABAD,SAMBILLO
250101,UCAYALI,CORONEL PORTILLO,CALLERIA,PUERTO ALEGRE
250302,UCAYALI,PADRE ABAD,IRAZOLA,CASERIO MARTIN
250101,UCAYALI,CORONEL PORTILLO,CALLERIA,SAN JUAN
250301,UCAYALI,PADRE ABAD,PADRE ABAD,CARACHUPA
250301,UCAYALI,PADRE ABAD,PADRE ABAD,TRANSENDENTE
250101,UCAYALI,CORONEL PORTILLO,CALLERIA,SARGENTO LOREN
250104,UCAYALI,CORONEL PORTILLO,MASISEA,CAS.VARGAS GUERRA
250102,UCAYALI,CORONEL PORTILLO,CAMPOVERDE,HONORIA
250203,UCAYALI,ATALAYA,TAHUANIA,CASERIO SAN FERNANDO
250101,UCAYALI,CORONEL PORTILLO,CALLERIA,CAS.SAN MARTIN
250301,UCAYALI,PADRE ABAD,PADRE ABAD,LLANTA BLANCA
250301,UCAYALI,PADRE ABAD,PADRE ABAD,JR. SAUL RIOS
250105,UCAYALI,CORONEL PORTILLO,YARINACOCHA,FAP
250302,UCAYALI,PADRE ABAD,IRAZOLA,KM. 71.0 C.F.B.
250105,UCAYALI,CORONEL PORTILLO,YARINACOCHA,NUEVA ALEJANDRIA
250103,UCAYALI,CORONEL PORTILLO,IPARIA,SANTA SOFIA
250101,UCAYALI,CORONEL PORTILLO,CALLERIA,CHANCAY
250101,UCAYALI,CORONEL PORTILLO,CALLERIA,STA. CARMELA
250101,UCAYALI,CORONEL PORTILLO,CALLERIA,CASERIO FRATERMIDAD
250101,UCAYALI,CORONEL PORTILLO,CALLERIA,AA.HH. PRIMAVERA MZ.
250201,UCAYALI,ATALAYA,RAIMONDI,SERJALI
250101,UCAYALI,CORONEL PORTILLO,CALLERIA,CASERIO RAMAL
250102,UCAYALI,CORONEL PORTILLO,CAMPOVERDE,CAS. PORVENIR KM. 26
250105,UCAYALI,CORONEL PORTILLO,YARINACOCHA,PROL. TUPAC AMARU
250104,UCAYALI,CORONEL PORTILLO,MASISEA,FLOR NACIENTE
250101,UCAYALI,CORONEL PORTILLO,CALLERIA,NUEVA ALIANZA
250302,UCAYALI,PADRE ABAD,IRAZOLA,CS. SHIRINGAL SAN ELEJAN
250105,UCAYALI,CORONEL PORTILLO,YARINACOCHA,RESTINGA
250103,UCAYALI,CORONEL PORTILLO,IPARIA,NAZARETH
250102,UCAYALI,CORONEL PORTILLO,CAMPOVERDE,KM. 26   CAS. 8 DE MAYO
250101,UCAYALI,CORONEL PORTILLO,CALLERIA,MARISCAL CASTILLA
250101,UCAYALI,CORONEL PORTILLO,CALLERIA,CASERIO SANTA SOFIA
250105,UCAYALI,CORONEL PORTILLO,YARINACOCHA,AA.H.H. LA LUPUNA S N
250104,UCAYALI,CORONEL PORTILLO,MASISEA,NVA. VIDA   SHESHA
250105,UCAYALI,CORONEL PORTILLO,YARINACOCHA,CASERIO NUEVA ALEJANDRIA
250101,UCAYALI,CORONEL PORTILLO,CALLERIA,CAS. BELGICA
250101,UCAYALI,CORONEL PORTILLO,CALLERIA,CASERIO BELGICA
250303,UCAYALI,PADRE ABAD,CURIMANA,CURIMANA KM. 19
250105,UCAYALI,CORONEL PORTILLO,YARINACOCHA,AA.HH. GUILLERMO LUMBRERA
250101,UCAYALI,CORONEL PORTILLO,CALLERIA,CAS.SAN PEDRO PUCALLPILLO
250101,UCAYALI,CORONEL PORTILLO,CALLERIA,AA.HH. MARIA LUISA CUCUL
250201,UCAYALI,ATALAYA,RAIMONDI,CC.NN. SUAREZ
250104,UCAYALI,CORONEL PORTILLO,MASISEA,PUERTO BETHEL
250104,UCAYALI,CORONEL PORTILLO,MASISEA,PROVIDENCIA
250301,UCAYALI,PADRE ABAD,PADRE ABAD,AGUAS VERDES
250101,UCAYALI,CORONEL PORTILLO,CALLERIA,STO. DOMINGO DE MASHANGAY
250301,UCAYALI,PADRE ABAD,PADRE ABAD,MNVO. MUNDO
250105,UCAYALI,CORONEL PORTILLO,YARINACOCHA,JR. LOBO CAÏ¿½O 239
250101,UCAYALI,CORONEL PORTILLO,CALLERIA,SAN MIGUEL DE CALLERIA
250101,UCAYALI,CORONEL PORTILLO,CALLERIA,AA.HH. ALBERTO FUJIMORI
250101,UCAYALI,CORONEL PORTILLO,CALLERIA,CASERIO NUEVO UCAYALI
250202,UCAYALI,ATALAYA,SEPAHUA,SAN JUAN
250302,UCAYALI,PADRE ABAD,IRAZOLA,ZORRILLO RIO AGUAYTIA
250105,UCAYALI,CORONEL PORTILLO,YARINACOCHA,BARRIO NVO. AMANECER
250105,UCAYALI,CORONEL PORTILLO,YARINACOCHA,CC.NN. SAN FRANCISCO
250101,UCAYALI,CORONEL PORTILLO,CALLERIA,LIMONGEMA
250105,UCAYALI,CORONEL PORTILLO,YARINACOCHA,AA.HH. VIOLETA C. MZ C
250201,UCAYALI,ATALAYA,RAIMONDI,MISION UNINI
250302,UCAYALI,PADRE ABAD,IRAZOLA,KM. 5 CMS INTERIOR
250103,UCAYALI,CORONEL PORTILLO,IPARIA,ALTO IPARIA
250101,UCAYALI,CORONEL PORTILLO,CALLERIA,NVO.OBRERO
250105,UCAYALI,CORONEL PORTILLO,YARINACOCHA,ESPERANZA DE PANAILLO
100901,HUANUCO,PUERTO INCA,PUERTO INCA,MACUYA
250303,UCAYALI,PADRE ABAD,CURIMANA,CURIMANAS
250302,UCAYALI,PADRE ABAD,IRAZOLA,CARRETERA CURIMANA
250201,UCAYALI,ATALAYA,RAIMONDI,CC.NN. DERIJA
250101,UCAYALI,CORONEL PORTILLO,CALLERIA,PJE. BOLIVAR 271
250102,UCAYALI,CORONEL PORTILLO,CAMPOVERDE,TOURNAVISTA KM . 4
250101,UCAYALI,CORONEL PORTILLO,CALLERIA,SANTA ELENA
250101,UCAYALI,CORONEL PORTILLO,CALLERIA,PUERTO AURORA
250104,UCAYALI,CORONEL PORTILLO,MASISEA,CC.NN. JUNIN PABLO
250104,UCAYALI,CORONEL PORTILLO,MASISEA,STA. ROSA DE MASISEA
250103,UCAYALI,CORONEL PORTILLO,IPARIA,PUNCHURI
250302,UCAYALI,PADRE ABAD,IRAZOLA,KM. 101 C.F.B.
250104,UCAYALI,CORONEL PORTILLO,MASISEA,ISLA PRIMAVERA
250303,UCAYALI,PADRE ABAD,CURIMANA,CAS. BELLO HORIZONTE
250104,UCAYALI,CORONEL PORTILLO,MASISEA,UTUQUINIA
250104,UCAYALI,CORONEL PORTILLO,MASISEA,SANTA ELENA
250101,UCAYALI,CORONEL PORTILLO,CALLERIA,JR. CALLAO 501
250101,UCAYALI,CORONEL PORTILLO,CALLERIA,PACACHOCHA
250101,UCAYALI,CORONEL PORTILLO,CALLERIA,CASERIO SANTA ISABEL
250102,UCAYALI,CORONEL PORTILLO,CAMPOVERDE,CASERIO PAMPAS VERDES
250303,UCAYALI,PADRE ABAD,CURIMANA,MARONAL C. NESHUYA CURIMA
250203,UCAYALI,ATALAYA,TAHUANIA,MAPALFA
250104,UCAYALI,CORONEL PORTILLO,MASISEA,BELLA FLOR
250102,UCAYALI,CORONEL PORTILLO,CAMPOVERDE,CAS.ANTONIO RAYMONDI K19
250301,UCAYALI,PADRE ABAD,PADRE ABAD,SAN PEDRO BAJO
250201,UCAYALI,ATALAYA,RAIMONDI,LAS PANANQUIRI
250301,UCAYALI,PADRE ABAD,PADRE ABAD,NUEVA ESPERANZA
250301,UCAYALI,PADRE ABAD,PADRE ABAD,PASTAL CEDRUYOS
250105,UCAYALI,CORONEL PORTILLO,YARINACOCHA,FDO. SANTO TOMAS
250104,UCAYALI,CORONEL PORTILLO,MASISEA,VISTA ALEGRE
250301,UCAYALI,PADRE ABAD,PADRE ABAD,NVO. PORVENIR
250101,UCAYALI,CORONEL PORTILLO,CALLERIA,CAS.NVA. ALIANZA
250101,UCAYALI,CORONEL PORTILLO,CALLERIA,MANGUAL
250103,UCAYALI,CORONEL PORTILLO,IPARIA,VISTALEGRE
250101,UCAYALI,CORONEL PORTILLO,CALLERIA,NVA. BETANIA
250101,UCAYALI,CORONEL PORTILLO,CALLERIA,CAS. PATRIA NUEVA
250101,UCAYALI,CORONEL PORTILLO,CALLERIA,AA. JOSE OLAYA
250104,UCAYALI,CORONEL PORTILLO,MASISEA,CC.NN.  LA UNION
250104,UCAYALI,CORONEL PORTILLO,MASISEA,CC.NN. CEILAN
250201,UCAYALI,ATALAYA,RAIMONDI,SHIMAN
250302,UCAYALI,PADRE ABAD,IRAZOLA,KM. 75 C.F.B.
250106,UCAYALI,CORONEL PORTILLO,NUEVA REQUENA,QUEBRADA PIURA RIO AGUAYT
250302,UCAYALI,PADRE ABAD,IRAZOLA,CAS. MAR DE PLATA KM. 12
250101,UCAYALI,CORONEL PORTILLO,CALLERIA,LIMONGUERO
250101,UCAYALI,CORONEL PORTILLO,CALLERIA,NVO. ARIZONA
250201,UCAYALI,ATALAYA,RAIMONDI,ATALAYA RIO INUYA
250106,UCAYALI,CORONEL PORTILLO,NUEVA REQUENA,PUEBLO LIBRE
250101,UCAYALI,CORONEL PORTILLO,CALLERIA,CAS. NVO.SAN ANTONIO
250103,UCAYALI,CORONEL PORTILLO,IPARIA,STA. CECILIA
200605,PIURA,SULLANA,MARCAVELICA,LAS PALMERAS
200114,PIURA,PIURA,TAMBO GRANDE,PUEBLO LIBRE
200114,PIURA,PIURA,TAMBO GRANDE,LA PUJITA
200114,PIURA,PIURA,TAMBO GRANDE,SANTA ELENA
200114,PIURA,PIURA,TAMBO GRANDE,SAN ISIDRO
200114,PIURA,PIURA,TAMBO GRANDE,TAMBOGRANDE
200701,PIURA,TALARA,PARIÏ¿½AS,PARINAS
200114,PIURA,PIURA,TAMBO GRANDE,LOS ZAPATAS
200114,PIURA,PIURA,TAMBO GRANDE,CHICA ALTA
200401,PIURA,MORROPON,CHULUCANAS,LAGUNAS
200401,PIURA,MORROPON,CHULUCANAS,KM. 80
200401,PIURA,MORROPON,CHULUCANAS,A.H. LOPEZ ALBUJAR
200303,PIURA,HUANCABAMBA,EL CARMEN DE LA FRONTERA,EL CARMEN FRONTERA
200601,PIURA,SULLANA,SULLANA,TAMBOGRANDE
200109,PIURA,PIURA,LA ARENA,VICHAYAL
200401,PIURA,MORROPON,CHULUCANAS,KM. 24
200104,PIURA,PIURA,CASTILLA,LA PALMA
061105,CAJAMARCA,SAN MIGUEL,EL PRADO,PLATANAR
060109,CAJAMARCA,CAJAMARCA,MAGDALENA,PUEBLO NUEVO
010402,AMAZONAS,CONDORCANQUI,EL CENEPA,WAWAIN
010402,AMAZONAS,CONDORCANQUI,EL CENEPA,TUTINO
010401,AMAZONAS,CONDORCANQUI,NIEVA,NUMPAKAIM
010401,AMAZONAS,CONDORCANQUI,NIEVA,NUEVA UNIDA
010402,AMAZONAS,CONDORCANQUI,EL CENEPA,NUMPAKAIN
010403,AMAZONAS,CONDORCANQUI,RIO SANTIAGO,KUNKUNKIN
010402,AMAZONAS,CONDORCANQUI,EL CENEPA,SAN ANTONIO
010401,AMAZONAS,CONDORCANQUI,NIEVA,WANIN
010311,AMAZONAS,BONGARA,VALERA,SAN PABLO
010402,AMAZONAS,CONDORCANQUI,EL CENEPA,VILLA GONZALO
010205,AMAZONAS,BAGUA,IMAZA,NUEVO ORIZONTE
010706,AMAZONAS,UTCUBAMBA,LONYA GRANDE,ROBLEPAMPA
010205,AMAZONAS,BAGUA,IMAZA,NUEVO HUANCABAMBA
010403,AMAZONAS,CONDORCANQUI,RIO SANTIAGO,AYAMBIS
010401,AMAZONAS,CONDORCANQUI,NIEVA,PAKINZA
010401,AMAZONAS,CONDORCANQUI,NIEVA,ALTO PAJACUSA
010403,AMAZONAS,CONDORCANQUI,RIO SANTIAGO,CHINGANAZA
010403,AMAZONAS,CONDORCANQUI,RIO SANTIAGO,KUKUASA
010312,AMAZONAS,BONGARA,YAMBRASBAMBA,FLORIDA
010205,AMAZONAS,BAGUA,IMAZA,GUACHAPEA
010403,AMAZONAS,CONDORCANQUI,RIO SANTIAGO,GALILEA
010402,AMAZONAS,CONDORCANQUI,EL CENEPA,SHAMATAK GRANDE
010401,AMAZONAS,CONDORCANQUI,NIEVA,SEASMI
010205,AMAZONAS,BAGUA,IMAZA,TEASHUNUM
010402,AMAZONAS,CONDORCANQUI,EL CENEPA,HUAMPAMI
010205,AMAZONAS,BAGUA,IMAZA,PENASATSU
010205,AMAZONAS,BAGUA,IMAZA,YAMAKAENZA
010403,AMAZONAS,CONDORCANQUI,RIO SANTIAGO,KANDUNGOS
010401,AMAZONAS,CONDORCANQUI,NIEVA,PAPAYME
010403,AMAZONAS,CONDORCANQUI,RIO SANTIAGO,DOS DE MAYO
010403,AMAZONAS,CONDORCANQUI,RIO SANTIAGO,SAN MARTIN
010403,AMAZONAS,CONDORCANQUI,RIO SANTIAGO,ISLA GRANDE
010602,AMAZONAS,RODRIGUEZ DE MENDOZA,CHIRIMOTO,ZARUMILLA
010402,AMAZONAS,CONDORCANQUI,EL CENEPA,KUSU KUBAIN
010205,AMAZONAS,BAGUA,IMAZA,PAKUIT
010401,AMAZONAS,CONDORCANQUI,NIEVA,KIGKIGS
010401,AMAZONAS,CONDORCANQUI,NIEVA,KUNGUKI
010402,AMAZONAS,CONDORCANQUI,EL CENEPA,PAMPAENTZA
010205,AMAZONAS,BAGUA,IMAZA,LLAMAKETZA
010205,AMAZONAS,BAGUA,IMAZA,SHUSHUNGA
010507,AMAZONAS,LUYA,LONGUITA,YUMAL
010205,AMAZONAS,BAGUA,IMAZA,KUSU CHICO
010402,AMAZONAS,CONDORCANQUI,EL CENEPA,KUSUNUPAKAIN
010203,AMAZONAS,BAGUA,COPALLIN,YUGUANA
010403,AMAZONAS,CONDORCANQUI,RIO SANTIAGO,CHAPIZA
010205,AMAZONAS,BAGUA,IMAZA,NAYUMPIM
010403,AMAZONAS,CONDORCANQUI,RIO SANTIAGO,DEMOCRACIA
010205,AMAZONAS,BAGUA,IMAZA,NUMPARKAIM
010202,AMAZONAS,BAGUA,ARAMANGO,MIRAFLORES
010205,AMAZONAS,BAGUA,IMAZA,NAYUMPI
010401,AMAZONAS,CONDORCANQUI,NIEVA,WASIN
010401,AMAZONAS,CONDORCANQUI,NIEVA,NAPOTREN
010402,AMAZONAS,CONDORCANQUI,EL CENEPA,PAMPAENTSA
010403,AMAZONAS,CONDORCANQUI,RIO SANTIAGO,AINTAM
010402,AMAZONAS,CONDORCANQUI,EL CENEPA,SHAMATAT GRANDE
010401,AMAZONAS,CONDORCANQUI,NIEVA,TUNAN
010312,AMAZONAS,BONGARA,YAMBRASBAMBA,BUENOS AIRES
010402,AMAZONAS,CONDORCANQUI,EL CENEPA,SHAMATAG
010205,AMAZONAS,BAGUA,IMAZA,Ï¿½ANGUNGA
010205,AMAZONAS,BAGUA,IMAZA,YUPICUZA
010401,AMAZONAS,CONDORCANQUI,NIEVA,CHORRO
010402,AMAZONAS,CONDORCANQUI,EL CENEPA,TESH
010401,AMAZONAS,CONDORCANQUI,NIEVA,CENTRO TUNDUZA
010401,AMAZONAS,CONDORCANQUI,NIEVA,KAYAG UNSHAA
010401,AMAZONAS,CONDORCANQUI,NIEVA,TEESH
010205,AMAZONAS,BAGUA,IMAZA,YANGUNGA
010402,AMAZONAS,CONDORCANQUI,EL CENEPA,KUSU NUMPAKAIN
010402,AMAZONAS,CONDORCANQUI,EL CENEPA,TEESH
020202,ANCASH,AIJA,CORIS,VISTA ALEGRE
050503,AYACUCHO,LA MAR,AYNA,LLOCHEGUA
050503,AYACUCHO,LA MAR,AYNA,SAN AGUSTIN
120606,JUNIN,SATIPO,PANGOA,MONOPATA
050407,AYACUCHO,HUANTA,SIVIA,LLOCHEGUA
050503,AYACUCHO,LA MAR,AYNA,TUTUNBARO
080902,CUSCO,LA CONVENCION,ECHARATE,PACJIRI
080902,CUSCO,LA CONVENCION,ECHARATE,TIMPIA
080902,CUSCO,LA CONVENCION,ECHARATE,ALTO KIMANKIRIATO
080903,CUSCO,LA CONVENCION,HUAYOPATA,TUSTUNTIANA
080902,CUSCO,LA CONVENCION,ECHARATE,NATIPUNARI
081201,CUSCO,QUISPICANCHI,URCOS,HUANBUTIO
080902,CUSCO,LA CONVENCION,ECHARATE,OSHIGOTENI
080906,CUSCO,LA CONVENCION,QUELLOUNO,CHATO ALTO
080902,CUSCO,LA CONVENCION,ECHARATE,ALTO SHIMA
080903,CUSCO,LA CONVENCION,HUAYOPATA,HUERTAHUAYCO
080902,CUSCO,LA CONVENCION,ECHARATE,MIARIA
080106,CUSCO,CUSCO,SANTIAGO,URB. CESARA VALLEJOS
080902,CUSCO,LA CONVENCION,ECHARATE,PALMEIRA
081209,CUSCO,QUISPICANCHI,MARCAPATA,YANACOCHA
080902,CUSCO,LA CONVENCION,ECHARATE,KIVIRIARI
080910,CUSCO,LA CONVENCION,PICHARI,CPPG 2
080906,CUSCO,LA CONVENCION,QUELLOUNO,PENETRACION
080902,CUSCO,LA CONVENCION,ECHARATE,PTO  RICO
080907,CUSCO,LA CONVENCION,KIMBIRI,HUAYANAY
080906,CUSCO,LA CONVENCION,QUELLOUNO,YOYATO
080902,CUSCO,LA CONVENCION,ECHARATE,CUWAY
080903,CUSCO,LA CONVENCION,HUAYOPATA,CAQUIA
080910,CUSCO,LA CONVENCION,PICHARI,SANQUIRISHIATO
080902,CUSCO,LA CONVENCION,ECHARATE,KAMISEA
080902,CUSCO,LA CONVENCION,ECHARATE,ZONASHIATO
080902,CUSCO,LA CONVENCION,ECHARATE,SABAMBA
080902,CUSCO,LA CONVENCION,ECHARATE,PTO. RICO
080903,CUSCO,LA CONVENCION,HUAYOPATA,HUAYNAPATA
080910,CUSCO,LA CONVENCION,PICHARI,GRUPO 5
080906,CUSCO,LA CONVENCION,QUELLOUNO,AMANCAYES
080910,CUSCO,LA CONVENCION,PICHARI,GURPO 5
080906,CUSCO,LA CONVENCION,QUELLOUNO,SAN PEDRO
080902,CUSCO,LA CONVENCION,ECHARATE,MAZOQUIATO
080902,CUSCO,LA CONVENCION,ECHARATE,YUVENI
080902,CUSCO,LA CONVENCION,ECHARATE,SHIVANKORENI
080902,CUSCO,LA CONVENCION,ECHARATE,NUEVO MUNDO
080902,CUSCO,LA CONVENCION,ECHARATE,ALTO MANGURIARI
080902,CUSCO,LA CONVENCION,ECHARATE,KAMANKIRIATO
080902,CUSCO,LA CONVENCION,ECHARATE,ALTO SANGOBATEA
081206,CUSCO,QUISPICANCHI,CUSIPATA,CALLE NUEVA
080902,CUSCO,LA CONVENCION,ECHARATE,CAPICHURIARI
080902,CUSCO,LA CONVENCION,ECHARATE,B.YANACIRI
080105,CUSCO,CUSCO,SAN SEBASTIAN,URB. SAN ANTONIO S N
080902,CUSCO,LA CONVENCION,ECHARATE,KIMARIATO
080906,CUSCO,LA CONVENCION,QUELLOUNO,SAN MARTIN
080909,CUSCO,LA CONVENCION,VILCABAMBA,SHIMEATO
080909,CUSCO,LA CONVENCION,VILCABAMBA,VILLA VIRGEN
080902,CUSCO,LA CONVENCION,ECHARATE,SANIRIATO POBLADO
080903,CUSCO,LA CONVENCION,HUAYOPATA,POBLADO HUYRO
080902,CUSCO,LA CONVENCION,ECHARATE,MEDIO PACHIRI
080902,CUSCO,LA CONVENCION,ECHARATE,ALTO PACUCHARI
080902,CUSCO,LA CONVENCION,ECHARATE,KAMONASHIARI
080902,CUSCO,LA CONVENCION,ECHARATE,MANZANARES
080104,CUSCO,CUSCO,SAN JERONIMO,HUAYRANCALLE S N
090705,HUANCAVELICA,TAYACAJA,COLCABAMBA,PILCOS
100604,HUANUCO,LEONCIO PRADO,JOSE CRESPO Y CASTILLO,LAS MERCEDES
100605,HUANUCO,LEONCIO PRADO,LUYANDO,ALTO SAN JUAN
100904,HUANUCO,PUERTO INCA,TOURNAVISTA,CARBAJAL
100902,HUANUCO,PUERTO INCA,CODO DEL POZUZO,CENTRO POBLADO
100604,HUANUCO,LEONCIO PRADO,JOSE CRESPO Y CASTILLO,LA PRIMAVERA
100604,HUANUCO,LEONCIO PRADO,JOSE CRESPO Y CASTILLO,COTOMONILLO
100902,HUANUCO,PUERTO INCA,CODO DEL POZUZO,HUAMPAL
100904,HUANUCO,PUERTO INCA,TOURNAVISTA,MACUYA
100605,HUANUCO,LEONCIO PRADO,LUYANDO,JORGE CHAVEZ
100603,HUANUCO,LEONCIO PRADO,HERMILIO VALDIZAN,MESONES MURO
100902,HUANUCO,PUERTO INCA,CODO DEL POZUZO,WINTUYACU
100902,HUANUCO,PUERTO INCA,CODO DEL POZUZO,DIVISORIA
100604,HUANUCO,LEONCIO PRADO,JOSE CRESPO Y CASTILLO,TUPAC AMARU
100103,HUANUCO,HUANUCO,CHINCHAO,ACOMAYO
100606,HUANUCO,LEONCIO PRADO,MARIANO DAMASO BERAUN,CHANCADORA
100902,HUANUCO,PUERTO INCA,CODO DEL POZUZO,NUEVO EDEN
100605,HUANUCO,LEONCIO PRADO,LUYANDO,ALTO HAYHUANTE
100604,HUANUCO,LEONCIO PRADO,JOSE CRESPO Y CASTILLO,NUEVO COPAL
100604,HUANUCO,LEONCIO PRADO,JOSE CRESPO Y CASTILLO,ANDA
100601,HUANUCO,LEONCIO PRADO,RUPA-RUPA,PACHACUTEC
100507,HUANUCO,HUAMALIES,MONZON,TAZO GRANDE
100901,HUANUCO,PUERTO INCA,PUERTO INCA,28 DE JULIO
100904,HUANUCO,PUERTO INCA,TOURNAVISTA,LAS PALMAS
100901,HUANUCO,PUERTO INCA,PUERTO INCA,3 DE MAYO
100109,HUANUCO,HUANUCO,SANTA MARIA DEL VALLE,LA DESPENSA
100507,HUANUCO,HUAMALIES,MONZON,LA MORADA
100205,HUANUCO,AMBO,HUACAR,PUCUCHINCHE
100902,HUANUCO,PUERTO INCA,CODO DEL POZUZO,BUENOS AIRES
100902,HUANUCO,PUERTO INCA,CODO DEL POZUZO,ALTO MOSHOCA
100601,HUANUCO,LEONCIO PRADO,RUPA-RUPA,PUMAHUASI
100902,HUANUCO,PUERTO INCA,CODO DEL POZUZO,TUNUNGA
100901,HUANUCO,PUERTO INCA,PUERTO INCA,NAVIDAD
100901,HUANUCO,PUERTO INCA,PUERTO INCA,PUERTO ZUNGARO
100604,HUANUCO,LEONCIO PRADO,JOSE CRESPO Y CASTILLO,PAMPA HERMOSA
100904,HUANUCO,PUERTO INCA,TOURNAVISTA,P.S TOURNAVISTA
100601,HUANUCO,LEONCIO PRADO,RUPA-RUPA,SUPTE
100604,HUANUCO,LEONCIO PRADO,JOSE CRESPO Y CASTILLO,JASMINEZ
100904,HUANUCO,PUERTO INCA,TOURNAVISTA,SANTA ROSA
100507,HUANUCO,HUAMALIES,MONZON,CHAUPIYACU
100507,HUANUCO,HUAMALIES,MONZON,CAMOTE
100901,HUANUCO,PUERTO INCA,PUERTO INCA,BARRIO LORETO
100604,HUANUCO,LEONCIO PRADO,JOSE CRESPO Y CASTILLO,PUEBLO NUEVO
100604,HUANUCO,LEONCIO PRADO,JOSE CRESPO Y CASTILLO,CAMPO GRANDE
100507,HUANUCO,HUAMALIES,MONZON,BELLA ALTA
100604,HUANUCO,LEONCIO PRADO,JOSE CRESPO Y CASTILLO,MAGDALENA
100604,HUANUCO,LEONCIO PRADO,JOSE CRESPO Y CASTILLO,CERRO AZUL
100604,HUANUCO,LEONCIO PRADO,JOSE CRESPO Y CASTILLO,NUEVA ASPUZANA
100606,HUANUCO,LEONCIO PRADO,MARIANO DAMASO BERAUN,LOTA
100601,HUANUCO,LEONCIO PRADO,RUPA-RUPA,CEDROS
100902,HUANUCO,PUERTO INCA,CODO DEL POZUZO,ISLERIA
100903,HUANUCO,PUERTO INCA,HONORIA,DOS UNIDOS
120301,JUNIN,CHANCHAMAYO,CHANCHAMAYO,MONTERRICO
120302,JUNIN,CHANCHAMAYO,PERENE,PAMPA TIGRE
120606,JUNIN,SATIPO,PANGOA,CUBANTIA
190301,PASCO,OXAPAMPA,OXAPAMPA,PLAYA PAMPA
120605,JUNIN,SATIPO,PAMPA HERMOSA,PAMPA HERMOZA
120602,JUNIN,SATIPO,COVIRIALI,MARISCAL CASTILLA
120606,JUNIN,SATIPO,PANGOA,NUEVA BETANIA
120306,JUNIN,CHANCHAMAYO,VITOC,SAN EMILIO
120606,JUNIN,SATIPO,PANGOA,FORTALEZA
190307,PASCO,OXAPAMPA,VILLA RICA,PUENTE PAUCARTAMBO
120301,JUNIN,CHANCHAMAYO,CHANCHAMAYO,STA. ISABEL ALTO PEN
120301,JUNIN,CHANCHAMAYO,CHANCHAMAYO,P. DEL CARMEN
120607,JUNIN,SATIPO,RIO NEGRO,LA UNION
120305,JUNIN,CHANCHAMAYO,SAN RAMON,LA FLORENCIA
120601,JUNIN,SATIPO,SATIPO,PARATUSHALI
120302,JUNIN,CHANCHAMAYO,PERENE,PTO. YURINAKI
120301,JUNIN,CHANCHAMAYO,CHANCHAMAYO,PAMPA MICHI
120304,JUNIN,CHANCHAMAYO,SAN LUIS DE SHUARO,UNION ANDAHUAYLAS
120607,JUNIN,SATIPO,RIO NEGRO,RIO CHARIDE
120601,JUNIN,SATIPO,SATIPO,LA FLORIDA
120304,JUNIN,CHANCHAMAYO,SAN LUIS DE SHUARO,WISFALIA
120606,JUNIN,SATIPO,PANGOA,STA. ROSA ALTO KIATE
120607,JUNIN,SATIPO,RIO NEGRO,SHAWASHIPANGO
120606,JUNIN,SATIPO,PANGOA,J. MI ARO
120601,JUNIN,SATIPO,SATIPO,MATANPIRI
120305,JUNIN,CHANCHAMAYO,SAN RAMON,YARANGO
120302,JUNIN,CHANCHAMAYO,PERENE,ALTO YURINAKI
120601,JUNIN,SATIPO,SATIPO,BAJO CAPIRO
120606,JUNIN,SATIPO,PANGOA,CHUQUIBAMBILLA
120302,JUNIN,CHANCHAMAYO,PERENE,VILLA NASHIRON
120601,JUNIN,SATIPO,SATIPO,MESOLLATO
120604,JUNIN,SATIPO,MAZAMARI,PAURIALI
120604,JUNIN,SATIPO,MAZAMARI,CHIRIARI
120601,JUNIN,SATIPO,SATIPO,HUANTASHIRI
061110,CAJAMARCA,SAN MIGUEL,SAN GREGORIO,EL MIRADOR
131103,LA LIBERTAD,GRAN CHIMU,MARMOT,PALMA
061110,CAJAMARCA,SAN MIGUEL,SAN GREGORIO,CHAMAN
130401,LA LIBERTAD,CHEPEN,CHEPEN,TALAMBO
131102,LA LIBERTAD,GRAN CHIMU,LUCMA,LUCMA
130702,LA LIBERTAD,PACASMAYO,GUADALUPE,CHAFAN GRANDE
130703,LA LIBERTAD,PACASMAYO,JEQUETEPEQUE,JEQUETEPEQUE
130203,LA LIBERTAD,ASCOPE,CHOCOPE,MOLINO
131103,LA LIBERTAD,GRAN CHIMU,MARMOT,COMPIN
130110,LA LIBERTAD,TRUJILLO,SIMBAL,SIMBAL
130613,LA LIBERTAD,OTUZCO,SINSICAP,SINSICAP
130401,LA LIBERTAD,CHEPEN,CHEPEN,PUENTE MAYTA
130611,LA LIBERTAD,OTUZCO,SALPO,PLAZAPAMPA
130108,LA LIBERTAD,TRUJILLO,POROTO,POROTO
130401,LA LIBERTAD,CHEPEN,CHEPEN,HUACA BLANCA
130403,LA LIBERTAD,CHEPEN,PUEBLO NUEVO,SANTA ROSA
131101,LA LIBERTAD,GRAN CHIMU,CASCAS,PEDEN
160202,LORETO,ALTO AMAZONAS,BALSAPUERTO,014008
160107,LORETO,MAYNAS,NAPO,064005
160404,LORETO,MARISCAL RAMON CASTILLA,SAN PABLO,SAN ANTONIO
160305,LORETO,LORETO,URARINAS,CAYMITUYO
160102,LORETO,MAYNAS,ALTO NANAY,089005
160705,LORETO,DATEM DEL MARAÏ¿½ON,PASTAZA,PIJUAYAL
160211,LORETO,ALTO AMAZONAS,TENIENTE CESAR LOPEZ ROJAS,105005
160705,LORETO,DATEM DEL MARAÏ¿½ON,PASTAZA,SANCHICK
160501,LORETO,REQUENA,REQUENA,VARGAS GUERRA
160303,LORETO,LORETO,TIGRE,PROVINCIA
160103,LORETO,MAYNAS,FERNANDO LORES,NVO. JUNIN
160404,LORETO,MARISCAL RAMON CASTILLA,SAN PABLO,SAN JUAN DE PIRI
160404,LORETO,MARISCAL RAMON CASTILLA,SAN PABLO,ACHUAR
160201,LORETO,ALTO AMAZONAS,YURIMAGUAS,076005
160705,LORETO,DATEM DEL MARAÏ¿½ON,PASTAZA,105008
160505,LORETO,REQUENA,MAQUIA,BERMUDES
160703,LORETO,DATEM DEL MARAÏ¿½ON,MANSERICHE,047008
160108,LORETO,MAYNAS,PUNCHANA,STA. CLOTILDE RIO NANAY
160108,LORETO,MAYNAS,PUNCHANA,035005
160104,LORETO,MAYNAS,INDIANA,033005
160801,LORETO,PUTUMAYO,PUTUMAYO,ANGUSILLA
160801,LORETO,PUTUMAYO,PUTUMAYO,EL ESTRECHO
160304,LORETO,LORETO,TROMPETEROS,CAS. SAVARI
160206,LORETO,ALTO AMAZONAS,LAGUNAS,SN FRANCISCO DEL ALGODNAL
160603,LORETO,UCAYALI,PADRE MARQUEZ,ALFONSO UGARTE
160107,LORETO,MAYNAS,NAPO,047008
160107,LORETO,MAYNAS,NAPO,046005
160107,LORETO,MAYNAS,NAPO,PUERTO ELVIRA
160105,LORETO,MAYNAS,LAS AMAZONAS,000105
160703,LORETO,DATEM DEL MARAÏ¿½ON,MANSERICHE,010008
160401,LORETO,MARISCAL RAMON CASTILLA,RAMON CASTILLA,NUEVA ESPERANZA
160703,LORETO,DATEM DEL MARAÏ¿½ON,MANSERICHE,CHINO CAÏ¿½O
160702,LORETO,DATEM DEL MARAÏ¿½ON,CAHUAPANAS,012008
160701,LORETO,DATEM DEL MARAÏ¿½ON,BARRANCA,067005
160104,LORETO,MAYNAS,INDIANA,021005
160101,LORETO,MAYNAS,IQUITOS,081005
160210,LORETO,ALTO AMAZONAS,SANTA CRUZ,000104
160108,LORETO,MAYNAS,PUNCHANA,021105
160101,LORETO,MAYNAS,IQUITOS,081055
160801,LORETO,PUTUMAYO,PUTUMAYO,NVO. PERU
160101,LORETO,MAYNAS,IQUITOS,TRIUNFO
160701,LORETO,DATEM DEL MARAÏ¿½ON,BARRANCA,INDUSTRIAL
160303,LORETO,LORETO,TIGRE,CUNANBO
160510,LORETO,REQUENA,JENARO HERRERA,YANANPA
160301,LORETO,LORETO,NAUTA,1 DE MAYO
160601,LORETO,UCAYALI,CONTAMANA,CONTAMANILLA
160101,LORETO,MAYNAS,IQUITOS,11605
160507,LORETO,REQUENA,SAQUENA,EL SOL
160106,LORETO,MAYNAS,MAZAN,015005
160107,LORETO,MAYNAS,NAPO,05508
160106,LORETO,MAYNAS,MAZAN,SAN ANTONIO
160102,LORETO,MAYNAS,ALTO NANAY,000104
160504,LORETO,REQUENA,EMILIO SAN MARTIN,VISTA ALEGRE II
160401,LORETO,MARISCAL RAMON CASTILLA,RAMON CASTILLA,VISTA ALEGRE
160103,LORETO,MAYNAS,FERNANDO LORES,PIHUICHO ISLA
160101,LORETO,MAYNAS,IQUITOS,112005
160211,LORETO,ALTO AMAZONAS,TENIENTE CESAR LOPEZ ROJAS,084005
160403,LORETO,MARISCAL RAMON CASTILLA,YAVARI,SANTA TERESA
160101,LORETO,MAYNAS,IQUITOS,000029
160101,LORETO,MAYNAS,IQUITOS,004502
160202,LORETO,ALTO AMAZONAS,BALSAPUERTO,003008
160305,LORETO,LORETO,URARINAS,160305
160702,LORETO,DATEM DEL MARAÏ¿½ON,CAHUAPANAS,METAYA
160305,LORETO,LORETO,URARINAS,ALFONSO UGARTE
160104,LORETO,MAYNAS,INDIANA,TIMICURO II ZONA
160302,LORETO,LORETO,PARINARI,017008
160303,LORETO,LORETO,TIGRE,MARCELLA
160102,LORETO,MAYNAS,ALTO NANAY,023005
160603,LORETO,UCAYALI,PADRE MARQUEZ,MARISCAL CASTILLA
160201,LORETO,ALTO AMAZONAS,YURIMAGUAS,019005
160705,LORETO,DATEM DEL MARAÏ¿½ON,PASTAZA,038008
160101,LORETO,MAYNAS,IQUITOS,024105
160211,LORETO,ALTO AMAZONAS,TENIENTE CESAR LOPEZ ROJAS,060108
160404,LORETO,MARISCAL RAMON CASTILLA,SAN PABLO,ORACIO ZEVALLOS
160401,LORETO,MARISCAL RAMON CASTILLA,RAMON CASTILLA,TANTAU DEL SUMI
160201,LORETO,ALTO AMAZONAS,YURIMAGUAS,021005
160106,LORETO,MAYNAS,MAZAN,021005
160110,LORETO,MAYNAS,TORRES CAUSANA,AUSHIRI
160107,LORETO,MAYNAS,NAPO,ANGOTERO
160501,LORETO,REQUENA,REQUENA,BUEN SAMARITANO
160507,LORETO,REQUENA,SAQUENA,CLAVERO
160303,LORETO,LORETO,TIGRE,SAN JUAN DE BARTRA
160301,LORETO,LORETO,NAUTA,SANTA ROSA
160104,LORETO,MAYNAS,INDIANA,010005
160505,LORETO,REQUENA,MAQUIA,OBRERO II ZONA
160101,LORETO,MAYNAS,IQUITOS,088005
160705,LORETO,DATEM DEL MARAÏ¿½ON,PASTAZA,086005
160402,LORETO,MARISCAL RAMON CASTILLA,PEBAS,SAN JOSE DE MIRI
160402,LORETO,MARISCAL RAMON CASTILLA,PEBAS,SAN JOSE DE PIRI
160507,LORETO,REQUENA,SAQUENA,LIBERTAD
160108,LORETO,MAYNAS,PUNCHANA,030005
160206,LORETO,ALTO AMAZONAS,LAGUNAS,003008
160402,LORETO,MARISCAL RAMON CASTILLA,PEBAS,SABALILLO
160705,LORETO,DATEM DEL MARAÏ¿½ON,PASTAZA,PTO. PIJUAYAL
160705,LORETO,DATEM DEL MARAÏ¿½ON,PASTAZA,CHUINTAR
160107,LORETO,MAYNAS,NAPO,043008
160107,LORETO,MAYNAS,NAPO,056005
160801,LORETO,PUTUMAYO,PUTUMAYO,NVA. ESPERANZA
160605,LORETO,UCAYALI,SARAYACU,NVA. DELICIA
160501,LORETO,REQUENA,REQUENA,HUAMISLA
160503,LORETO,REQUENA,CAPELO,PINTULLACTA
160605,LORETO,UCAYALI,SARAYACU,HUAYUNA
160106,LORETO,MAYNAS,MAZAN,026005
160403,LORETO,MARISCAL RAMON CASTILLA,YAVARI,NVO. ESPERANZA
160106,LORETO,MAYNAS,MAZAN,003005
160107,LORETO,MAYNAS,NAPO,007008
160401,LORETO,MARISCAL RAMON CASTILLA,RAMON CASTILLA,YAHUMA
160401,LORETO,MARISCAL RAMON CASTILLA,RAMON CASTILLA,SAN FRANCISCO
160401,LORETO,MARISCAL RAMON CASTILLA,RAMON CASTILLA,DOS DE MAYO
160101,LORETO,MAYNAS,IQUITOS,095005
160102,LORETO,MAYNAS,ALTO NANAY,035005
160103,LORETO,MAYNAS,FERNANDO LORES,SAN RAFAEL
160401,LORETO,MARISCAL RAMON CASTILLA,RAMON CASTILLA,SAN JUAN CACAO
160506,LORETO,REQUENA,PUINAHUA,BRETA A
160202,LORETO,ALTO AMAZONAS,BALSAPUERTO,PUEBLO JOVEN
160206,LORETO,ALTO AMAZONAS,LAGUNAS,005008
160201,LORETO,ALTO AMAZONAS,YURIMAGUAS,004005
160101,LORETO,MAYNAS,IQUITOS,106004
160101,LORETO,MAYNAS,IQUITOS,014112
160504,LORETO,REQUENA,EMILIO SAN MARTIN,ACURACAY
160401,LORETO,MARISCAL RAMON CASTILLA,RAMON CASTILLA,CUSHILLOCOCHA
160401,LORETO,MARISCAL RAMON CASTILLA,RAMON CASTILLA,BUEN JARDIN
160211,LORETO,ALTO AMAZONAS,TENIENTE CESAR LOPEZ ROJAS,118005
160506,LORETO,REQUENA,PUINAHUA,KUWAIT
160511,LORETO,REQUENA,YAQUERANA,009008
160206,LORETO,ALTO AMAZONAS,LAGUNAS,024005
160402,LORETO,MARISCAL RAMON CASTILLA,PEBAS,BETANIA
160103,LORETO,MAYNAS,FERNANDO LORES,TERRABONA
160402,LORETO,MARISCAL RAMON CASTILLA,PEBAS,ESTIRON
160403,LORETO,MARISCAL RAMON CASTILLA,YAVARI,JAPON
160101,LORETO,MAYNAS,IQUITOS,019005
160601,LORETO,UCAYALI,CONTAMANA,PROGRESO
160606,LORETO,UCAYALI,VARGAS GUERRA,TUMI
160604,LORETO,UCAYALI,PAMPA HERMOSA,ALTO PENILLO
160211,LORETO,ALTO AMAZONAS,TENIENTE CESAR LOPEZ ROJAS,PTO. CACAHUILLO
160301,LORETO,LORETO,NAUTA,CAS. CANAAN
160103,LORETO,MAYNAS,FERNANDO LORES,9 DE DICIEMBRE
160702,LORETO,DATEM DEL MARAÏ¿½ON,CAHUAPANAS,SANTA CRUZ
160304,LORETO,LORETO,TROMPETEROS,PAMPA HERMOZA
160101,LORETO,MAYNAS,IQUITOS,CASRIO NVO. PROGRESO
160401,LORETO,MARISCAL RAMON CASTILLA,RAMON CASTILLA,CERRA
160201,LORETO,ALTO AMAZONAS,YURIMAGUAS,039005
160201,LORETO,ALTO AMAZONAS,YURIMAGUAS,051405
160304,LORETO,LORETO,TROMPETEROS,SANTA ELENA
160705,LORETO,DATEM DEL MARAÏ¿½ON,PASTAZA,UWAMPINTZA
160703,LORETO,DATEM DEL MARAÏ¿½ON,MANSERICHE,SWANSA
160401,LORETO,MARISCAL RAMON CASTILLA,RAMON CASTILLA,MARICHIN
160304,LORETO,LORETO,TROMPETEROS,2 DE MAYO
160401,LORETO,MARISCAL RAMON CASTILLA,RAMON CASTILLA,SAN ANTONIO COCCHIQUINA
160604,LORETO,UCAYALI,PAMPA HERMOSA,NVO. ALAMO
160605,LORETO,UCAYALI,SARAYACU,OCEANIA
160404,LORETO,MARISCAL RAMON CASTILLA,SAN PABLO,SAN JUAN CAMUCHERO
160305,LORETO,LORETO,URARINAS,NAUTA
160201,LORETO,ALTO AMAZONAS,YURIMAGUAS,065005
160404,LORETO,MARISCAL RAMON CASTILLA,SAN PABLO,SAN JUAN DE CAMUCHERO
160505,LORETO,REQUENA,MAQUIA,OCEANIA
160601,LORETO,UCAYALI,CONTAMANA,SAN PABLO DE SINUYA
160506,LORETO,REQUENA,PUINAHUA,SAN JUAN PAUCAR
160102,LORETO,MAYNAS,ALTO NANAY,002105
160404,LORETO,MARISCAL RAMON CASTILLA,SAN PABLO,9 DE OCTUBRE
160101,LORETO,MAYNAS,IQUITOS,090005
160302,LORETO,LORETO,PARINARI,SAN MARTIN DEL TIPISHCA
160501,LORETO,REQUENA,REQUENA,LAGO AVISPA
160202,LORETO,ALTO AMAZONAS,BALSAPUERTO,026108
160201,LORETO,ALTO AMAZONAS,YURIMAGUAS,066005
160105,LORETO,MAYNAS,LAS AMAZONAS,064005
160304,LORETO,LORETO,TROMPETEROS,SANTA ISABEL DE COPAL
160201,LORETO,ALTO AMAZONAS,YURIMAGUAS,045005
160202,LORETO,ALTO AMAZONAS,BALSAPUERTO,005308
160201,LORETO,ALTO AMAZONAS,YURIMAGUAS,048008
160402,LORETO,MARISCAL RAMON CASTILLA,PEBAS,SAN JUAN
160105,LORETO,MAYNAS,LAS AMAZONAS,054005
160511,LORETO,REQUENA,YAQUERANA,QUEBRADA UYUSHIYACU
160501,LORETO,REQUENA,REQUENA,NVO. SAN ANTONIO
160701,LORETO,DATEM DEL MARAÏ¿½ON,BARRANCA,038008
160103,LORETO,MAYNAS,FERNANDO LORES,CHAMBIRA CHICO
160110,LORETO,MAYNAS,TORRES CAUSANA,PANTOJA
160202,LORETO,ALTO AMAZONAS,BALSAPUERTO,033008
160603,LORETO,UCAYALI,PADRE MARQUEZ,ROABOYA
160501,LORETO,REQUENA,REQUENA,013005
160101,LORETO,MAYNAS,IQUITOS,098005
160101,LORETO,MAYNAS,IQUITOS,SANTA CLARA DEL OJEAL
160103,LORETO,MAYNAS,FERNANDO LORES,COMUNIDAD INDUSTRIAL
160604,LORETO,UCAYALI,PAMPA HERMOSA,CANELO
160510,LORETO,REQUENA,JENARO HERRERA,GENARO HERRERA
160301,LORETO,LORETO,NAUTA,VICTOR RAUL
160704,LORETO,DATEM DEL MARAÏ¿½ON,MORONA,025008
160702,LORETO,DATEM DEL MARAÏ¿½ON,CAHUAPANAS,050008
160101,LORETO,MAYNAS,IQUITOS,CABO PANTOJA RIO AMAZON.
160103,LORETO,MAYNAS,FERNANDO LORES,PALESTINA
160701,LORETO,DATEM DEL MARAÏ¿½ON,BARRANCA,000104
160104,LORETO,MAYNAS,INDIANA,029005
160301,LORETO,LORETO,NAUTA,CAS. PAROYATE
160402,LORETO,MARISCAL RAMON CASTILLA,PEBAS,SANTA LUCIA
160402,LORETO,MARISCAL RAMON CASTILLA,PEBAS,BRETANIA
160101,LORETO,MAYNAS,IQUITOS,000024
160101,LORETO,MAYNAS,IQUITOS,160102
160106,LORETO,MAYNAS,MAZAN,PTO YURIMARI
160302,LORETO,LORETO,PARINARI,SANTA ROSA DE LAGARTO
160206,LORETO,ALTO AMAZONAS,LAGUNAS,SENOR DE MILAGROS
160104,LORETO,MAYNAS,INDIANA,042005
160604,LORETO,UCAYALI,PAMPA HERMOSA,CANELOS
160604,LORETO,UCAYALI,PAMPA HERMOSA,PONGO
160101,LORETO,MAYNAS,IQUITOS,LIMON
160511,LORETO,REQUENA,YAQUERANA,BUENAS LOMAS
160301,LORETO,LORETO,NAUTA,NVA. SAN JUAN
160104,LORETO,MAYNAS,INDIANA,043005
160104,LORETO,MAYNAS,INDIANA,000070
160104,LORETO,MAYNAS,INDIANA,028005
160201,LORETO,ALTO AMAZONAS,YURIMAGUAS,061005S
160210,LORETO,ALTO AMAZONAS,SANTA CRUZ,012108
160201,LORETO,ALTO AMAZONAS,YURIMAGUAS,064005
160702,LORETO,DATEM DEL MARAÏ¿½ON,CAHUAPANAS,SANTA ELENA
160702,LORETO,DATEM DEL MARAÏ¿½ON,CAHUAPANAS,PALMICHI
160401,LORETO,MARISCAL RAMON CASTILLA,RAMON CASTILLA,STA ROSA CANO
160510,LORETO,REQUENA,JENARO HERRERA,11 AGOSTO
160101,LORETO,MAYNAS,IQUITOS,016005
160101,LORETO,MAYNAS,IQUITOS,012105
160301,LORETO,LORETO,NAUTA,VILLA CANAN
160401,LORETO,MARISCAL RAMON CASTILLA,RAMON CASTILLA,SAN PEDRO COCO
160401,LORETO,MARISCAL RAMON CASTILLA,RAMON CASTILLA,CAHUADI
160402,LORETO,MARISCAL RAMON CASTILLA,PEBAS,BICO
160101,LORETO,MAYNAS,IQUITOS,000104
160101,LORETO,MAYNAS,IQUITOS,000016
160103,LORETO,MAYNAS,FERNANDO LORES,010005
160506,LORETO,REQUENA,PUINAHUA,VICTORIA
160504,LORETO,REQUENA,EMILIO SAN MARTIN,TUPAC AMARU
160403,LORETO,MARISCAL RAMON CASTILLA,YAVARI,NVA. ESPERANZA
160305,LORETO,LORETO,URARINAS,SANTA CECILIA
160702,LORETO,DATEM DEL MARAÏ¿½ON,CAHUAPANAS,STA ROSA DEL CAHUAPANAS
160201,LORETO,ALTO AMAZONAS,YURIMAGUAS,032005
160107,LORETO,MAYNAS,NAPO,COHOJAYA
160401,LORETO,MARISCAL RAMON CASTILLA,RAMON CASTILLA,NVA. ALIANZA
160301,LORETO,LORETO,NAUTA,SOLTERITO
160504,LORETO,REQUENA,EMILIO SAN MARTIN,PERLITA
160506,LORETO,REQUENA,PUINAHUA,MANCO CAPAC
160201,LORETO,ALTO AMAZONAS,YURIMAGUAS,PUERTO PARAISO
160211,LORETO,ALTO AMAZONAS,TENIENTE CESAR LOPEZ ROJAS,019005
160101,LORETO,MAYNAS,IQUITOS,PAUJIL
160602,LORETO,UCAYALI,INAHUAYA,PACAMAYO
160101,LORETO,MAYNAS,IQUITOS,005402
160202,LORETO,ALTO AMAZONAS,BALSAPUERTO,PPJJ SN. JORGE
160201,LORETO,ALTO AMAZONAS,YURIMAGUAS,061005
160701,LORETO,DATEM DEL MARAÏ¿½ON,BARRANCA,068105
160206,LORETO,ALTO AMAZONAS,LAGUNAS,033008
160102,LORETO,MAYNAS,ALTO NANAY,032105
160103,LORETO,MAYNAS,FERNANDO LORES,BUENA VISTA
160103,LORETO,MAYNAS,FERNANDO LORES,VILLA ASIS
160603,LORETO,UCAYALI,PADRE MARQUEZ,BELLAVISTA
160105,LORETO,MAYNAS,LAS AMAZONAS,048005
160702,LORETO,DATEM DEL MARAÏ¿½ON,CAHUAPANAS,043008
160201,LORETO,ALTO AMAZONAS,YURIMAGUAS,007005
160201,LORETO,ALTO AMAZONAS,YURIMAGUAS,073005
160202,LORETO,ALTO AMAZONAS,BALSAPUERTO,020008
160205,LORETO,ALTO AMAZONAS,JEBEROS,037005
160504,LORETO,REQUENA,EMILIO SAN MARTIN,PTO. LORETO
160101,LORETO,MAYNAS,IQUITOS,058005
160108,LORETO,MAYNAS,PUNCHANA,021005
160705,LORETO,DATEM DEL MARAÏ¿½ON,PASTAZA,048215
160705,LORETO,DATEM DEL MARAÏ¿½ON,PASTAZA,047008
160705,LORETO,DATEM DEL MARAÏ¿½ON,PASTAZA,000204
160205,LORETO,ALTO AMAZONAS,JEBEROS,035005
160210,LORETO,ALTO AMAZONAS,SANTA CRUZ,ACHUAL TIPISHCA
160505,LORETO,REQUENA,MAQUIA,PIURI ISLA
160510,LORETO,REQUENA,JENARO HERRERA,FLORIDA
160101,LORETO,MAYNAS,IQUITOS,012115
160402,LORETO,MARISCAL RAMON CASTILLA,PEBAS,NVO.PEVAS
160402,LORETO,MARISCAL RAMON CASTILLA,PEBAS,ATAHUALPA
160402,LORETO,MARISCAL RAMON CASTILLA,PEBAS,NVO. BREO
160104,LORETO,MAYNAS,INDIANA,034005
160107,LORETO,MAYNAS,NAPO,006008
160101,LORETO,MAYNAS,IQUITOS,032105
160506,LORETO,REQUENA,PUINAHUA,BRETAÏ¿½A
160704,LORETO,DATEM DEL MARAÏ¿½ON,MORONA,000104
160705,LORETO,DATEM DEL MARAÏ¿½ON,PASTAZA,CHURU
160702,LORETO,DATEM DEL MARAÏ¿½ON,CAHUAPANAS,047008
160103,LORETO,MAYNAS,FERNANDO LORES,10 DE DICIEMBRE
160401,LORETO,MARISCAL RAMON CASTILLA,RAMON CASTILLA,GAMBOA
160401,LORETO,MARISCAL RAMON CASTILLA,RAMON CASTILLA,RONDINA I ZONA
160404,LORETO,MARISCAL RAMON CASTILLA,SAN PABLO,SAN MIGUEL
160603,LORETO,UCAYALI,PADRE MARQUEZ,TURUNTAN
160606,LORETO,UCAYALI,VARGAS GUERRA,PACASHANAHUA
160105,LORETO,MAYNAS,LAS AMAZONAS,OROZA
160501,LORETO,REQUENA,REQUENA,SINCHI ROCA
160508,LORETO,REQUENA,SOPLIN,LOBO
160504,LORETO,REQUENA,EMILIO SAN MARTIN,28 DE JULIO
160301,LORETO,LORETO,NAUTA,CANAAN
160305,LORETO,LORETO,URARINAS,JARAHURO
160305,LORETO,LORETO,URARINAS,SANTA ROSA SIMBA
160201,LORETO,ALTO AMAZONAS,YURIMAGUAS,036005
160202,LORETO,ALTO AMAZONAS,BALSAPUERTO,030108
160705,LORETO,DATEM DEL MARAÏ¿½ON,PASTAZA,062308
160702,LORETO,DATEM DEL MARAÏ¿½ON,CAHUAPANAS,084008
160402,LORETO,MARISCAL RAMON CASTILLA,PEBAS,NUEVO PEVAS
160501,LORETO,REQUENA,REQUENA,CURAHUAYTILLO
160104,LORETO,MAYNAS,INDIANA,022005
160101,LORETO,MAYNAS,IQUITOS,063212
160701,LORETO,DATEM DEL MARAÏ¿½ON,BARRANCA,045008
160105,LORETO,MAYNAS,LAS AMAZONAS,NUEVO TACNA
160101,LORETO,MAYNAS,IQUITOS,095103
160505,LORETO,REQUENA,MAQUIA,NUEVO TRUJILLO
160601,LORETO,UCAYALI,CONTAMANA,PUERTO ORIENTE
160601,LORETO,UCAYALI,CONTAMANA,TUMBES
160401,LORETO,MARISCAL RAMON CASTILLA,RAMON CASTILLA,FUJIMORI
160101,LORETO,MAYNAS,IQUITOS,038005
160703,LORETO,DATEM DEL MARAÏ¿½ON,MANSERICHE,015008
160504,LORETO,REQUENA,EMILIO SAN MARTIN,REQUENA
160106,LORETO,MAYNAS,MAZAN,025005
160106,LORETO,MAYNAS,MAZAN,050005
160305,LORETO,LORETO,URARINAS,TAGUAL
160101,LORETO,MAYNAS,IQUITOS,000028
160201,LORETO,ALTO AMAZONAS,YURIMAGUAS,059005
160703,LORETO,DATEM DEL MARAÏ¿½ON,MANSERICHE,039008
160601,LORETO,UCAYALI,CONTAMANA,C. UNION
160510,LORETO,REQUENA,JENARO HERRERA,SAPUENA
160403,LORETO,MARISCAL RAMON CASTILLA,YAVARI,SAN FERNANDO
160301,LORETO,LORETO,NAUTA,SAN ANTONIO
160304,LORETO,LORETO,TROMPETEROS,VALENCIA
160201,LORETO,ALTO AMAZONAS,YURIMAGUAS,CARRT.YGS TPTO KM 19
160210,LORETO,ALTO AMAZONAS,SANTA CRUZ,SHISHINAHUA
160202,LORETO,ALTO AMAZONAS,BALSAPUERTO,000304
160703,LORETO,DATEM DEL MARAÏ¿½ON,MANSERICHE,019005
160101,LORETO,MAYNAS,IQUITOS,136004
160101,LORETO,MAYNAS,IQUITOS,095104
160108,LORETO,MAYNAS,PUNCHANA,000202
160502,LORETO,REQUENA,ALTO TAPICHE,SAN ANTONIO FORTALEZA
160601,LORETO,UCAYALI,CONTAMANA,SAN ROQUE
160105,LORETO,MAYNAS,LAS AMAZONAS,017005
160105,LORETO,MAYNAS,LAS AMAZONAS,CANAC PINTO
160101,LORETO,MAYNAS,IQUITOS,REFORESTACION
160202,LORETO,ALTO AMAZONAS,BALSAPUERTO,SANTA CLARA
160103,LORETO,MAYNAS,FERNANDO LORES,048105
160402,LORETO,MARISCAL RAMON CASTILLA,PEBAS,SAN MARTIN
160107,LORETO,MAYNAS,NAPO,010105
160502,LORETO,REQUENA,ALTO TAPICHE,CANCHALAGUA
160201,LORETO,ALTO AMAZONAS,YURIMAGUAS,033005
160705,LORETO,DATEM DEL MARAÏ¿½ON,PASTAZA,NUEVO PERU
160101,LORETO,MAYNAS,IQUITOS,021305
160101,LORETO,MAYNAS,IQUITOS,041104
160101,LORETO,MAYNAS,IQUITOS,008005
160602,LORETO,UCAYALI,INAHUAYA,SAN JOSE
160107,LORETO,MAYNAS,NAPO,HUMANDI
160402,LORETO,MARISCAL RAMON CASTILLA,PEBAS,REMANSO
160701,LORETO,DATEM DEL MARAÏ¿½ON,BARRANCA,005008
160202,LORETO,ALTO AMAZONAS,BALSAPUERTO,056008
160202,LORETO,ALTO AMAZONAS,BALSAPUERTO,046108
160101,LORETO,MAYNAS,IQUITOS,049105
160108,LORETO,MAYNAS,PUNCHANA,000101
160103,LORETO,MAYNAS,FERNANDO LORES,047105
160510,LORETO,REQUENA,JENARO HERRERA,PUMACAHUA
160101,LORETO,MAYNAS,IQUITOS,000025
160105,LORETO,MAYNAS,LAS AMAZONAS,CANAL PINTO
160404,LORETO,MARISCAL RAMON CASTILLA,SAN PABLO,CAJOCUMA
160206,LORETO,ALTO AMAZONAS,LAGUNAS,020008
160202,LORETO,ALTO AMAZONAS,BALSAPUERTO,008008
160206,LORETO,ALTO AMAZONAS,LAGUNAS,021005
160705,LORETO,DATEM DEL MARAÏ¿½ON,PASTAZA,093108
160511,LORETO,REQUENA,YAQUERANA,SAN MATEO
160501,LORETO,REQUENA,REQUENA,REQUENILLO
160705,LORETO,DATEM DEL MARAÏ¿½ON,PASTAZA,096008
160705,LORETO,DATEM DEL MARAÏ¿½ON,PASTAZA,097008
160601,LORETO,UCAYALI,CONTAMANA,NVO. PROGRESO
160305,LORETO,LORETO,URARINAS,032005
081203,CUSCO,QUISPICANCHI,CAMANTI,QUINCE MIL
170102,MADRE DE DIOS,TAMBOPATA,INAMBARI,PUERTO CARLOS
170102,MADRE DE DIOS,TAMBOPATA,INAMBARI,QUEBRADA SECA
170203,MADRE DE DIOS,MANU,MADRE DE DIOS,SAN JOSE DEL KARENE
170303,MADRE DE DIOS,TAHUAMANU,TAHUAMANU,FLORESTA
170102,MADRE DE DIOS,TAMBOPATA,INAMBARI,SANTA RITA
170301,MADRE DE DIOS,TAHUAMANU,IÏ¿½APARI,NOAYA
170101,MADRE DE DIOS,TAMBOPATA,TAMBOPATA,UNION PROGRESO
170103,MADRE DE DIOS,TAMBOPATA,LAS PIEDRAS,PRIMERO DE MAYO
170104,MADRE DE DIOS,TAMBOPATA,LABERINTO,PLAYA ALTA
170203,MADRE DE DIOS,MANU,MADRE DE DIOS,PACAL
170101,MADRE DE DIOS,TAMBOPATA,TAMBOPATA,KM. 24 CUSCO MALDONADO
170203,MADRE DE DIOS,MANU,MADRE DE DIOS,MANSILLA
170104,MADRE DE DIOS,TAMBOPATA,LABERINTO,COM. SAN JUAN
170103,MADRE DE DIOS,TAMBOPATA,LAS PIEDRAS,BAJO ALEGRIA
170103,MADRE DE DIOS,TAMBOPATA,LAS PIEDRAS,MONTE REY
170201,MADRE DE DIOS,MANU,MANU,SAN JUAN GRANDE
170203,MADRE DE DIOS,MANU,MADRE DE DIOS,BARRANCO CHICO
170203,MADRE DE DIOS,MANU,MADRE DE DIOS,PA ACOCHA
170203,MADRE DE DIOS,MANU,MADRE DE DIOS,YUNGUYO
170102,MADRE DE DIOS,TAMBOPATA,INAMBARI,PUENTE INAMBARI
170302,MADRE DE DIOS,TAHUAMANU,IBERIA,BARRIO MATUTE
170102,MADRE DE DIOS,TAMBOPATA,INAMBARI,PALMERAS
170203,MADRE DE DIOS,MANU,MADRE DE DIOS,ALTO PUQUIRI
170203,MADRE DE DIOS,MANU,MADRE DE DIOS,HUEPETUHE
170102,MADRE DE DIOS,TAMBOPATA,INAMBARI,PUNQUIRI
170203,MADRE DE DIOS,MANU,MADRE DE DIOS,NUEVA MANSILLA
170203,MADRE DE DIOS,MANU,MADRE DE DIOS,HUASOROQUITO
170104,MADRE DE DIOS,TAMBOPATA,LABERINTO,LAGARTO
170202,MADRE DE DIOS,MANU,FITZCARRALD,PICHITIARI
170303,MADRE DE DIOS,TAHUAMANU,TAHUAMANU,VILLA ROCIO
170103,MADRE DE DIOS,TAMBOPATA,LAS PIEDRAS,10 DE MAYO
170103,MADRE DE DIOS,TAMBOPATA,LAS PIEDRAS,KM 96
170103,MADRE DE DIOS,TAMBOPATA,LAS PIEDRAS,RIO HUASCAR
190304,PASCO,OXAPAMPA,PALCAZU,BUENOS AIRES
190306,PASCO,OXAPAMPA,PUERTO BERMUDEZ,CAHUAPANAS
120304,JUNIN,CHANCHAMAYO,SAN LUIS DE SHUARO,STA HERMINIA PALOMAR
190306,PASCO,OXAPAMPA,PUERTO BERMUDEZ,PUERTO BELEN
190306,PASCO,OXAPAMPA,PUERTO BERMUDEZ,CHINCHIHUANI
190301,PASCO,OXAPAMPA,OXAPAMPA,PUCUY
190304,PASCO,OXAPAMPA,PALCAZU,SANRA ROSA DE CHUCHURAS
190306,PASCO,OXAPAMPA,PUERTO BERMUDEZ,QUIRISHARI
190306,PASCO,OXAPAMPA,PUERTO BERMUDEZ,NUEVA UNION
190307,PASCO,OXAPAMPA,VILLA RICA,SAN PEDRO
190304,PASCO,OXAPAMPA,PALCAZU,QUEBRADA ONDA
190307,PASCO,OXAPAMPA,VILLA RICA,OCONAL
190301,PASCO,OXAPAMPA,OXAPAMPA,ALTO PLAYAPAMPA
190306,PASCO,OXAPAMPA,PUERTO BERMUDEZ,PUERTO AMISTAD
190305,PASCO,OXAPAMPA,POZUZO,YANAHUANCA
190304,PASCO,OXAPAMPA,PALCAZU,MASUHUAZU
190306,PASCO,OXAPAMPA,PUERTO BERMUDEZ,UNION SIRIA
190305,PASCO,OXAPAMPA,POZUZO,BUENAVISTA
190305,PASCO,OXAPAMPA,POZUZO,CAÏ¿½ACHACRA
190306,PASCO,OXAPAMPA,PUERTO BERMUDEZ,LA VIÏ¿½A
190306,PASCO,OXAPAMPA,PUERTO BERMUDEZ,NUEVA ESPERANZA
190305,PASCO,OXAPAMPA,POZUZO,AGUA BLANCA
190306,PASCO,OXAPAMPA,PUERTO BERMUDEZ,ALTO QUIRISHARI
190306,PASCO,OXAPAMPA,PUERTO BERMUDEZ,CARACHAMA
190306,PASCO,OXAPAMPA,PUERTO BERMUDEZ,ALTO LORENCILLO
211201,PUNO,SANDIA,SANDIA,COTANI
211209,PUNO,SANDIA,ALTO INAMBARI,PUTUMAYO
211209,PUNO,SANDIA,ALTO INAMBARI,ISILLUMA
240105,TUMBES,TUMBES,SAN JACINTO,TENIENTE ASTETE
240101,TUMBES,TUMBES,TUMBES,BARRIO PUEBLO NUEVO
240301,TUMBES,ZARUMILLA,ZARUMILLA,EL BENDITO
100904,HUANUCO,PUERTO INCA,TOURNAVISTA,CAS. FUNDO AMERICA KM.27
100903,HUANUCO,PUERTO INCA,HONORIA,CAS. ZUNGARO
100904,HUANUCO,PUERTO INCA,TOURNAVISTA,CASERIO BOA KM. 50 CMS
100903,HUANUCO,PUERTO INCA,HONORIA,KM. 9 CMS.MACUYA
100904,HUANUCO,PUERTO INCA,TOURNAVISTA,CAS. INDOAMERICA
100904,HUANUCO,PUERTO INCA,TOURNAVISTA,KM. 24 INTERIOR HUANUCO
100904,HUANUCO,PUERTO INCA,TOURNAVISTA,VILLA MERCEDES KM. 23
100903,HUANUCO,PUERTO INCA,HONORIA,INT. KM. 30 CMS
100903,HUANUCO,PUERTO INCA,HONORIA,KM. 12 ALTO MACUYA
250302,UCAYALI,PADRE ABAD,IRAZOLA,LA UNION KM. 72
250104,UCAYALI,CORONEL PORTILLO,MASISEA,CC.NN. NUEVA UNION
250104,UCAYALI,CORONEL PORTILLO,MASISEA,STA.ROSA DE MASISEA
250301,UCAYALI,PADRE ABAD,PADRE ABAD,CASERIO SAN JUAN
250101,UCAYALI,CORONEL PORTILLO,CALLERIA,NUEVO SAN JUAN
250101,UCAYALI,CORONEL PORTILLO,CALLERIA,SANTA CARMELA
250301,UCAYALI,PADRE ABAD,PADRE ABAD,SANTA ANITA
250301,UCAYALI,PADRE ABAD,PADRE ABAD,PACAILLO
250103,UCAYALI,CORONEL PORTILLO,IPARIA,PUERTO MARGARITA
250103,UCAYALI,CORONEL PORTILLO,IPARIA,VISTA ALEGRE
250104,UCAYALI,CORONEL PORTILLO,MASISEA,CAIMITO
250202,UCAYALI,ATALAYA,SEPAHUA,DORADO
250201,UCAYALI,ATALAYA,RAIMONDI,JAURASHI
250204,UCAYALI,ATALAYA,YURUA,DULCE GLORIA
250101,UCAYALI,CORONEL PORTILLO,CALLERIA,CASERIO JOSE OLAYA
250302,UCAYALI,PADRE ABAD,IRAZOLA,ZUNGARO YACO KM. 86
250303,UCAYALI,PADRE ABAD,CURIMANA,CASERIO ZORRILLOS
250101,UCAYALI,CORONEL PORTILLO,CALLERIA,CAS.NVA. UTIQUINIA
250101,UCAYALI,CORONEL PORTILLO,CALLERIA,ANTIGUO SAN ANTONIO
250104,UCAYALI,CORONEL PORTILLO,MASISEA,FRATERNIDAD
250105,UCAYALI,CORONEL PORTILLO,YARINACOCHA,CC.NN. LORETO YARINA
250101,UCAYALI,CORONEL PORTILLO,CALLERIA,CASERIO PARINARI
250201,UCAYALI,ATALAYA,RAIMONDI,CC.NN.BAJO TARIZA
250303,UCAYALI,PADRE ABAD,CURIMANA,VILLA DEL CAMPO
250101,UCAYALI,CORONEL PORTILLO,CALLERIA,COLONIA CALLERIA
250101,UCAYALI,CORONEL PORTILLO,CALLERIA,C.F.B. KM.7
250102,UCAYALI,CORONEL PORTILLO,CAMPOVERDE,CAS. MANCO CAPAC
250203,UCAYALI,ATALAYA,TAHUANIA,CASERIO MILAGROS
250302,UCAYALI,PADRE ABAD,IRAZOLA,CAS. MACUYA KM 12
250302,UCAYALI,PADRE ABAD,IRAZOLA,SAN ALEJNADRO
250201,UCAYALI,ATALAYA,RAIMONDI,FUNDO PARAISO
250101,UCAYALI,CORONEL PORTILLO,CALLERIA,CAS.STA.ISABEL BAHUANISH
250101,UCAYALI,CORONEL PORTILLO,CALLERIA,CAS. STO.DOMINGO
250103,UCAYALI,CORONEL PORTILLO,IPARIA,CC.NN. NVO. AHUAYPA
250201,UCAYALI,ATALAYA,RAIMONDI,CC.NN. PIQUIRI
250203,UCAYALI,ATALAYA,TAHUANIA,CC.NN. FLOR DE MAYO
250302,UCAYALI,PADRE ABAD,IRAZOLA,CAS. LA UNION KM. 75
250105,UCAYALI,CORONEL PORTILLO,YARINACOCHA,CAS. NUEVO SAN JUAN
250201,UCAYALI,ATALAYA,RAIMONDI,OBENTENI
250301,UCAYALI,PADRE ABAD,PADRE ABAD,ALTO YURAC
250302,UCAYALI,PADRE ABAD,IRAZOLA,SAN PEDRO DE CHIO
250302,UCAYALI,PADRE ABAD,IRAZOLA,KM. 71
250101,UCAYALI,CORONEL PORTILLO,CALLERIA,CASERIO NVA. LUZ
250101,UCAYALI,CORONEL PORTILLO,CALLERIA,CAS. TARAHUACA
250102,UCAYALI,CORONEL PORTILLO,CAMPOVERDE,C.F.B. KM. 17
250102,UCAYALI,CORONEL PORTILLO,CAMPOVERDE,C.F.B.KM.24 SR.MILAGROS
250103,UCAYALI,CORONEL PORTILLO,IPARIA,PUERTO NUEVO
250104,UCAYALI,CORONEL PORTILLO,MASISEA,CAS.JUVENTUD SAN RAFAEL
250202,UCAYALI,ATALAYA,SEPAHUA,CC.NN. MIARIA
250301,UCAYALI,PADRE ABAD,PADRE ABAD,C.P.M. STA. ROSA
250105,UCAYALI,CORONEL PORTILLO,YARINACOCHA,JR. UCAYALI MZ.1 1 TUSHMO
250301,UCAYALI,PADRE ABAD,PADRE ABAD,CASS. SHAMBILLO
250102,UCAYALI,CORONEL PORTILLO,CAMPOVERDE,KM. 15 CAS. TUPAC AMARU
250301,UCAYALI,PADRE ABAD,PADRE ABAD,KM.95 C.F.B.ASUNCION AGUA
250102,UCAYALI,CORONEL PORTILLO,CAMPOVERDE,CAS.ANT. RAYMOMDI KM.19
250101,UCAYALI,CORONEL PORTILLO,CALLERIA,CAS.MANCO CAPAC KM. 09
250102,UCAYALI,CORONEL PORTILLO,CAMPOVERDE,CARR. TOURNAVISTA KM. 45
250105,UCAYALI,CORONEL PORTILLO,YARINACOCHA,JR. 02 DE MAYO S N
250104,UCAYALI,CORONEL PORTILLO,MASISEA,CASERIO ABUJAO
250201,UCAYALI,ATALAYA,RAIMONDI,CHICOSA
250104,UCAYALI,CORONEL PORTILLO,MASISEA,CASERIO SAN JORGE
250103,UCAYALI,CORONEL PORTILLO,IPARIA,CACO MACAYA
250103,UCAYALI,CORONEL PORTILLO,IPARIA,P.S. CURIACA DEL CACO
250101,UCAYALI,CORONEL PORTILLO,CALLERIA,CASERIO NVO.UTIQUINIA
250101,UCAYALI,CORONEL PORTILLO,CALLERIA,CAS.BAJO SAN MARCOS
250105,UCAYALI,CORONEL PORTILLO,YARINACOCHA,AA.HH.VIRGEN DE LOURDES
250101,UCAYALI,CORONEL PORTILLO,CALLERIA,QUEBRADA MAZARAY ALTO UCA
250201,UCAYALI,ATALAYA,RAIMONDI,OBENTENI PANCHURI
250105,UCAYALI,CORONEL PORTILLO,YARINACOCHA,AA.HH.JOSE OLAYA MZ.C
250302,UCAYALI,PADRE ABAD,IRAZOLA,CAS. SAN MARTIN
250101,UCAYALI,CORONEL PORTILLO,CALLERIA,A.H. LA MOLINA 6620
250201,UCAYALI,ATALAYA,RAIMONDI,LA FLORESTA
250104,UCAYALI,CORONEL PORTILLO,MASISEA,CAS.STA.ELISA
250201,UCAYALI,ATALAYA,RAIMONDI,RIMAC
250101,UCAYALI,CORONEL PORTILLO,CALLERIA,CAS.PALESTINA
250301,UCAYALI,PADRE ABAD,PADRE ABAD,AGUYTIA
250104,UCAYALI,CORONEL PORTILLO,MASISEA,CAS.VISTA ALEGRE
250302,UCAYALI,PADRE ABAD,IRAZOLA,CAS.NOV.UCAYALI
250201,UCAYALI,ATALAYA,RAIMONDI,CC.NN. CHICOSA
250203,UCAYALI,ATALAYA,TAHUANIA,CC.NN. PARAISO
250105,UCAYALI,CORONEL PORTILLO,YARINACOCHA,A.H.LAS PERLAS
250101,UCAYALI,CORONEL PORTILLO,CALLERIA,TIRUNTAN
250201,UCAYALI,ATALAYA,RAIMONDI,CAS. CHICOSILLO
250101,UCAYALI,CORONEL PORTILLO,CALLERIA,AAHH. MAYA DE BRITO MZ 4
250101,UCAYALI,CORONEL PORTILLO,CALLERIA,C.F.B. KM 6
250104,UCAYALI,CORONEL PORTILLO,MASISEA,SAN PEDRO
250204,UCAYALI,ATALAYA,YURUA,CAS. SAHUAO
250102,UCAYALI,CORONEL PORTILLO,CAMPOVERDE,CAS. NUEVO BELEN KM.15
250102,UCAYALI,CORONEL PORTILLO,CAMPOVERDE,CASERIO PORVENIR
250101,UCAYALI,CORONEL PORTILLO,CALLERIA,CAS. SAN MIGUEL
250201,UCAYALI,ATALAYA,RAIMONDI,CC.NN. JANTENI
250104,UCAYALI,CORONEL PORTILLO,MASISEA,CASERIO CHARASMANA
250104,UCAYALI,CORONEL PORTILLO,MASISEA,CC.NN. STA.ROSA DINAMARCA
250201,UCAYALI,ATALAYA,RAIMONDI,CAS. AERIJA
250102,UCAYALI,CORONEL PORTILLO,CAMPOVERDE,CAS.HIERBA BUENA KM.38CFB
250105,UCAYALI,CORONEL PORTILLO,YARINACOCHA,CASERIO NVA.LUZ FATIMA
250302,UCAYALI,PADRE ABAD,IRAZOLA,KM. 68 C.F.B.
250102,UCAYALI,CORONEL PORTILLO,CAMPOVERDE,PAMPAS VERDE KM. 24
250101,UCAYALI,CORONEL PORTILLO,CALLERIA,CASERIO ISLA PROGRESO
250105,UCAYALI,CORONEL PORTILLO,YARINACOCHA,CASERIO NVA.ESPERANZA PAN
250301,UCAYALI,PADRE ABAD,PADRE ABAD,CASERIO SANTA ANITA
250301,UCAYALI,PADRE ABAD,PADRE ABAD,RIO NEGRO
250201,UCAYALI,ATALAYA,RAIMONDI,C.N. BAJO TARIZA
250201,UCAYALI,ATALAYA,RAIMONDI,C.N. QUEMPORQUISHI
250203,UCAYALI,ATALAYA,TAHUANIA,VIA PUBLICA
250101,UCAYALI,CORONEL PORTILLO,CALLERIA,UTUQUINIA BAJO UCAYALI
250105,UCAYALI,CORONEL PORTILLO,YARINACOCHA,JR. LOBO CAÏ¿½O 145
250105,UCAYALI,CORONEL PORTILLO,YARINACOCHA,CASERIO 07 DE JUNIO
250104,UCAYALI,CORONEL PORTILLO,MASISEA,SANTA FE DE INAMAPUYA
250104,UCAYALI,CORONEL PORTILLO,MASISEA,CASERIO PALMERA
250203,UCAYALI,ATALAYA,TAHUANIA,CC.NN. QUEMPITIAN
250201,UCAYALI,ATALAYA,RAIMONDI,ALTO CHENCORENI
250201,UCAYALI,ATALAYA,RAIMONDI,BAJO CHENCORENI
250201,UCAYALI,ATALAYA,RAIMONDI,CC.NN. OJEAYO
250101,UCAYALI,CORONEL PORTILLO,CALLERIA,STA.CARMELA
250101,UCAYALI,CORONEL PORTILLO,CALLERIA,PTO.NVA.ALIANZA
250101,UCAYALI,CORONEL PORTILLO,CALLERIA,C.N. LIMON GEMA
250101,UCAYALI,CORONEL PORTILLO,CALLERIA,CAS.STO.DGO.MASHANGAY
250101,UCAYALI,CORONEL PORTILLO,CALLERIA,YANAMAYO
250201,UCAYALI,ATALAYA,RAIMONDI,CC.NN. MISION UNINI
250104,UCAYALI,CORONEL PORTILLO,MASISEA,PTO. CONSUELO
250201,UCAYALI,ATALAYA,RAIMONDI,CC.NN. BAJANTONI
250101,UCAYALI,CORONEL PORTILLO,CALLERIA,CASERIO NUEVO SAN JUAN
250302,UCAYALI,PADRE ABAD,IRAZOLA,C.F.B. KM. 90
250301,UCAYALI,PADRE ABAD,PADRE ABAD,SHAMBILLO BOQUERON
250301,UCAYALI,PADRE ABAD,PADRE ABAD,SANTA ANITA  RIO ABAJO
250104,UCAYALI,CORONEL PORTILLO,MASISEA,NUEVO MEXICO
250104,UCAYALI,CORONEL PORTILLO,MASISEA,PUERTO MASISEA
250105,UCAYALI,CORONEL PORTILLO,YARINACOCHA,ESPERANZA PANAILLO
250301,UCAYALI,PADRE ABAD,PADRE ABAD,ALTO AGUAYTIA
250204,UCAYALI,ATALAYA,YURUA,CC.NN. DULCE GLORIA
250101,UCAYALI,CORONEL PORTILLO,CALLERIA,JUAN VELASCO
250101,UCAYALI,CORONEL PORTILLO,CALLERIA,CASERIO PATRIA NUEVA
250302,UCAYALI,PADRE ABAD,IRAZOLA,SINCHI ROCA
250302,UCAYALI,PADRE ABAD,IRAZOLA,CASERIO VALLE LOREYDO
250103,UCAYALI,CORONEL PORTILLO,IPARIA,ANTIGUO AHUAYPA
250106,UCAYALI,CORONEL PORTILLO,NUEVA REQUENA,NUEVO PIURA
250105,UCAYALI,CORONEL PORTILLO,YARINACOCHA,CAS.ALFONSO UGARTE
250105,UCAYALI,CORONEL PORTILLO,YARINACOCHA,CAS.PADRE BERNARDO
250102,UCAYALI,CORONEL PORTILLO,CAMPOVERDE,CAS.ANTONIO RAYMONDI
250105,UCAYALI,CORONEL PORTILLO,YARINACOCHA,NUEVA ALEJANDRIA Y.C.
250101,UCAYALI,CORONEL PORTILLO,CALLERIA,CC.NN. RAMAL
250102,UCAYALI,CORONEL PORTILLO,CAMPOVERDE,C.F.B. KM. 40 LOS ANGELES
250101,UCAYALI,CORONEL PORTILLO,CALLERIA,NUEVO UCAYALI
220705,SAN MARTIN,PICOTA,PUCACACA,COMUNIDAD DE TRAPICHE
250201,UCAYALI,ATALAYA,RAIMONDI,CHENCORENI
250203,UCAYALI,ATALAYA,TAHUANIA,CC.NN. SEMPAYA
250201,UCAYALI,ATALAYA,RAIMONDI,CC.NN. RIMA
250101,UCAYALI,CORONEL PORTILLO,CALLERIA,CASERIO MANGUAL
250201,UCAYALI,ATALAYA,RAIMONDI,CC.NN. MAJONTONI
250204,UCAYALI,ATALAYA,YURUA,RIO YURUA
250101,UCAYALI,CORONEL PORTILLO,CALLERIA,SARGENTO LORES
250101,UCAYALI,CORONEL PORTILLO,CALLERIA,CASERIO ALFONSO UGARTE
250101,UCAYALI,CORONEL PORTILLO,CALLERIA,RIO SANTA ISABEL
250102,UCAYALI,CORONEL PORTILLO,CAMPOVERDE,SR. DE LOS MILAGROS
250102,UCAYALI,CORONEL PORTILLO,CAMPOVERDE,MERCED DE NESHUYA
250101,UCAYALI,CORONEL PORTILLO,CALLERIA,SAN ANTONIO
250302,UCAYALI,PADRE ABAD,IRAZOLA,KM. 18
250106,UCAYALI,CORONEL PORTILLO,NUEVA REQUENA,CAR. NUEVA REQUENA
250101,UCAYALI,CORONEL PORTILLO,CALLERIA,CASERIO ESPINAR
250302,UCAYALI,PADRE ABAD,IRAZOLA,CHACRA BUENOS AIRES
250101,UCAYALI,CORONEL PORTILLO,CALLERIA,NUEVO SAPOSOA
250301,UCAYALI,PADRE ABAD,PADRE ABAD,MICAELA SHAMBILLO
250201,UCAYALI,ATALAYA,RAIMONDI,COCANI
250201,UCAYALI,ATALAYA,RAIMONDI,MAPALCA
250103,UCAYALI,CORONEL PORTILLO,IPARIA,ORILLA DEL RIO  CURIACA
250203,UCAYALI,ATALAYA,TAHUANIA,SANTA ISABEL
250201,UCAYALI,ATALAYA,RAIMONDI,AERIJA
250201,UCAYALI,ATALAYA,RAIMONDI,CC.NN. SHIMAY
250201,UCAYALI,ATALAYA,RAIMONDI,CC.NN. CHICOSILLA
250201,UCAYALI,ATALAYA,RAIMONDI,ESCUELA AERIJA
250103,UCAYALI,CORONEL PORTILLO,IPARIA,ATAHUALPA TABACOA
250102,UCAYALI,CORONEL PORTILLO,CAMPOVERDE,C.F.B. KM. 28
250101,UCAYALI,CORONEL PORTILLO,CALLERIA,BETANIA
250101,UCAYALI,CORONEL PORTILLO,CALLERIA,CHACRA SANTA TERESA
250101,UCAYALI,CORONEL PORTILLO,CALLERIA,CASERIO BETANIA POZO
200114,PIURA,PIURA,TAMBO GRANDE,CP 16
200803,PIURA,SECHURA,BERNAL,BERNAL
200303,PIURA,HUANCABAMBA,EL CARMEN DE LA FRONTERA,EL CARMEN
200303,PIURA,HUANCABAMBA,EL CARMEN DE LA FRONTERA,PAN DE AZUCAR
200405,PIURA,MORROPON,MORROPON,ZAPOTAL
200405,PIURA,MORROPON,MORROPON,RENTERIA
010401,AMAZONAS,CONDORCANQUI,NIEVA,KAYACUCHA
010403,AMAZONAS,CONDORCANQUI,RIO SANTIAGO,HUABAL
010401,AMAZONAS,CONDORCANQUI,NIEVA,KINGKING
010401,AMAZONAS,CONDORCANQUI,NIEVA,AYAKUSHA
010402,AMAZONAS,CONDORCANQUI,EL CENEPA,NUMPATKAIM
010403,AMAZONAS,CONDORCANQUI,RIO SANTIAGO,HUAYABAL
010401,AMAZONAS,CONDORCANQUI,NIEVA,JAPAIM ESCUELA
010205,AMAZONAS,BAGUA,IMAZA,KUSU CHAPI
010403,AMAZONAS,CONDORCANQUI,RIO SANTIAGO,KATERPIZA
010402,AMAZONAS,CONDORCANQUI,EL CENEPA,MAMAYAQUE
010401,AMAZONAS,CONDORCANQUI,NIEVA,PAJATUCASA
010403,AMAZONAS,CONDORCANQUI,RIO SANTIAGO,CEREZA
010604,AMAZONAS,RODRIGUEZ DE MENDOZA,HUAMBO,DIPA
010705,AMAZONAS,UTCUBAMBA,JAMALCA,GO_A
060311,CAJAMARCA,CELENDIN,UTCO,SHUCAMAYO
010402,AMAZONAS,CONDORCANQUI,EL CENEPA,PAGATA
010205,AMAZONAS,BAGUA,IMAZA,ALTO PAKUIT
010202,AMAZONAS,BAGUA,ARAMANGO,TUTUMBEROS CIVIL
010312,AMAZONAS,BONGARA,YAMBRASBAMBA,PROGRESO
010205,AMAZONAS,BAGUA,IMAZA,NAYUMPING
010403,AMAZONAS,CONDORCANQUI,RIO SANTIAGO,KANDUNOS
010205,AMAZONAS,BAGUA,IMAZA,KUNCHIA
010402,AMAZONAS,CONDORCANQUI,EL CENEPA,SHAIT
010403,AMAZONAS,CONDORCANQUI,RIO SANTIAGO,PAMPAENTZA
010401,AMAZONAS,CONDORCANQUI,NIEVA,TUNANTS
010401,AMAZONAS,CONDORCANQUI,NIEVA,ALTA KANAMPA
010205,AMAZONAS,BAGUA,IMAZA,NUEVO CHOTA
010205,AMAZONAS,BAGUA,IMAZA,TUPAC AMARU
010205,AMAZONAS,BAGUA,IMAZA,PANTANA
010205,AMAZONAS,BAGUA,IMAZA,TUEMANUS
010401,AMAZONAS,CONDORCANQUI,NIEVA,NUEVO SEASMI
010205,AMAZONAS,BAGUA,IMAZA,BAKANS
010402,AMAZONAS,CONDORCANQUI,EL CENEPA,KUSU KUBAIM
010703,AMAZONAS,UTCUBAMBA,CUMBA,TAGTAGO
010205,AMAZONAS,BAGUA,IMAZA,CHIKEIS
010306,AMAZONAS,BONGARA,FLORIDA,POMACOCHAS
010401,AMAZONAS,CONDORCANQUI,NIEVA,CIRO ALEGRIA
010403,AMAZONAS,CONDORCANQUI,RIO SANTIAGO,LA POSA
010205,AMAZONAS,BAGUA,IMAZA,WAWAIN
010205,AMAZONAS,BAGUA,IMAZA,BICHIN
010401,AMAZONAS,CONDORCANQUI,NIEVA,KINKIS
010205,AMAZONAS,BAGUA,IMAZA,CHIKAIS
010402,AMAZONAS,CONDORCANQUI,EL CENEPA,WAWAIM
010403,AMAZONAS,CONDORCANQUI,RIO SANTIAGO,CHISICA
010403,AMAZONAS,CONDORCANQUI,RIO SANTIAGO,SHIRINGA
010205,AMAZONAS,BAGUA,IMAZA,NAYUMPIS
010401,AMAZONAS,CONDORCANQUI,NIEVA,DATENZA
010401,AMAZONAS,CONDORCANQUI,NIEVA,BAJO KANAMPA
010205,AMAZONAS,BAGUA,IMAZA,DUSHI
010205,AMAZONAS,BAGUA,IMAZA,YUPIKUSA
010403,AMAZONAS,CONDORCANQUI,RIO SANTIAGO,PASHKUS
010403,AMAZONAS,CONDORCANQUI,RIO SANTIAGO,SAN RAFAEL
010401,AMAZONAS,CONDORCANQUI,NIEVA,PUMPUSHAKI
010401,AMAZONAS,CONDORCANQUI,NIEVA,ALTO KANAMPA
010401,AMAZONAS,CONDORCANQUI,NIEVA,ALTO CANAMPA
010205,AMAZONAS,BAGUA,IMAZA,TEESH
010401,AMAZONAS,CONDORCANQUI,NIEVA,ALTO TAYUNSA
010403,AMAZONAS,CONDORCANQUI,RIO SANTIAGO,CHILIN
010401,AMAZONAS,CONDORCANQUI,NIEVA,ALTO KUTUIN
010401,AMAZONAS,CONDORCANQUI,NIEVA,KINKIGS
010401,AMAZONAS,CONDORCANQUI,NIEVA,PAMPAENTZA
010401,AMAZONAS,CONDORCANQUI,NIEVA,ACHUAGA
010401,AMAZONAS,CONDORCANQUI,NIEVA,CACHIACO
010402,AMAZONAS,CONDORCANQUI,EL CENEPA,KUSU KUWAIN
010402,AMAZONAS,CONDORCANQUI,EL CENEPA,SUSUCOWAIN
010402,AMAZONAS,CONDORCANQUI,EL CENEPA,TUAINSA
010701,AMAZONAS,UTCUBAMBA,BAGUA GRANDE,DLETA
010205,AMAZONAS,BAGUA,IMAZA,KUNCHIN
010202,AMAZONAS,BAGUA,ARAMANGO,SELVA VERDE
010705,AMAZONAS,UTCUBAMBA,JAMALCA,PURURCO
010202,AMAZONAS,BAGUA,ARAMANGO,SHAIM
010401,AMAZONAS,CONDORCANQUI,NIEVA,ALTO IPACUMA
010401,AMAZONAS,CONDORCANQUI,NIEVA,CHIANGOS
010401,AMAZONAS,CONDORCANQUI,NIEVA,TUNANZA
010402,AMAZONAS,CONDORCANQUI,EL CENEPA,SUWA PAGKI
010402,AMAZONAS,CONDORCANQUI,EL CENEPA,TIWINZA
010402,AMAZONAS,CONDORCANQUI,EL CENEPA,PUCALLPA
010205,AMAZONAS,BAGUA,IMAZA,DAPINSA
010205,AMAZONAS,BAGUA,IMAZA,NAZARETH
010205,AMAZONAS,BAGUA,IMAZA,NAYUMPIG
010205,AMAZONAS,BAGUA,IMAZA,WICHI
010205,AMAZONAS,BAGUA,IMAZA,INAYUA
010205,AMAZONAS,BAGUA,IMAZA,TUNTUS
010205,AMAZONAS,BAGUA,IMAZA,YANGUNZA
010205,AMAZONAS,BAGUA,IMAZA,WICHIN
010205,AMAZONAS,BAGUA,IMAZA,TEMASHNUN
010202,AMAZONAS,BAGUA,ARAMANGO,ZAPOTAL
010701,AMAZONAS,UTCUBAMBA,BAGUA GRANDE,ALTO SAN JOSE
010403,AMAZONAS,CONDORCANQUI,RIO SANTIAGO,NAUTA
010402,AMAZONAS,CONDORCANQUI,EL CENEPA,WASHIM
010402,AMAZONAS,CONDORCANQUI,EL CENEPA,SHAIN
010312,AMAZONAS,BONGARA,YAMBRASBAMBA,VILCANIZA
010401,AMAZONAS,CONDORCANQUI,NIEVA,SAN JUAN
010401,AMAZONAS,CONDORCANQUI,NIEVA,PAKINTSA
010205,AMAZONAS,BAGUA,IMAZA,KUMPAKIM
010402,AMAZONAS,CONDORCANQUI,EL CENEPA,SAASA
140202,LAMBAYEQUE,FERREÏ¿½AFE,CAÏ¿½ARIS,WALTE
060606,CAJAMARCA,CUTERVO,PIMPINGOS,PIMPINGOS
060607,CAJAMARCA,CUTERVO,QUEROCOTILLO,SANTOS
060611,CAJAMARCA,CUTERVO,SANTA CRUZ,SANTA CRUZ
060805,CAJAMARCA,JAEN,HUABAL,SAN LUIS DEL NVO. RETIRO
060902,CAJAMARCA,SAN IGNACIO,CHIRINOS,LA CATAGUA
060901,CAJAMARCA,SAN IGNACIO,SAN IGNACIO,LA CAMPANA
060901,CAJAMARCA,SAN IGNACIO,SAN IGNACIO,LA JALQUILLA
060902,CAJAMARCA,SAN IGNACIO,CHIRINOS,PERICO
040310,AREQUIPA,CARAVELI,JAQUI,JAQUI
150140,LIMA,LIMA,SANTIAGO DE SURCO,AMPLIACION LAS DUNAS
050407,AYACUCHO,HUANTA,SIVIA,COM.MOLINO
080907,CUSCO,LA CONVENCION,KIMBIRI,QUIMBIRI
050404,AYACUCHO,HUANTA,IGUAIN,CHIHUA
050503,AYACUCHO,LA MAR,AYNA,TUTUMBARO
050501,AYACUCHO,LA MAR,SAN MIGUEL,CHAUPIMAYO
050110,AYACUCHO,HUAMANGA,SAN JUAN BAUTISTA,SAN LUIS DE TINAJERAS
050101,AYACUCHO,HUAMANGA,AYACUCHO,PASAJE VENCEDORES
080902,CUSCO,LA CONVENCION,ECHARATE,CONFORTAYOC
080902,CUSCO,LA CONVENCION,ECHARATE,SAN CARLOS
080902,CUSCO,LA CONVENCION,ECHARATE,KITENI POBLADO
081106,CUSCO,PAUCARTAMBO,KOSÏ¿½IPATA,CUACARIA
080304,CUSCO,ANTA,CHINCHAYPUJIO,CONCAYHUALLA
081106,CUSCO,PAUCARTAMBO,KOSÏ¿½IPATA,PIÏ¿½IPIRI
080902,CUSCO,LA CONVENCION,ECHARATE,ALTO ZONANKISHIATO
080408,CUSCO,CALCA,YANATILE,CORIMAYO
080910,CUSCO,LA CONVENCION,PICHARI,PICHARI BAJA
080902,CUSCO,LA CONVENCION,ECHARATE,POYENTIMARI
080902,CUSCO,LA CONVENCION,ECHARATE,TUCANTINAS
080906,CUSCO,LA CONVENCION,QUELLOUNO,LLAVERO CHICO
080910,CUSCO,LA CONVENCION,PICHARI,CENTRO POBLADO
080902,CUSCO,LA CONVENCION,ECHARATE,ALTO PATUCHARI
080902,CUSCO,LA CONVENCION,ECHARATE,HUALLANA
080906,CUSCO,LA CONVENCION,QUELLOUNO,MAPITUNARI
081106,CUSCO,PAUCARTAMBO,KOSÏ¿½IPATA,HUACARIA
080902,CUSCO,LA CONVENCION,ECHARATE,MIRAFLORES
080909,CUSCO,LA CONVENCION,VILCABAMBA,RUNTUBAMBA
080906,CUSCO,LA CONVENCION,QUELLOUNO,TUPACA AMARU
081106,CUSCO,PAUCARTAMBO,KOSÏ¿½IPATA,PILCOPATA
081106,CUSCO,PAUCARTAMBO,KOSÏ¿½IPATA,CARBON
081106,CUSCO,PAUCARTAMBO,KOSÏ¿½IPATA,SABALUYOC
080907,CUSCO,LA CONVENCION,KIMBIRI,TUPAC AMARU
080902,CUSCO,LA CONVENCION,ECHARATE,ALTO PACHIRI
080902,CUSCO,LA CONVENCION,ECHARATE,KOSHIRI
080902,CUSCO,LA CONVENCION,ECHARATE,PAMENCHARONI
080902,CUSCO,LA CONVENCION,ECHARATE,KORIVENI
080902,CUSCO,LA CONVENCION,ECHARATE,BUENA VISTA
080902,CUSCO,LA CONVENCION,ECHARATE,ALTO PIJIATO
080910,CUSCO,LA CONVENCION,PICHARI,PTO MAYO
080901,CUSCO,LA CONVENCION,SANTA ANA,POTRERO
081106,CUSCO,PAUCARTAMBO,KOSÏ¿½IPATA,PATRIA
080909,CUSCO,LA CONVENCION,VILCABAMBA,PAMPACONAS
080905,CUSCO,LA CONVENCION,OCOBAMBA,OCCOBAMBA
080906,CUSCO,LA CONVENCION,QUELLOUNO,QUINTEARENA
080902,CUSCO,LA CONVENCION,ECHARATE,ALTO TIMPIA
080907,CUSCO,LA CONVENCION,KIMBIRI,NUEVO PROGRESO
080902,CUSCO,LA CONVENCION,ECHARATE,KEPASHIARI
080909,CUSCO,LA CONVENCION,VILCABAMBA,TARQUE QUELLOMAYO
080908,CUSCO,LA CONVENCION,SANTA TERESA,CHAQUIORCCO
080902,CUSCO,LA CONVENCION,ECHARATE,ALTO CIRIALO
100901,HUANUCO,PUERTO INCA,PUERTO INCA,LAS PALMAS
100903,HUANUCO,PUERTO INCA,HONORIA,SHEMUYA
100901,HUANUCO,PUERTO INCA,PUERTO INCA,3 DE OCTUBRE
100904,HUANUCO,PUERTO INCA,TOURNAVISTA,PROGRESO
100104,HUANUCO,HUANUCO,CHURUBAMBA,TAMBOGAN
100901,HUANUCO,PUERTO INCA,PUERTO INCA,PUERTO CIRA
100904,HUANUCO,PUERTO INCA,TOURNAVISTA,INDEPENDIENTE
100901,HUANUCO,PUERTO INCA,PUERTO INCA,VILLAFUERTE
100902,HUANUCO,PUERTO INCA,CODO DEL POZUZO,VENADO
100604,HUANUCO,LEONCIO PRADO,JOSE CRESPO Y CASTILLO,LA MORADA
100606,HUANUCO,LEONCIO PRADO,MARIANO DAMASO BERAUN,PTE DURAND
100604,HUANUCO,LEONCIO PRADO,JOSE CRESPO Y CASTILLO,ALTO MARONA
100604,HUANUCO,LEONCIO PRADO,JOSE CRESPO Y CASTILLO,CASTILLO GRANDE
100602,HUANUCO,LEONCIO PRADO,DANIEL ALOMIA ROBLES,CAFESA
100601,HUANUCO,LEONCIO PRADO,RUPA-RUPA,PACAE
221001,SAN MARTIN,TOCACHE,TOCACHE,CHALLAYACU
100604,HUANUCO,LEONCIO PRADO,JOSE CRESPO Y CASTILLO,ARABE
100604,HUANUCO,LEONCIO PRADO,JOSE CRESPO Y CASTILLO,SAN ISIDRO
100702,HUANUCO,MARAÏ¿½ON,CHOLON,ZONA E
100702,HUANUCO,MARAÏ¿½ON,CHOLON,LA FLORIDA
100702,HUANUCO,MARAÏ¿½ON,CHOLON,TOCACHE
100606,HUANUCO,LEONCIO PRADO,MARIANO DAMASO BERAUN,SAN ANDRES
100904,HUANUCO,PUERTO INCA,TOURNAVISTA,LA PAZ
100605,HUANUCO,LEONCIO PRADO,LUYANDO,MARANA
100604,HUANUCO,LEONCIO PRADO,JOSE CRESPO Y CASTILLO,COTOMONO
100604,HUANUCO,LEONCIO PRADO,JOSE CRESPO Y CASTILLO,ALTO VICTORIA
100604,HUANUCO,LEONCIO PRADO,JOSE CRESPO Y CASTILLO,BOLOGNESI
100604,HUANUCO,LEONCIO PRADO,JOSE CRESPO Y CASTILLO,SAN JOSE DE PUCATE
100901,HUANUCO,PUERTO INCA,PUERTO INCA,TOURNAVISTA
100901,HUANUCO,PUERTO INCA,PUERTO INCA,CABECERA SUYUYACU
100605,HUANUCO,LEONCIO PRADO,LUYANDO,ALTO SAN JUAN DE TULUMAYO
100602,HUANUCO,LEONCIO PRADO,DANIEL ALOMIA ROBLES,ALTO PENDENCIA
100601,HUANUCO,LEONCIO PRADO,RUPA-RUPA,PICURUYACU
100601,HUANUCO,LEONCIO PRADO,RUPA-RUPA,AUCAYACU
100904,HUANUCO,PUERTO INCA,TOURNAVISTA,STA ROSA DE PATA
100901,HUANUCO,PUERTO INCA,PUERTO INCA,VITARTE
100604,HUANUCO,LEONCIO PRADO,JOSE CRESPO Y CASTILLO,ANGASYACU
100702,HUANUCO,MARAÏ¿½ON,CHOLON,SAN ANTONIO
100605,HUANUCO,LEONCIO PRADO,LUYANDO,ALTO MARONA
221001,SAN MARTIN,TOCACHE,TOCACHE,SITUYE
100602,HUANUCO,LEONCIO PRADO,DANIEL ALOMIA ROBLES,LOS MILAGROS
100702,HUANUCO,MARAÏ¿½ON,CHOLON,NUEVO GALILEA
100901,HUANUCO,PUERTO INCA,PUERTO INCA,SUNGARO
100103,HUANUCO,HUANUCO,CHINCHAO,VINO YACU
221002,SAN MARTIN,TOCACHE,NUEVO PROGRESO,YANAJANCA
100604,HUANUCO,LEONCIO PRADO,JOSE CRESPO Y CASTILLO,RIO NEGRO
250301,UCAYALI,PADRE ABAD,PADRE ABAD,SANTA ANA BAJO AGUAYTIA
100606,HUANUCO,LEONCIO PRADO,MARIANO DAMASO BERAUN,MIRAFLORES
100905,HUANUCO,PUERTO INCA,YUYAPICHIS,MICAELA BASTIDAS
100606,HUANUCO,LEONCIO PRADO,MARIANO DAMASO BERAUN,CAMINO MONTEVIDEO
100604,HUANUCO,LEONCIO PRADO,JOSE CRESPO Y CASTILLO,MILAGROS
100606,HUANUCO,LEONCIO PRADO,MARIANO DAMASO BERAUN,CLORINDA MATOS DE TURNER
100802,HUANUCO,PACHITEA,CHAGLLA,PTO GUADALUPE
100604,HUANUCO,LEONCIO PRADO,JOSE CRESPO Y CASTILLO,PACAE
100604,HUANUCO,LEONCIO PRADO,JOSE CRESPO Y CASTILLO,PUCATE
100904,HUANUCO,PUERTO INCA,TOURNAVISTA,PRINCIPE DE PAZ
100904,HUANUCO,PUERTO INCA,TOURNAVISTA,NUEVO PORVENIR
100902,HUANUCO,PUERTO INCA,CODO DEL POZUZO,CODO DE POZUZO
100901,HUANUCO,PUERTO INCA,PUERTO INCA,PAUCARSITO
100905,HUANUCO,PUERTO INCA,YUYAPICHIS,UNION STA ROSA
100905,HUANUCO,PUERTO INCA,YUYAPICHIS,NUEVO POZUZO
100903,HUANUCO,PUERTO INCA,HONORIA,NUEVA HONRIA
100604,HUANUCO,LEONCIO PRADO,JOSE CRESPO Y CASTILLO,BAMBU
100901,HUANUCO,PUERTO INCA,PUERTO INCA,PINTOYACU
100901,HUANUCO,PUERTO INCA,PUERTO INCA,GALICIA
100904,HUANUCO,PUERTO INCA,TOURNAVISTA,PRINCIPE PAZ
100905,HUANUCO,PUERTO INCA,YUYAPICHIS,SANTA ISABEL
250301,UCAYALI,PADRE ABAD,PADRE ABAD,SAN ALEJANDRO
100904,HUANUCO,PUERTO INCA,TOURNAVISTA,TUORNAVISTA
110109,ICA,ICA,SAN JOSE DE LOS MOLINOS,ESCALANTE
110202,ICA,CHINCHA,ALTO LARAN,LA CALERA
120122,JUNIN,HUANCAYO,INGENIO,CASACANCHA
120607,JUNIN,SATIPO,RIO NEGRO,SHABASHIPANGO
120607,JUNIN,SATIPO,RIO NEGRO,RIO SANTA
120604,JUNIN,SATIPO,MAZAMARI,VALLE SAMARIA
120605,JUNIN,SATIPO,PAMPA HERMOSA,SANTA ANA
120606,JUNIN,SATIPO,PANGOA,ALTO SONOMORO
120601,JUNIN,SATIPO,SATIPO,TZANCUVATZIARI
120606,JUNIN,SATIPO,PANGOA,SAN JOSE MIRAFLORES
120608,JUNIN,SATIPO,RIO TAMBO,SAN VICENTE DE CANNAN
120604,JUNIN,SATIPO,MAZAMARI,LA LIBERTAD
120604,JUNIN,SATIPO,MAZAMARI,MATERIATO
120608,JUNIN,SATIPO,RIO TAMBO,CAPERUCIA
120604,JUNIN,SATIPO,MAZAMARI,CAÏ¿½ETE
130208,LA LIBERTAD,ASCOPE,CASA GRANDE,MOCAN
061110,CAJAMARCA,SAN MIGUEL,SAN GREGORIO,CASERIO SAN JOSE
130402,LA LIBERTAD,CHEPEN,PACANGA,EL MOLINO
130401,LA LIBERTAD,CHEPEN,CHEPEN,NUEVO PARAISO
130208,LA LIBERTAD,ASCOPE,CASA GRANDE,SAN JOSE ALTO   MOCAN
130106,LA LIBERTAD,TRUJILLO,LAREDO,QUIRIHUAC
130110,LA LIBERTAD,TRUJILLO,SIMBAL,QUIRIHUAC
130208,LA LIBERTAD,ASCOPE,CASA GRANDE,ANEXO MOCA
130107,LA LIBERTAD,TRUJILLO,MOCHE,CAMPIÏ¿½A DE MOCHE
061202,CAJAMARCA,SAN PABLO,SAN BERNARDINO,SAN BERNARDINO
130206,LA LIBERTAD,ASCOPE,RAZURI,PUERTO MALABRIGO
130208,LA LIBERTAD,ASCOPE,CASA GRANDE,CHIQUITOY
130611,LA LIBERTAD,OTUZCO,SALPO,COCHAYA
130705,LA LIBERTAD,PACASMAYO,SAN JOSE,SAN MARTIN DE PORRAS
130205,LA LIBERTAD,ASCOPE,PAIJAN,CAMPIÏ¿½A HUAYABAL
130611,LA LIBERTAD,OTUZCO,SALPO,SALPO
140204,LAMBAYEQUE,FERREÏ¿½AFE,MANUEL ANTONIO MESONES MURO,MANUEL A. MESONES MURO
140202,LAMBAYEQUE,FERREÏ¿½AFE,CAÏ¿½ARIS,LA SUCCHA
160301,LORETO,LORETO,NAUTA,BETZAIDA
160103,LORETO,MAYNAS,FERNANDO LORES,106005
160703,LORETO,DATEM DEL MARAÏ¿½ON,MANSERICHE,029005
160403,LORETO,MARISCAL RAMON CASTILLA,YAVARI,FUJIMORI
160403,LORETO,MARISCAL RAMON CASTILLA,YAVARI,RONDINA
160402,LORETO,MARISCAL RAMON CASTILLA,PEBAS,SHISHITA
160404,LORETO,MARISCAL RAMON CASTILLA,SAN PABLO,SAN ALBERTO
160606,LORETO,UCAYALI,VARGAS GUERRA,SHAPIRA
160103,LORETO,MAYNAS,FERNANDO LORES,050005
160103,LORETO,MAYNAS,FERNANDO LORES,108005
160702,LORETO,DATEM DEL MARAÏ¿½ON,CAHUAPANAS,YURACYACU
160201,LORETO,ALTO AMAZONAS,YURIMAGUAS,25 DE DICIEMBRE
160505,LORETO,REQUENA,MAQUIA,NVO.CLAVERO
160504,LORETO,REQUENA,EMILIO SAN MARTIN,SARGENTO LORES
160601,LORETO,UCAYALI,CONTAMANA,SANTA ROSA DE TIPHISCA
160404,LORETO,MARISCAL RAMON CASTILLA,SAN PABLO,PUERTO ALEGRIA
160801,LORETO,PUTUMAYO,PUTUMAYO,NUEVA ESPERANZA
160705,LORETO,DATEM DEL MARAÏ¿½ON,PASTAZA,PTO CAPIRONA
160701,LORETO,DATEM DEL MARAÏ¿½ON,BARRANCA,071005
160105,LORETO,MAYNAS,LAS AMAZONAS,YAHUAS DE TIPSHICA
160112,LORETO,MAYNAS,BELEN,091000
160105,LORETO,MAYNAS,LAS AMAZONAS,YAGUAS TIPISHCA
160404,LORETO,MARISCAL RAMON CASTILLA,SAN PABLO,SANTA ELENA IMAZA
160507,LORETO,REQUENA,SAQUENA,CHINGANA
160205,LORETO,ALTO AMAZONAS,JEBEROS,030005
160702,LORETO,DATEM DEL MARAÏ¿½ON,CAHUAPANAS,KAWIT
160301,LORETO,LORETO,NAUTA,SANTA FE
160108,LORETO,MAYNAS,PUNCHANA,026108
160110,LORETO,MAYNAS,TORRES CAUSANA,ESTRECHO
160101,LORETO,MAYNAS,IQUITOS,000103
160701,LORETO,DATEM DEL MARAÏ¿½ON,BARRANCA,064008
160401,LORETO,MARISCAL RAMON CASTILLA,RAMON CASTILLA,BAJO AMAZONAS
160402,LORETO,MARISCAL RAMON CASTILLA,PEBAS,ZIZITA
160302,LORETO,LORETO,PARINARI,CASTILLA
160502,LORETO,REQUENA,ALTO TAPICHE,BUNCAYA
160505,LORETO,REQUENA,MAQUIA,NVO. LIBERTAD
160201,LORETO,ALTO AMAZONAS,YURIMAGUAS,NVA. BARRANCA
160705,LORETO,DATEM DEL MARAÏ¿½ON,PASTAZA,102004
160705,LORETO,DATEM DEL MARAÏ¿½ON,PASTAZA,PAKINTZA
160704,LORETO,DATEM DEL MARAÏ¿½ON,MORONA,NVO. BARRANCA
160511,LORETO,REQUENA,YAQUERANA,106004
160801,LORETO,PUTUMAYO,PUTUMAYO,LA APAYA NUEVA
160801,LORETO,PUTUMAYO,PUTUMAYO,REFORMA
160801,LORETO,PUTUMAYO,PUTUMAYO,REFORMITA
160404,LORETO,MARISCAL RAMON CASTILLA,SAN PABLO,SANTA RITA
160502,LORETO,REQUENA,ALTO TAPICHE,PALMERA
160101,LORETO,MAYNAS,IQUITOS,116005
160201,LORETO,ALTO AMAZONAS,YURIMAGUAS,KM 3 1 2 CARRT YGS TPTO
160703,LORETO,DATEM DEL MARAÏ¿½ON,MANSERICHE,PIJUYAL
160703,LORETO,DATEM DEL MARAÏ¿½ON,MANSERICHE,026005
160704,LORETO,DATEM DEL MARAÏ¿½ON,MORONA,003008
160604,LORETO,UCAYALI,PAMPA HERMOSA,ALTO PERILLO
160401,LORETO,MARISCAL RAMON CASTILLA,RAMON CASTILLA,HUASCAR
160510,LORETO,REQUENA,JENARO HERRERA,PAMACAHUA
160510,LORETO,REQUENA,JENARO HERRERA,MIGUEL GRAU
160107,LORETO,MAYNAS,NAPO,060008
160211,LORETO,ALTO AMAZONAS,TENIENTE CESAR LOPEZ ROJAS,NVO PAPAPLAYA
160210,LORETO,ALTO AMAZONAS,SANTA CRUZ,PAMPAS DE JUNIN
160702,LORETO,DATEM DEL MARAÏ¿½ON,CAHUAPANAS,022008
160101,LORETO,MAYNAS,IQUITOS,SAN ANDRES RIO ITAYA
160101,LORETO,MAYNAS,IQUITOS,8 DICIEMBRE RIO MOMON
160110,LORETO,MAYNAS,TORRES CAUSANA,SAMUNARUY
160102,LORETO,MAYNAS,ALTO NANAY,030005
160101,LORETO,MAYNAS,IQUITOS,CARRET. IQ NAUTA
160101,LORETO,MAYNAS,IQUITOS,CASERIO LLANCHAMA
160201,LORETO,ALTO AMAZONAS,YURIMAGUAS,051005
160206,LORETO,ALTO AMAZONAS,LAGUNAS,009005
160705,LORETO,DATEM DEL MARAÏ¿½ON,PASTAZA,LOS JARDINES
160107,LORETO,MAYNAS,NAPO,TASHACURARAY
160402,LORETO,MARISCAL RAMON CASTILLA,PEBAS,PIJUAYAL
160404,LORETO,MARISCAL RAMON CASTILLA,SAN PABLO,HORACIO CEVALLOS
160403,LORETO,MARISCAL RAMON CASTILLA,YAVARI,ERENE
160403,LORETO,MARISCAL RAMON CASTILLA,YAVARI,MARIO RIVERO
160202,LORETO,ALTO AMAZONAS,BALSAPUERTO,038308
160211,LORETO,ALTO AMAZONAS,TENIENTE CESAR LOPEZ ROJAS,058105
160705,LORETO,DATEM DEL MARAÏ¿½ON,PASTAZA,PTO. BARRANQUILLO
160705,LORETO,DATEM DEL MARAÏ¿½ON,PASTAZA,NVO. PROGRESO
160705,LORETO,DATEM DEL MARAÏ¿½ON,PASTAZA,PTO DIAZ
160702,LORETO,DATEM DEL MARAÏ¿½ON,CAHUAPANAS,SAN RAMON
160702,LORETO,DATEM DEL MARAÏ¿½ON,CAHUAPANAS,BARRANQUITA
160304,LORETO,LORETO,TROMPETEROS,018008
160503,LORETO,REQUENA,CAPELO,PISTULLACTA
160101,LORETO,MAYNAS,IQUITOS,001005
160304,LORETO,LORETO,TROMPETEROS,SAN RAMON
160304,LORETO,LORETO,TROMPETEROS,PROVIDENICA
160112,LORETO,MAYNAS,BELEN,CASERIO MOHENA CANO RIO
160112,LORETO,MAYNAS,BELEN,CAS. SAN CARLOS RIO ITAYA
160112,LORETO,MAYNAS,BELEN,CAS. SAN JOSE RIO ITAYA
160302,LORETO,LORETO,PARINARI,FIRMEZA
160504,LORETO,REQUENA,EMILIO SAN MARTIN,ZAPOTILLO II ZONA
160402,LORETO,MARISCAL RAMON CASTILLA,PEBAS,NVO. ORIENTE
160705,LORETO,DATEM DEL MARAÏ¿½ON,PASTAZA,CHARAPACOCHA
160705,LORETO,DATEM DEL MARAÏ¿½ON,PASTAZA,CHURUS
160801,LORETO,PUTUMAYO,PUTUMAYO,SANTA MERCEDES
160801,LORETO,PUTUMAYO,PUTUMAYO,ESPEJO
160801,LORETO,PUTUMAYO,PUTUMAYO,PTO. VICTORIA
160605,LORETO,UCAYALI,SARAYACU,MORALES
160108,LORETO,MAYNAS,PUNCHANA,016005
160101,LORETO,MAYNAS,IQUITOS,PIRANGO I ZONA
160101,LORETO,MAYNAS,IQUITOS,CAÏ¿½ABERAL
160202,LORETO,ALTO AMAZONAS,BALSAPUERTO,SAN LORENZO
160206,LORETO,ALTO AMAZONAS,LAGUNAS,017005
160302,LORETO,LORETO,PARINARI,SAN MARTIN
160104,LORETO,MAYNAS,INDIANA,018005
160601,LORETO,UCAYALI,CONTAMANA,007005
160402,LORETO,MARISCAL RAMON CASTILLA,PEBAS,BIS PIJUAYAL
160402,LORETO,MARISCAL RAMON CASTILLA,PEBAS,SAN DE OROSA
160201,LORETO,ALTO AMAZONAS,YURIMAGUAS,MORONA
160103,LORETO,MAYNAS,FERNANDO LORES,NUEVO PORVENIR RIO AMAZO.
160113,LORETO,MAYNAS,SAN JUAN BAUTISTA,VARILLALRVENIR RIO AMAZO.
160103,LORETO,MAYNAS,FERNANDO LORES,SHATO
160401,LORETO,MARISCAL RAMON CASTILLA,RAMON CASTILLA,CAHUIDE
160402,LORETO,MARISCAL RAMON CASTILLA,PEBAS,ANGAMOSNUEVO
160202,LORETO,ALTO AMAZONAS,BALSAPUERTO,026008
160701,LORETO,DATEM DEL MARAÏ¿½ON,BARRANCA,018008
160703,LORETO,DATEM DEL MARAÏ¿½ON,MANSERICHE,PIJUAYAL
160107,LORETO,MAYNAS,NAPO,067008
160601,LORETO,UCAYALI,CONTAMANA,000104
160604,LORETO,UCAYALI,PAMPA HERMOSA,002005
160103,LORETO,MAYNAS,FERNANDO LORES,TAMSHIYACUY
160103,LORETO,MAYNAS,FERNANDO LORES,PUERTO INCA
160401,LORETO,MARISCAL RAMON CASTILLA,RAMON CASTILLA,PTO. ARICA
160702,LORETO,DATEM DEL MARAÏ¿½ON,CAHUAPANAS,SACHAVACA
160201,LORETO,ALTO AMAZONAS,YURIMAGUAS,044005
160702,LORETO,DATEM DEL MARAÏ¿½ON,CAHUAPANAS,PBO. JOVEN
160801,LORETO,PUTUMAYO,PUTUMAYO,HUAPAPA
160105,LORETO,MAYNAS,LAS AMAZONAS,PAICHE
160101,LORETO,MAYNAS,IQUITOS,025005
160703,LORETO,DATEM DEL MARAÏ¿½ON,MANSERICHE,CHAPIS
160704,LORETO,DATEM DEL MARAÏ¿½ON,MORONA,SHORAYACOCHA NUEVO
160303,LORETO,LORETO,TIGRE,BELLAVISTA
160301,LORETO,LORETO,NAUTA,CASERIO DOS DE ENERO
160401,LORETO,MARISCAL RAMON CASTILLA,RAMON CASTILLA,SAN JOSE DE YANAYACU
160404,LORETO,MARISCAL RAMON CASTILLA,SAN PABLO,COLONIA
160403,LORETO,MARISCAL RAMON CASTILLA,YAVARI,NUEVA MAZANA
160801,LORETO,PUTUMAYO,PUTUMAYO,NUEVO JERUSALEN
160801,LORETO,PUTUMAYO,PUTUMAYO,PUERTO VICTORIA
160305,LORETO,LORETO,URARINAS,PUCAYACU
160112,LORETO,MAYNAS,BELEN,081005
160401,LORETO,MARISCAL RAMON CASTILLA,RAMON CASTILLA,SAN MIGUEL
160302,LORETO,LORETO,PARINARI,SANTA ROSA DEL LAGARTO
160501,LORETO,REQUENA,REQUENA,JERUSALEN
160501,LORETO,REQUENA,REQUENA,PALMERAS
160108,LORETO,MAYNAS,PUNCHANA,MAYNAS RIO MOMON
160101,LORETO,MAYNAS,IQUITOS,PADRE ISLA
160702,LORETO,DATEM DEL MARAÏ¿½ON,CAHUAPANAS,034008
160606,LORETO,UCAYALI,VARGAS GUERRA,060005
160603,LORETO,UCAYALI,PADRE MARQUEZ,000104
160108,LORETO,MAYNAS,PUNCHANA,000005
160103,LORETO,MAYNAS,FERNANDO LORES,CENTRO YACAPANA
160701,LORETO,DATEM DEL MARAÏ¿½ON,BARRANCA,COPAL RIO POTRO
160704,LORETO,DATEM DEL MARAÏ¿½ON,MORONA,064008
160401,LORETO,MARISCAL RAMON CASTILLA,RAMON CASTILLA,SANTA RITA DE GALLINAZO
160601,LORETO,UCAYALI,CONTAMANA,049005
160601,LORETO,UCAYALI,CONTAMANA,026008
160602,LORETO,UCAYALI,INAHUAYA,000104
160401,LORETO,MARISCAL RAMON CASTILLA,RAMON CASTILLA,PARANAGUIRO
160301,LORETO,LORETO,NAUTA,VILLA CANAAN
160601,LORETO,UCAYALI,CONTAMANA,032008
160404,LORETO,MARISCAL RAMON CASTILLA,SAN PABLO,SANTA ELENA DE IMAZA
160404,LORETO,MARISCAL RAMON CASTILLA,SAN PABLO,COLONIA SAN PABLO
160401,LORETO,MARISCAL RAMON CASTILLA,RAMON CASTILLA,SAN SALVADOR
160107,LORETO,MAYNAS,NAPO,031005
160201,LORETO,ALTO AMAZONAS,YURIMAGUAS,PTO. PERU
160704,LORETO,DATEM DEL MARAÏ¿½ON,MORONA,041008
160201,LORETO,ALTO AMAZONAS,YURIMAGUAS,NVO. CAJAMARCA
160511,LORETO,REQUENA,YAQUERANA,012108
160112,LORETO,MAYNAS,BELEN,134105
160113,LORETO,MAYNAS,SAN JUAN BAUTISTA,002105
160202,LORETO,ALTO AMAZONAS,BALSAPUERTO,038108
160701,LORETO,DATEM DEL MARAÏ¿½ON,BARRANCA,NVA ESPERANZA
160704,LORETO,DATEM DEL MARAÏ¿½ON,MORONA,PTO. ALEGRIA
160605,LORETO,UCAYALI,SARAYACU,000104
160606,LORETO,UCAYALI,VARGAS GUERRA,070004
160606,LORETO,UCAYALI,VARGAS GUERRA,002005
160107,LORETO,MAYNAS,NAPO,017008
160401,LORETO,MARISCAL RAMON CASTILLA,RAMON CASTILLA,051005
160107,LORETO,MAYNAS,NAPO,057005
160601,LORETO,UCAYALI,CONTAMANA,040005
160606,LORETO,UCAYALI,VARGAS GUERRA,006005
160705,LORETO,DATEM DEL MARAÏ¿½ON,PASTAZA,WISUM
160705,LORETO,DATEM DEL MARAÏ¿½ON,PASTAZA,CASPACOCHA
160112,LORETO,MAYNAS,BELEN,000021
160112,LORETO,MAYNAS,BELEN,063105
160701,LORETO,DATEM DEL MARAÏ¿½ON,BARRANCA,PORVENIR
160401,LORETO,MARISCAL RAMON CASTILLA,RAMON CASTILLA,SANCHI SHANO
160601,LORETO,UCAYALI,CONTAMANA,058008
160503,LORETO,REQUENA,CAPELO,HUATAPA
160601,LORETO,UCAYALI,CONTAMANA,031005
160605,LORETO,UCAYALI,SARAYACU,021004
160202,LORETO,ALTO AMAZONAS,BALSAPUERTO,SAN ANTONIO
160401,LORETO,MARISCAL RAMON CASTILLA,RAMON CASTILLA,VILLA NVA. ALIANZA
160401,LORETO,MARISCAL RAMON CASTILLA,RAMON CASTILLA,SAN JOSE
160401,LORETO,MARISCAL RAMON CASTILLA,RAMON CASTILLA,INTI PACARI
160105,LORETO,MAYNAS,LAS AMAZONAS,MARUPA
160105,LORETO,MAYNAS,LAS AMAZONAS,SAN ALEJANDRO
160105,LORETO,MAYNAS,LAS AMAZONAS,LIDA
160304,LORETO,LORETO,TROMPETEROS,SAN JUAN DE TROMPETEROS
160101,LORETO,MAYNAS,IQUITOS,046005
160112,LORETO,MAYNAS,BELEN,063212
160511,LORETO,REQUENA,YAQUERANA,007008
160605,LORETO,UCAYALI,SARAYACU,034005
160105,LORETO,MAYNAS,LAS AMAZONAS,NAZARIA
160105,LORETO,MAYNAS,LAS AMAZONAS,RIO OROSA
160105,LORETO,MAYNAS,LAS AMAZONAS,ESTERILLO   OROSA
160404,LORETO,MARISCAL RAMON CASTILLA,SAN PABLO,CAJA CUMA
160113,LORETO,MAYNAS,SAN JUAN BAUTISTA,VARGAS GUERRA
160107,LORETO,MAYNAS,NAPO,017005
160113,LORETO,MAYNAS,SAN JUAN BAUTISTA,CARRET. IQ. NAUTA. 39 KM
160103,LORETO,MAYNAS,FERNANDO LORES,TAPIPA CHICO
160403,LORETO,MARISCAL RAMON CASTILLA,YAVARI,BELLAVISTA
160403,LORETO,MARISCAL RAMON CASTILLA,YAVARI,GANBOA
160113,LORETO,MAYNAS,SAN JUAN BAUTISTA,112105
160112,LORETO,MAYNAS,BELEN,095105
160702,LORETO,DATEM DEL MARAÏ¿½ON,CAHUAPANAS,020008
160701,LORETO,DATEM DEL MARAÏ¿½ON,BARRANCA,SAN JOSE  A. M.
160605,LORETO,UCAYALI,SARAYACU,076005
160103,LORETO,MAYNAS,FERNANDO LORES,TAMSHUYACU
160503,LORETO,REQUENA,CAPELO,NVO. REQUENA
160505,LORETO,REQUENA,MAQUIA,PATRIA NUEVA
160604,LORETO,UCAYALI,PAMPA HERMOSA,005008
160402,LORETO,MARISCAL RAMON CASTILLA,PEBAS,MANGUAL
160305,LORETO,LORETO,URARINAS,OLLANTA
160301,LORETO,LORETO,NAUTA,ESPARTA
160302,LORETO,LORETO,PARINARI,SANTA RITA CASTILLA
160302,LORETO,LORETO,PARINARI,SAN JOSE DE SAMIRIA
160705,LORETO,DATEM DEL MARAÏ¿½ON,PASTAZA,SANCHIK
160210,LORETO,ALTO AMAZONAS,SANTA CRUZ,005008
160211,LORETO,ALTO AMAZONAS,TENIENTE CESAR LOPEZ ROJAS,PTO. PROGRESO
160704,LORETO,DATEM DEL MARAÏ¿½ON,MORONA,SANCHE CERRO
160702,LORETO,DATEM DEL MARAÏ¿½ON,CAHUAPANAS,SAMARIA
160705,LORETO,DATEM DEL MARAÏ¿½ON,PASTAZA,PUERTO DIAZ
160107,LORETO,MAYNAS,NAPO,CABO PANTOJA
160605,LORETO,UCAYALI,SARAYACU,075005
160801,LORETO,PUTUMAYO,PUTUMAYO,FLOR DE AGOSTO
160302,LORETO,LORETO,PARINARI,SANTA ROSA
160102,LORETO,MAYNAS,ALTO NANAY,PISCO
160401,LORETO,MARISCAL RAMON CASTILLA,RAMON CASTILLA,CALLARU
160601,LORETO,UCAYALI,CONTAMANA,003005
160601,LORETO,UCAYALI,CONTAMANA,012005
160511,LORETO,REQUENA,YAQUERANA,006008
160201,LORETO,ALTO AMAZONAS,YURIMAGUAS,076105
160404,LORETO,MARISCAL RAMON CASTILLA,SAN PABLO,EMILIO VASQUEZ
160403,LORETO,MARISCAL RAMON CASTILLA,YAVARI,PETROPOLIS
160103,LORETO,MAYNAS,FERNANDO LORES,PIHUICHO ISLAS
160103,LORETO,MAYNAS,FERNANDO LORES,NUEVO PROGRESO
160305,LORETO,LORETO,URARINAS,2 DE MAYO
160603,LORETO,UCAYALI,PADRE MARQUEZ,PAUYAN
160113,LORETO,MAYNAS,SAN JUAN BAUTISTA,CARRET. IQ. NAUTA KM 52
160113,LORETO,MAYNAS,SAN JUAN BAUTISTA,CARRET. IQ. NAUTA KM 30
160102,LORETO,MAYNAS,ALTO NANAY,SANTA MARIA
160304,LORETO,LORETO,TROMPETEROS,SAN JOSE
160402,LORETO,MARISCAL RAMON CASTILLA,PEBAS,PIRCA URQUILLO
160105,LORETO,MAYNAS,LAS AMAZONAS,SANTA ELENA
160201,LORETO,ALTO AMAZONAS,YURIMAGUAS,049005
160201,LORETO,ALTO AMAZONAS,YURIMAGUAS,034005
160401,LORETO,MARISCAL RAMON CASTILLA,RAMON CASTILLA,BELLAVISTA CAYARI
160113,LORETO,MAYNAS,SAN JUAN BAUTISTA,CARRETERA IQ. NAUTA KM 23
160401,LORETO,MARISCAL RAMON CASTILLA,RAMON CASTILLA,JOSE CARLOS
160404,LORETO,MARISCAL RAMON CASTILLA,SAN PABLO,ORACIO ZAVELLOS
160107,LORETO,MAYNAS,NAPO,013005
160206,LORETO,ALTO AMAZONAS,LAGUNAS,JOSE GALVEZ
160705,LORETO,DATEM DEL MARAÏ¿½ON,PASTAZA,WISUN
160404,LORETO,MARISCAL RAMON CASTILLA,SAN PABLO,EMILIA BERCIA
160104,LORETO,MAYNAS,INDIANA,TUNCHI CERRO GRANDE
160104,LORETO,MAYNAS,INDIANA,032005
160606,LORETO,UCAYALI,VARGAS GUERRA,007005
160606,LORETO,UCAYALI,VARGAS GUERRA,017005
160301,LORETO,LORETO,NAUTA,SAN JOAQUIN OMAGUA
160103,LORETO,MAYNAS,FERNANDO LORES,NUEVO PRIMAVERA
160510,LORETO,REQUENA,JENARO HERRERA,J. HERRERA
160108,LORETO,MAYNAS,PUNCHANA,031005
160201,LORETO,ALTO AMAZONAS,YURIMAGUAS,021505
160206,LORETO,ALTO AMAZONAS,LAGUNAS,023105
160104,LORETO,MAYNAS,INDIANA,TIMICURILLO II ZONA
160401,LORETO,MARISCAL RAMON CASTILLA,RAMON CASTILLA,SANTA MARTHA
160606,LORETO,UCAYALI,VARGAS GUERRA,P. NUEVO
160107,LORETO,MAYNAS,NAPO,026008
160112,LORETO,MAYNAS,BELEN,CAS. SAN ANTONIO
160101,LORETO,MAYNAS,IQUITOS,CAS. UNION
160202,LORETO,ALTO AMAZONAS,BALSAPUERTO,000104
160601,LORETO,UCAYALI,CONTAMANA,MANCO CAPAC
160603,LORETO,UCAYALI,PADRE MARQUEZ,PAUJAN
160113,LORETO,MAYNAS,SAN JUAN BAUTISTA,CAS. RUMOCOCHA
160112,LORETO,MAYNAS,BELEN,CAS. MANZANILLA
160504,LORETO,REQUENA,EMILIO SAN MARTIN,VARGAS GUERRA
160606,LORETO,UCAYALI,VARGAS GUERRA,000104
160603,LORETO,UCAYALI,PADRE MARQUEZ,017005
160302,LORETO,LORETO,PARINARI,SAN JOSE SAMIRIA
160101,LORETO,MAYNAS,IQUITOS,PAMPA CHICA
160210,LORETO,ALTO AMAZONAS,SANTA CRUZ,TIPISHCA
160702,LORETO,DATEM DEL MARAÏ¿½ON,CAHUAPANAS,SANTA MARIA
160705,LORETO,DATEM DEL MARAÏ¿½ON,PASTAZA,CASIPACOCHA
160404,LORETO,MARISCAL RAMON CASTILLA,SAN PABLO,ALDEA
160105,LORETO,MAYNAS,LAS AMAZONAS,BOYADOR
160206,LORETO,ALTO AMAZONAS,LAGUNAS,SAN FRANSISCO
160603,LORETO,UCAYALI,PADRE MARQUEZ,038004
160704,LORETO,DATEM DEL MARAÏ¿½ON,MORONA,002005
160508,LORETO,REQUENA,SOPLIN,CAHUAPANA
160402,LORETO,MARISCAL RAMON CASTILLA,PEBAS,CHIPITA
160403,LORETO,MARISCAL RAMON CASTILLA,YAVARI,BUEN SUCESO
160605,LORETO,UCAYALI,SARAYACU,025005
160401,LORETO,MARISCAL RAMON CASTILLA,RAMON CASTILLA,BELLAVISTA GALLARO
160108,LORETO,MAYNAS,PUNCHANA,CASERIO PICUROYACU
160112,LORETO,MAYNAS,BELEN,USHPACAN0
160113,LORETO,MAYNAS,SAN JUAN BAUTISTA,CARRET. IQ. NAUTA KM 15
160108,LORETO,MAYNAS,PUNCHANA,CASERIO SANTA CLARA
160404,LORETO,MARISCAL RAMON CASTILLA,SAN PABLO,YARINA
160211,LORETO,ALTO AMAZONAS,TENIENTE CESAR LOPEZ ROJAS,023105
160704,LORETO,DATEM DEL MARAÏ¿½ON,MORONA,SHINGUITO
160304,LORETO,LORETO,TROMPETEROS,BELEN
160103,LORETO,MAYNAS,FERNANDO LORES,NUEVO AMAZONAS
160605,LORETO,UCAYALI,SARAYACU,062005
160105,LORETO,MAYNAS,LAS AMAZONAS,CANADA
160401,LORETO,MARISCAL RAMON CASTILLA,RAMON CASTILLA,BILLANTE CALLARU
160401,LORETO,MARISCAL RAMON CASTILLA,RAMON CASTILLA,24 DE JUNIO
160601,LORETO,UCAYALI,CONTAMANA,043005
160106,LORETO,MAYNAS,MAZAN,049005
160107,LORETO,MAYNAS,NAPO,002005
160705,LORETO,DATEM DEL MARAÏ¿½ON,PASTAZA,093008
160202,LORETO,ALTO AMAZONAS,BALSAPUERTO,001108
160501,LORETO,REQUENA,REQUENA,COCHA TIPISHCA
160601,LORETO,UCAYALI,CONTAMANA,MONTE SINAI
160510,LORETO,REQUENA,JENARO HERRERA,PROGRESO
160108,LORETO,MAYNAS,PUNCHANA,CAS.FLOR DE AGOSTO
160701,LORETO,DATEM DEL MARAÏ¿½ON,BARRANCA,NVA. UNION
160705,LORETO,DATEM DEL MARAÏ¿½ON,PASTAZA,NVO. NAZARETH
160301,LORETO,LORETO,NAUTA,SAN ISIDRO
160301,LORETO,LORETO,NAUTA,SAN JOSE SARAPANA
160305,LORETO,LORETO,URARINAS,NUEVA ESPEEANZA
160601,LORETO,UCAYALI,CONTAMANA,LIBERTADOR
160604,LORETO,UCAYALI,PAMPA HERMOSA,000104
160103,LORETO,MAYNAS,FERNANDO LORES,SANTA ANA DE MUYUY II
160105,LORETO,MAYNAS,LAS AMAZONAS,CASERIO ISRAEL
160108,LORETO,MAYNAS,PUNCHANA,CASERIO STA MARIA DE OJEA
160211,LORETO,ALTO AMAZONAS,TENIENTE CESAR LOPEZ ROJAS,034005
160205,LORETO,ALTO AMAZONAS,JEBEROS,BOLIVAR
160801,LORETO,PUTUMAYO,PUTUMAYO,MIRAFLORES
160401,LORETO,MARISCAL RAMON CASTILLA,RAMON CASTILLA,SANTA ROSA DEL CANO
160605,LORETO,UCAYALI,SARAYACU,070004
160302,LORETO,LORETO,PARINARI,NUEVO SANTA ROSA
160604,LORETO,UCAYALI,PAMPA HERMOSA,007208
160401,LORETO,MARISCAL RAMON CASTILLA,RAMON CASTILLA,JESUS DE PRADO
160404,LORETO,MARISCAL RAMON CASTILLA,SAN PABLO,LA COLINA
160107,LORETO,MAYNAS,NAPO,003005
160112,LORETO,MAYNAS,BELEN,CASERIO SN MIGUEL RIO ITA
160705,LORETO,DATEM DEL MARAÏ¿½ON,PASTAZA,064208
160112,LORETO,MAYNAS,BELEN,FRENTE V. GUERRA
160113,LORETO,MAYNAS,SAN JUAN BAUTISTA,TERMINAL KM 2
160108,LORETO,MAYNAS,PUNCHANA,MOMONSILLO
160107,LORETO,MAYNAS,NAPO,055008
160604,LORETO,UCAYALI,PAMPA HERMOSA,160604
160401,LORETO,MARISCAL RAMON CASTILLA,RAMON CASTILLA,JESUS DE PRADA.
160202,LORETO,ALTO AMAZONAS,BALSAPUERTO,053108
160402,LORETO,MARISCAL RAMON CASTILLA,PEBAS,PUCA URQUILLO
160402,LORETO,MARISCAL RAMON CASTILLA,PEBAS,PUCAHUAGUILLO
160702,LORETO,DATEM DEL MARAÏ¿½ON,CAHUAPANAS,001008
160702,LORETO,DATEM DEL MARAÏ¿½ON,CAHUAPANAS,SAN MIGUEL
170203,MADRE DE DIOS,MANU,MADRE DE DIOS,KIMIRI
170302,MADRE DE DIOS,TAHUAMANU,IBERIA,MANSILLA
170201,MADRE DE DIOS,MANU,MANU,NUEVA MANSILLA
170101,MADRE DE DIOS,TAMBOPATA,TAMBOPATA,SUDADERO
170101,MADRE DE DIOS,TAMBOPATA,TAMBOPATA,SANTA RITA
170102,MADRE DE DIOS,TAMBOPATA,INAMBARI,VILLA SANTIAGO
170203,MADRE DE DIOS,MANU,MADRE DE DIOS,CHOQUE
170101,MADRE DE DIOS,TAMBOPATA,TAMBOPATA,COMUNIDAD URIEL
170103,MADRE DE DIOS,TAMBOPATA,LAS PIEDRAS,TIPISHCA
170201,MADRE DE DIOS,MANU,MANU,DIAMANTE
170201,MADRE DE DIOS,MANU,MANU,YUNGUYO
170103,MADRE DE DIOS,TAMBOPATA,LAS PIEDRAS,ALTO MANURIPE
170204,MADRE DE DIOS,MANU,HUEPETUHE,QUIMIRI
170204,MADRE DE DIOS,MANU,HUEPETUHE,BARRANCO CHICO
170204,MADRE DE DIOS,MANU,HUEPETUHE,PUQUIRI
170103,MADRE DE DIOS,TAMBOPATA,LAS PIEDRAS,PARIAMANU
170301,MADRE DE DIOS,TAHUAMANU,IÏ¿½APARI,PRIMAVERA BAJA
170102,MADRE DE DIOS,TAMBOPATA,INAMBARI,LABERINTO
170101,MADRE DE DIOS,TAMBOPATA,TAMBOPATA,PTO. MALADONADO
170302,MADRE DE DIOS,TAHUAMANU,IBERIA,PALOTOAA
170101,MADRE DE DIOS,TAMBOPATA,TAMBOPATA,MIRAFLORES
170203,MADRE DE DIOS,MANU,MADRE DE DIOS,RIO COLORADO
170101,MADRE DE DIOS,TAMBOPATA,TAMBOPATA,PALLAMANU
170101,MADRE DE DIOS,TAMBOPATA,TAMBOPATA,RIO PARIAMANU
170201,MADRE DE DIOS,MANU,MANU,MANSILLA
170101,MADRE DE DIOS,TAMBOPATA,TAMBOPATA,LAS MERCEDES
170204,MADRE DE DIOS,MANU,HUEPETUHE,PUNQUIRI
170201,MADRE DE DIOS,MANU,MANU,PALOTOA
190301,PASCO,OXAPAMPA,OXAPAMPA,LA ESPERANZA
190304,PASCO,OXAPAMPA,PALCAZU,SECTOR GALLINAZO
190304,PASCO,OXAPAMPA,PALCAZU,SAN CARLOS
190304,PASCO,OXAPAMPA,PALCAZU,CENTRO CASTILLA
190304,PASCO,OXAPAMPA,PALCAZU,SANTA DOMINGO
120304,JUNIN,CHANCHAMAYO,SAN LUIS DE SHUARO,STA HERMINIA
190305,PASCO,OXAPAMPA,POZUZO,LA ESPERANZA
190305,PASCO,OXAPAMPA,POZUZO,SHANSHUY
190305,PASCO,OXAPAMPA,POZUZO,COCATAMBO
190304,PASCO,OXAPAMPA,PALCAZU,ATAZ
190305,PASCO,OXAPAMPA,POZUZO,ALTO PAUJIL
190306,PASCO,OXAPAMPA,PUERTO BERMUDEZ,ALTO CHINCHIHUANI
190304,PASCO,OXAPAMPA,PALCAZU,SANTA ROSA
190304,PASCO,OXAPAMPA,PALCAZU,LAGUNA RAYA
190306,PASCO,OXAPAMPA,PUERTO BERMUDEZ,AMAMBAY
190305,PASCO,OXAPAMPA,POZUZO,CONVENTO
190302,PASCO,OXAPAMPA,CHONTABAMBA,STO DOMINGO
190306,PASCO,OXAPAMPA,PUERTO BERMUDEZ,LAS PALMAS
190305,PASCO,OXAPAMPA,POZUZO,HUAMPOMAYO
190305,PASCO,OXAPAMPA,POZUZO,BAJO HUIPUS
190307,PASCO,OXAPAMPA,VILLA RICA,SAN JUAN DE CACAZU
190306,PASCO,OXAPAMPA,PUERTO BERMUDEZ,CLINICA CAHUAPANAS
190304,PASCO,OXAPAMPA,PALCAZU,CENTRO CONAZ
190304,PASCO,OXAPAMPA,PALCAZU,OROYA
190305,PASCO,OXAPAMPA,POZUZO,LA COLONIA
190306,PASCO,OXAPAMPA,PUERTO BERMUDEZ,PUERTO LIBRE
190304,PASCO,OXAPAMPA,PALCAZU,NUEVA ALDEA
120302,JUNIN,CHANCHAMAYO,PERENE,ALTO CHINCARMAS
190304,PASCO,OXAPAMPA,PALCAZU,VILLA AMERICA
190305,PASCO,OXAPAMPA,POZUZO,MONTEFUNER
190305,PASCO,OXAPAMPA,POZUZO,HUACAMAYO
190307,PASCO,OXAPAMPA,VILLA RICA,CEDROPAMPA
190304,PASCO,OXAPAMPA,PALCAZU,CENTRO COMPARACHIMAS
120304,JUNIN,CHANCHAMAYO,SAN LUIS DE SHUARO,SANTA HERMINIA
190306,PASCO,OXAPAMPA,PUERTO BERMUDEZ,SHANSHUYA
190306,PASCO,OXAPAMPA,PUERTO BERMUDEZ,PUERTO LAGARTO
190305,PASCO,OXAPAMPA,POZUZO,CUSHI
190307,PASCO,OXAPAMPA,VILLA RICA,HUACAMAYO
190307,PASCO,OXAPAMPA,VILLA RICA,UNION DE LA SELVA
190306,PASCO,OXAPAMPA,PUERTO BERMUDEZ,SANTA ROSA DE CHIVIS
190302,PASCO,OXAPAMPA,CHONTABAMBA,EL TINGO
120302,JUNIN,CHANCHAMAYO,PERENE,ALTO YURINAQUI
190306,PASCO,OXAPAMPA,PUERTO BERMUDEZ,SANTA ROSA
190306,PASCO,OXAPAMPA,PUERTO BERMUDEZ,BOCA SAMAYA
190301,PASCO,OXAPAMPA,OXAPAMPA,PUERTO BERMUDEZ
190307,PASCO,OXAPAMPA,VILLA RICA,RIO LA SAL
190304,PASCO,OXAPAMPA,PALCAZU,MAYRO
190307,PASCO,OXAPAMPA,VILLA RICA,BOCAZ
190305,PASCO,OXAPAMPA,POZUZO,PLAYA GRANDE
220909,SAN MARTIN,SAN MARTIN,LA BANDA DE SHILCAYO,BANDA DE SHILCAYO
220511,SAN MARTIN,LAMAS,ZAPATERO,SAN JUAN TALLIQUIHUI
220901,SAN MARTIN,SAN MARTIN,TARAPOTO,STA ROSA CUMBAZA
220909,SAN MARTIN,SAN MARTIN,LA BANDA DE SHILCAYO,SANTA ELENA
220909,SAN MARTIN,SAN MARTIN,LA BANDA DE SHILCAYO,SECTOR LAGUNA VENECIA
220401,SAN MARTIN,HUALLAGA,SAPOSOA,ALTO SITULLY
220906,SAN MARTIN,SAN MARTIN,EL PORVENIR,MACHUNGO
220601,SAN MARTIN,MARISCAL CACERES,JUANJUI,CAMPANILLA
220301,SAN MARTIN,EL DORADO,SAN JOSE DE SISA,CENTRO AMERICA
220401,SAN MARTIN,HUALLAGA,SAPOSOA,MONTEVIDEO
220406,SAN MARTIN,HUALLAGA,TINGO DE SAPOSOA,TINGO DE SAPOSOA
220405,SAN MARTIN,HUALLAGA,SACANCHE,NUEVO HUANUCO
220502,SAN MARTIN,LAMAS,ALONSO DE ALVARADO,PINSHAPAMPA
220206,SAN MARTIN,BELLAVISTA,SAN RAFAEL,CARHUAPOMA
220301,SAN MARTIN,EL DORADO,SAN JOSE DE SISA,SAN JUAN DE MIRAFLORES
220301,SAN MARTIN,EL DORADO,SAN JOSE DE SISA,SANTA MARTHA
220602,SAN MARTIN,MARISCAL CACERES,CAMPANILLA,CUÏ¿½UMBUZA
220705,SAN MARTIN,PICOTA,PUCACACA,CEDRO PAMPA
220202,SAN MARTIN,BELLAVISTA,ALTO BIAVO,EL PAVO
220909,SAN MARTIN,SAN MARTIN,LA BANDA DE SHILCAYO,BEL0 HORIZONTE
220808,SAN MARTIN,RIOJA,YORONGOS,YORNGOS
220710,SAN MARTIN,PICOTA,TRES UNIDOS,PARAISO
220709,SAN MARTIN,PICOTA,TINGO DE PONASA,LIBANO
220303,SAN MARTIN,EL DORADO,SAN MARTIN,SAN MARTINDE ALAO
220909,SAN MARTIN,SAN MARTIN,LA BANDA DE SHILCAYO,SANTA ROSA KM 25
220201,SAN MARTIN,BELLAVISTA,BELLAVISTA,LAS MERCEDES
220201,SAN MARTIN,BELLAVISTA,BELLAVISTA,BUENOS AIRES
220301,SAN MARTIN,EL DORADO,SAN JOSE DE SISA,SAN IGNACIO
220603,SAN MARTIN,MARISCAL CACERES,HUICUNGO,MOJARRAS
220511,SAN MARTIN,LAMAS,ZAPATERO,ALTO ANDINO
220205,SAN MARTIN,BELLAVISTA,SAN PABLO,DOS DE MAYO
220401,SAN MARTIN,HUALLAGA,SAPOSOA,SHIMA
220401,SAN MARTIN,HUALLAGA,SAPOSOA,ALTO SACANCHE
220804,SAN MARTIN,RIOJA,NUEVA CAJAMARCA,MIRAFLORES
220301,SAN MARTIN,EL DORADO,SAN JOSE DE SISA,NAUTA
220201,SAN MARTIN,BELLAVISTA,BELLAVISTA,PERUATE
220303,SAN MARTIN,EL DORADO,SAN MARTIN,ALTO ROQUE
220701,SAN MARTIN,PICOTA,PICOTA,SANTA ROSILLO
220701,SAN MARTIN,PICOTA,PICOTA,SANTA ROSA
220304,SAN MARTIN,EL DORADO,SANTA ROSA,BARRANQUITA RIO SISA
220401,SAN MARTIN,HUALLAGA,SAPOSOA,AHUIHUA
220911,SAN MARTIN,SAN MARTIN,PAPAPLAYA,SANTA ROSA PAPAPLAYA
220909,SAN MARTIN,SAN MARTIN,LA BANDA DE SHILCAYO,LA UNION
220510,SAN MARTIN,LAMAS,TABALOSOS,ALTO UNGURAHUI
220907,SAN MARTIN,SAN MARTIN,HUIMBAYOC,LECHE
220302,SAN MARTIN,EL DORADO,AGUA BLANCA,ALTO AZANJIHUA
220401,SAN MARTIN,HUALLAGA,SAPOSOA,TANGER
220401,SAN MARTIN,HUALLAGA,SAPOSOA,NUEVO HORIZONTE
220601,SAN MARTIN,MARISCAL CACERES,JUANJUI,VILLAPRADO
220302,SAN MARTIN,EL DORADO,AGUA BLANCA,BAJO ALGORROBO
220302,SAN MARTIN,EL DORADO,AGUA BLANCA,PACASMAYO
220205,SAN MARTIN,BELLAVISTA,SAN PABLO,RAMON CASTILLA
220405,SAN MARTIN,HUALLAGA,SACANCHE,COLLPA
220701,SAN MARTIN,PICOTA,PICOTA,PONAL
220709,SAN MARTIN,PICOTA,TINGO DE PONASA,HUAÏ¿½IPO
221005,SAN MARTIN,TOCACHE,UCHIZA,BUENOS AIRES
220511,SAN MARTIN,LAMAS,ZAPATERO,CEDROPAMPA
220510,SAN MARTIN,LAMAS,TABALOSOS,SAN MIGUEL DEL RIO MAYO
220801,SAN MARTIN,RIOJA,RIOJA,RAMIRO PRIALE
220401,SAN MARTIN,HUALLAGA,SAPOSOA,SIETE DE JUNIO
220405,SAN MARTIN,HUALLAGA,SACANCHE,NUEVO SACANCHE
220105,SAN MARTIN,MOYOBAMBA,SORITOR,LUCERO
220701,SAN MARTIN,PICOTA,PICOTA,ALMIRANTE GRAU
220701,SAN MARTIN,PICOTA,PICOTA,VILLA NUEVA
220511,SAN MARTIN,LAMAS,ZAPATERO,SAN JUAN DE TALLIQUIHUI
220510,SAN MARTIN,LAMAS,TABALOSOS,SAN MIGUEL RIO MAYO
220304,SAN MARTIN,EL DORADO,SANTA ROSA,SANTA ELENA
220303,SAN MARTIN,EL DORADO,SAN MARTIN,EL PONAL
220510,SAN MARTIN,LAMAS,TABALOSOS,CASILLAYACU TABALOSOS
220904,SAN MARTIN,SAN MARTIN,CHAZUTA,ACHINAMIZA
220401,SAN MARTIN,HUALLAGA,SAPOSOA,ALMENDRAS
220602,SAN MARTIN,MARISCAL CACERES,CAMPANILLA,CENTRO AMERICA
220502,SAN MARTIN,LAMAS,ALONSO DE ALVARADO,NUEVA CHOTA
220101,SAN MARTIN,MOYOBAMBA,MOYOBAMBA,JERILLO
220301,SAN MARTIN,EL DORADO,SAN JOSE DE SISA,SAN JUAN SALADO
220804,SAN MARTIN,RIOJA,NUEVA CAJAMARCA,ALTO NARANJILLO
240101,TUMBES,TUMBES,TUMBES,BARRIO EL PACIFICO
250106,UCAYALI,CORONEL PORTILLO,NUEVA REQUENA,NUEVA PIURA
250302,UCAYALI,PADRE ABAD,IRAZOLA,C.F.B. KM. 83
250102,UCAYALI,CORONEL PORTILLO,CAMPOVERDE,C.F.B. KM. 22
250303,UCAYALI,PADRE ABAD,CURIMANA,SAN JUAN DE TAHUAPOA
250302,UCAYALI,PADRE ABAD,IRAZOLA,A.VON HUMTBOLH
250102,UCAYALI,CORONEL PORTILLO,CAMPOVERDE,LA MERCED DE NESHUYA
250102,UCAYALI,CORONEL PORTILLO,CAMPOVERDE,CAMPO VERDE KM. 31
250101,UCAYALI,CORONEL PORTILLO,CALLERIA,CAS.DOS DE MAYO
250104,UCAYALI,CORONEL PORTILLO,MASISEA,MAZARAY
250101,UCAYALI,CORONEL PORTILLO,CALLERIA,AA.HH. JOSE OLAYA
100904,HUANUCO,PUERTO INCA,TOURNAVISTA,SEMUYA
250101,UCAYALI,CORONEL PORTILLO,CALLERIA,CASERIO 9 DE FEBRERO KM.9
250101,UCAYALI,CORONEL PORTILLO,CALLERIA,PALESTINA
250101,UCAYALI,CORONEL PORTILLO,CALLERIA,NVO SAN JUAN
250101,UCAYALI,CORONEL PORTILLO,CALLERIA,LA QUEBRADA DE J.VELASCO
250101,UCAYALI,CORONEL PORTILLO,CALLERIA,A.H.LA FLORIDA
250101,UCAYALI,CORONEL PORTILLO,CALLERIA,NVA. ALIANZA
250302,UCAYALI,PADRE ABAD,IRAZOLA,VIRGEN DE FATIMA
250301,UCAYALI,PADRE ABAD,PADRE ABAD,PAMPA YURAC
250201,UCAYALI,ATALAYA,RAIMONDI,EN LA QUEBRADA SERJALI
250201,UCAYALI,ATALAYA,RAIMONDI,QUIN POR QUISHI
250201,UCAYALI,ATALAYA,RAIMONDI,LA LETRINA DE MALDON.
250101,UCAYALI,CORONEL PORTILLO,CALLERIA,QUEBRADA DE JUAN VELASCO
250101,UCAYALI,CORONEL PORTILLO,CALLERIA,SAN FRANCISCO CHACRA
250102,UCAYALI,CORONEL PORTILLO,CAMPOVERDE,CAMPO VERDE C.F.B. KM. 35
100904,HUANUCO,PUERTO INCA,TOURNAVISTA,TOURNAVISTA KM. 40
250102,UCAYALI,CORONEL PORTILLO,CAMPOVERDE,YERBA BUENA C.F.B. KM.38
100904,HUANUCO,PUERTO INCA,TOURNAVISTA,TOURNAVISTA KM 27
250303,UCAYALI,PADRE ABAD,CURIMANA,DOS DE MAYO
250303,UCAYALI,PADRE ABAD,CURIMANA,CASERIO SAN JOSE
250302,UCAYALI,PADRE ABAD,IRAZOLA,C.F.B. KM 86 A.V.H.
250302,UCAYALI,PADRE ABAD,IRAZOLA,C.F.B. KM. 8
250301,UCAYALI,PADRE ABAD,PADRE ABAD,CHACRA INCA ROCA
250302,UCAYALI,PADRE ABAD,IRAZOLA,CAS. LA MAMAM
250302,UCAYALI,PADRE ABAD,IRAZOLA,CAS. HUACAMAYLLO
250301,UCAYALI,PADRE ABAD,PADRE ABAD,CAS. PUERTO AZUL
250104,UCAYALI,CORONEL PORTILLO,MASISEA,CASERIO VISTA ALEGRE
250102,UCAYALI,CORONEL PORTILLO,CAMPOVERDE,CAS. MERCEDES DE NESHUYA
250203,UCAYALI,ATALAYA,TAHUANIA,CC.NN. TUPAC AMARU
250201,UCAYALI,ATALAYA,RAIMONDI,CC.NN. CENTRO HUAO
250301,UCAYALI,PADRE ABAD,PADRE ABAD,ALTO SANTA ANA
250201,UCAYALI,ATALAYA,RAIMONDI,CC.NN. PANCHON
250201,UCAYALI,ATALAYA,RAIMONDI,CC.NN. BAJO TANZA
250104,UCAYALI,CORONEL PORTILLO,MASISEA,CC.NN. CAIMITO
250201,UCAYALI,ATALAYA,RAIMONDI,COMUNIDAD BAJO TARIZA
250201,UCAYALI,ATALAYA,RAIMONDI,MONTE VIDEO
250104,UCAYALI,CORONEL PORTILLO,MASISEA,CASERIO ESPERANZA
250201,UCAYALI,ATALAYA,RAIMONDI,CC.NN. BAJO CHENCORENI
250201,UCAYALI,ATALAYA,RAIMONDI,QUEMPORQUISH
250105,UCAYALI,CORONEL PORTILLO,YARINACOCHA,CASERIO PADRE BERNARDO
100904,HUANUCO,PUERTO INCA,TOURNAVISTA,TORNAVISTA
250303,UCAYALI,PADRE ABAD,CURIMANA,CAS. 10 DE MARZO
160603,LORETO,UCAYALI,PADRE MARQUEZ,CC.NN. NUEVO EDEN
250102,UCAYALI,CORONEL PORTILLO,CAMPOVERDE,TOURNAVISTA
250105,UCAYALI,CORONEL PORTILLO,YARINACOCHA,TUSHMO
250302,UCAYALI,PADRE ABAD,IRAZOLA,CASERIO SINCHI ROCA
250102,UCAYALI,CORONEL PORTILLO,CAMPOVERDE,CASERIO 10 DE JULIO KM.35
250301,UCAYALI,PADRE ABAD,PADRE ABAD,CERRO  COLORADO
250301,UCAYALI,PADRE ABAD,PADRE ABAD,BOCA RAMBILLO
250102,UCAYALI,CORONEL PORTILLO,CAMPOVERDE,CASERIO 9 DE FEBRERO
250101,UCAYALI,CORONEL PORTILLO,CALLERIA,PUERTO BETHEL
250302,UCAYALI,PADRE ABAD,IRAZOLA,LOS OLIVOS
250101,UCAYALI,CORONEL PORTILLO,CALLERIA,CASERIO SANTO DOMINGO
250102,UCAYALI,CORONEL PORTILLO,CAMPOVERDE,CARRETERA TOURNAVISTA
250105,UCAYALI,CORONEL PORTILLO,YARINACOCHA,AA.HH. PERLA DE YARINA
250104,UCAYALI,CORONEL PORTILLO,MASISEA,MASARAY ALTO UCAYALI
250203,UCAYALI,ATALAYA,TAHUANIA,BOLOGNESI ALTO UCAYALI
250101,UCAYALI,CORONEL PORTILLO,CALLERIA,CASERIO PRIMAVERA
250302,UCAYALI,PADRE ABAD,IRAZOLA,CAS. BELLAVISTA
250302,UCAYALI,PADRE ABAD,IRAZOLA,SHIRINGAL BAJO
250201,UCAYALI,ATALAYA,RAIMONDI,CHICOSILLO
250203,UCAYALI,ATALAYA,TAHUANIA,BOLOGNESI
250101,UCAYALI,CORONEL PORTILLO,CALLERIA,CASERIO VISTA ALEGRE
250104,UCAYALI,CORONEL PORTILLO,MASISEA,CASERIO SANTA LUZ
250104,UCAYALI,CORONEL PORTILLO,MASISEA,TAMAYA
250102,UCAYALI,CORONEL PORTILLO,CAMPOVERDE,CASERIO 23 DE OCTUBRE
250102,UCAYALI,CORONEL PORTILLO,CAMPOVERDE,LAS PALMERAS KM.46
250101,UCAYALI,CORONEL PORTILLO,CALLERIA,CARIDAD
250105,UCAYALI,CORONEL PORTILLO,YARINACOCHA,COM. SAN FRANCISCO
250101,UCAYALI,CORONEL PORTILLO,CALLERIA,CASERIO PALESTINA
250101,UCAYALI,CORONEL PORTILLO,CALLERIA,CAS. SARGENTO LORES
250105,UCAYALI,CORONEL PORTILLO,YARINACOCHA,COM. SANTA LUCIA
250105,UCAYALI,CORONEL PORTILLO,YARINACOCHA,CAS. NUEVO PARIS
250101,UCAYALI,CORONEL PORTILLO,CALLERIA,CAS. STA SOFIA
250101,UCAYALI,CORONEL PORTILLO,CALLERIA,BAJO UCAYALI
250102,UCAYALI,CORONEL PORTILLO,CAMPOVERDE,RAMAL ZANCUDO
250101,UCAYALI,CORONEL PORTILLO,CALLERIA,CASERIO FRATERNIDAD
250101,UCAYALI,CORONEL PORTILLO,CALLERIA,SANTA ROSA NUEVO
250302,UCAYALI,PADRE ABAD,IRAZOLA,C.F.B. KM 90
250302,UCAYALI,PADRE ABAD,IRAZOLA,LOS ANGELES
250101,UCAYALI,CORONEL PORTILLO,CALLERIA,CASERIO CHANCAY
250101,UCAYALI,CORONEL PORTILLO,CALLERIA,SAN FRANCISCO
250101,UCAYALI,CORONEL PORTILLO,CALLERIA,CASERIO MIRAFLORES
250302,UCAYALI,PADRE ABAD,IRAZOLA,KM 83
250101,UCAYALI,CORONEL PORTILLO,CALLERIA,CAS.STO DOMINGO MASHANGAY
250101,UCAYALI,CORONEL PORTILLO,CALLERIA,CAS. NUEVO UCAYALI
250104,UCAYALI,CORONEL PORTILLO,MASISEA,NUEVA BETANIA
250301,UCAYALI,PADRE ABAD,PADRE ABAD,SANTA ANA
250302,UCAYALI,PADRE ABAD,IRAZOLA,CASERIO NUEVA TIWINZA
250101,UCAYALI,CORONEL PORTILLO,CALLERIA,CASERIO CUNCHURI
250102,UCAYALI,CORONEL PORTILLO,CAMPOVERDE,SAN MARTIN DE MOJARAL
250102,UCAYALI,CORONEL PORTILLO,CAMPOVERDE,STA ROSA DE LIMA
250302,UCAYALI,PADRE ABAD,IRAZOLA,KM 86 BARRIO A
250302,UCAYALI,PADRE ABAD,IRAZOLA,C.F.B. KM 64
250101,UCAYALI,CORONEL PORTILLO,CALLERIA,C.F.B. KM 12
250101,UCAYALI,CORONEL PORTILLO,CALLERIA,SU CHACRA
250101,UCAYALI,CORONEL PORTILLO,CALLERIA,C.F.B KM 10
250102,UCAYALI,CORONEL PORTILLO,CAMPOVERDE,C.F.B. KM 25
250101,UCAYALI,CORONEL PORTILLO,CALLERIA,MASARAY   ALTO UCAYALI
250104,UCAYALI,CORONEL PORTILLO,MASISEA,MASISEA  BARRIO ALTO
250101,UCAYALI,CORONEL PORTILLO,CALLERIA,JUAN VELASCO ALVARADO
250103,UCAYALI,CORONEL PORTILLO,IPARIA,CURIACA DEL CACO
250201,UCAYALI,ATALAYA,RAIMONDI,INCARI
250104,UCAYALI,CORONEL PORTILLO,MASISEA,ABUJAO
100902,HUANUCO,PUERTO INCA,CODO DEL POZUZO,CODO POZUZO
200114,PIURA,PIURA,TAMBO GRANDE,TAMBOGRADE
200114,PIURA,PIURA,TAMBO GRANDE,PALO NEGRO
200114,PIURA,PIURA,TAMBO GRANDE,COOPERATIVA
200114,PIURA,PIURA,TAMBO GRANDE,SAN LORENZO
200104,PIURA,PIURA,CASTILLA,RIO SECO BAJO
200401,PIURA,MORROPON,CHULUCANAS,CARRASQUILLO
200401,PIURA,MORROPON,CHULUCANAS,KM 48 SANTA CRUZ
200401,PIURA,MORROPON,CHULUCANAS,LA MATANZA
200302,PIURA,HUANCABAMBA,CANCHAQUE,ANDAGOS
200104,PIURA,PIURA,CASTILLA,KM 30
200307,PIURA,HUANCABAMBA,SONDOR,MANCOCUR
200401,PIURA,MORROPON,CHULUCANAS,SAUSAL   Ï¿½OMALA
200401,PIURA,MORROPON,CHULUCANAS,MALINGUITAS
200401,PIURA,MORROPON,CHULUCANAS,LA ANCAJIMA
200302,PIURA,HUANCABAMBA,CANCHAQUE,COYONA
200402,PIURA,MORROPON,BUENOS AIRES,JUAN VELASCO
200802,PIURA,SECHURA,BELLAVISTA DE LA UNION,RINCONADA LLICUAR
200409,PIURA,MORROPON,SANTO DOMINGO,SANTO DOMINGO
200401,PIURA,MORROPON,CHULUCANAS,KM 02
200401,PIURA,MORROPON,CHULUCANAS,SANTIAGUERO
200305,PIURA,HUANCABAMBA,LALAQUIZ,GUAYAQUIL BAJO
200401,PIURA,MORROPON,CHULUCANAS,Ï¿½OMALA
200401,PIURA,MORROPON,CHULUCANAS,KM. 62
200110,PIURA,PIURA,LA UNION,EL TALLAN
200101,PIURA,PIURA,PIURA,COLEGIO SORDOS MUDOS
200405,PIURA,MORROPON,MORROPON,SAN LUIS
200405,PIURA,MORROPON,MORROPON,EL CEREZO
200107,PIURA,PIURA,CURA MORI,CURA MORI
200110,PIURA,PIURA,LA UNION,CANIZAL
010602,AMAZONAS,RODRIGUEZ DE MENDOZA,CHIRIMOTO,LAS PALMERAS
010604,AMAZONAS,RODRIGUEZ DE MENDOZA,HUAMBO,BARBASCO
010609,AMAZONAS,RODRIGUEZ DE MENDOZA,OMIA,GEBIL
010103,AMAZONAS,CHACHAPOYAS,BALSAS,TUCA
010402,AMAZONAS,CONDORCANQUI,EL CENEPA,TUAYANQUE
010205,AMAZONAS,BAGUA,IMAZA,WICHIM
010401,AMAZONAS,CONDORCANQUI,NIEVA,TUPLAT
010401,AMAZONAS,CONDORCANQUI,NIEVA,NAPURUCA
010401,AMAZONAS,CONDORCANQUI,NIEVA,CHINGAMAR
010205,AMAZONAS,BAGUA,IMAZA,KUSU GRANDE
010205,AMAZONAS,BAGUA,IMAZA,WAWICO
010205,AMAZONAS,BAGUA,IMAZA,EMASUD
010403,AMAZONAS,CONDORCANQUI,RIO SANTIAGO,PALOMETA
010402,AMAZONAS,CONDORCANQUI,EL CENEPA,KANGA
010205,AMAZONAS,BAGUA,IMAZA,KUSU WACHAPEA
010403,AMAZONAS,CONDORCANQUI,RIO SANTIAGO,KAYAMAS
010403,AMAZONAS,CONDORCANQUI,RIO SANTIAGO,CATERPIZA
010403,AMAZONAS,CONDORCANQUI,RIO SANTIAGO,MUCHINQUIN
010205,AMAZONAS,BAGUA,IMAZA,PAKUM
010205,AMAZONAS,BAGUA,IMAZA,CHINGANZA
010401,AMAZONAS,CONDORCANQUI,NIEVA,SAN FERNANDO
010401,AMAZONAS,CONDORCANQUI,NIEVA,PUPUNTAS
010402,AMAZONAS,CONDORCANQUI,EL CENEPA,NAGEM
010205,AMAZONAS,BAGUA,IMAZA,DUSHIP
010401,AMAZONAS,CONDORCANQUI,NIEVA,CHALACO   EL RON
010401,AMAZONAS,CONDORCANQUI,NIEVA,GAPAINT ESCUELA
010401,AMAZONAS,CONDORCANQUI,NIEVA,ALTO PAKIT
010401,AMAZONAS,CONDORCANQUI,NIEVA,NUMPARKET
010403,AMAZONAS,CONDORCANQUI,RIO SANTIAGO,AYACHIM
010403,AMAZONAS,CONDORCANQUI,RIO SANTIAGO,TITISCAS
010205,AMAZONAS,BAGUA,IMAZA,BAJO TUNTUS
010205,AMAZONAS,BAGUA,IMAZA,CHIMIM
010401,AMAZONAS,CONDORCANQUI,NIEVA,PUTUYACA
010701,AMAZONAS,UTCUBAMBA,BAGUA GRANDE,NUEVO HORIZONTE
010202,AMAZONAS,BAGUA,ARAMANGO,POMARA
010205,AMAZONAS,BAGUA,IMAZA,SIJIAT
010403,AMAZONAS,CONDORCANQUI,RIO SANTIAGO,PAMPAENTSA
010205,AMAZONAS,BAGUA,IMAZA,NUMPATKAIM
010402,AMAZONAS,CONDORCANQUI,EL CENEPA,COMAINAS
010205,AMAZONAS,BAGUA,IMAZA,SHININ
010401,AMAZONAS,CONDORCANQUI,NIEVA,PANTAN
010403,AMAZONAS,CONDORCANQUI,RIO SANTIAGO,PASHIS
010205,AMAZONAS,BAGUA,IMAZA,SANENTSA
010401,AMAZONAS,CONDORCANQUI,NIEVA,IPACUMA
010401,AMAZONAS,CONDORCANQUI,NIEVA,URUKUSA
010403,AMAZONAS,CONDORCANQUI,RIO SANTIAGO,YUJANQUIN
010205,AMAZONAS,BAGUA,IMAZA,NUMPATKAIN
010205,AMAZONAS,BAGUA,IMAZA,SHAPI
010401,AMAZONAS,CONDORCANQUI,NIEVA,TUNDUZA
010403,AMAZONAS,CONDORCANQUI,RIO SANTIAGO,SHINGANAZA
010403,AMAZONAS,CONDORCANQUI,RIO SANTIAGO,KAMITENTSA
010205,AMAZONAS,BAGUA,IMAZA,ZUCUTIN
010403,AMAZONAS,CONDORCANQUI,RIO SANTIAGO,CAMIENTSA
010205,AMAZONAS,BAGUA,IMAZA,SHUNIN
010402,AMAZONAS,CONDORCANQUI,EL CENEPA,CANGA
010401,AMAZONAS,CONDORCANQUI,NIEVA,ALTO PUMPUSHAK
010401,AMAZONAS,CONDORCANQUI,NIEVA,KAYACUSHA
010703,AMAZONAS,UTCUBAMBA,CUMBA,NUEVA ESPERANZA
010402,AMAZONAS,CONDORCANQUI,EL CENEPA,CAMPIÏ¿½AS
010202,AMAZONAS,BAGUA,ARAMANGO,SAN FRANCISCO
010205,AMAZONAS,BAGUA,IMAZA,TEMAZNU
010403,AMAZONAS,CONDORCANQUI,RIO SANTIAGO,ESPERANZA
010205,AMAZONAS,BAGUA,IMAZA,AUTOCAEN
010205,AMAZONAS,BAGUA,IMAZA,COCHA VERDE
010205,AMAZONAS,BAGUA,IMAZA,KAYAMAS
010205,AMAZONAS,BAGUA,IMAZA,ALTO TUNTUS
010403,AMAZONAS,CONDORCANQUI,RIO SANTIAGO,TIPISHKA
010205,AMAZONAS,BAGUA,IMAZA,HUANCABAMBA
010403,AMAZONAS,CONDORCANQUI,RIO SANTIAGO,PUMPUBISH
060808,CAJAMARCA,JAEN,PUCARA,AYAHUACA
060804,CAJAMARCA,JAEN,COLASAY,LATE
060901,CAJAMARCA,SAN IGNACIO,SAN IGNACIO,PERINGOS
060812,CAJAMARCA,JAEN,SANTA ROSA,SAN MARTIN
060812,CAJAMARCA,JAEN,SANTA ROSA,PALEO
060801,CAJAMARCA,JAEN,JAEN,YANUYACU
060905,CAJAMARCA,SAN IGNACIO,NAMBALLE,SAN ANTONIO
060606,CAJAMARCA,CUTERVO,PIMPINGOS,LA ESPERANZA
060606,CAJAMARCA,CUTERVO,PIMPINGOS,EL MICHINO
060606,CAJAMARCA,CUTERVO,PIMPINGOS,CASA BLANCA
060801,CAJAMARCA,JAEN,JAEN,MALVINAS
060601,CAJAMARCA,CUTERVO,CUTERVO,PUNTURCO
060801,CAJAMARCA,JAEN,JAEN,ALTO JAEN
060906,CAJAMARCA,SAN IGNACIO,SAN JOSE DE LOURDES,HUAQUILLO
060802,CAJAMARCA,JAEN,BELLAVISTA,EL BATAN
060801,CAJAMARCA,JAEN,JAEN,LAS NARANJAS
060801,CAJAMARCA,JAEN,JAEN,LA PERLA
060801,CAJAMARCA,JAEN,JAEN,LA GRANJA
060606,CAJAMARCA,CUTERVO,PIMPINGOS,PERINGOS
060902,CAJAMARCA,SAN IGNACIO,CHIRINOS,CEREZAL
060802,CAJAMARCA,JAEN,BELLAVISTA,AMBATO
150118,LIMA,LIMA,LURIGANCHO,JICAMARCA
190304,PASCO,OXAPAMPA,PALCAZU,PICHIS
060609,CAJAMARCA,CUTERVO,SAN JUAN DE CUTERVO,SANTA ROSA
060602,CAJAMARCA,CUTERVO,CALLAYUC,YAPANA
060602,CAJAMARCA,CUTERVO,CALLAYUC,LADRILLERA
060606,CAJAMARCA,CUTERVO,PIMPINGOS,PIMPINCOS
150118,LIMA,LIMA,LURIGANCHO,DISTRITO RICARDO PALMA
150132,LIMA,LIMA,SAN JUAN DE LURIGANCHO,MSCAL.CACERES MZ.D17 LT30
150123,LIMA,LIMA,PACHACAMAC,MANZANO
150119,LIMA,LIMA,LURIN,CASABLANCA
050611,AYACUCHO,LUCANAS,LUCANAS,ZANCOS
150508,LIMA,CAÏ¿½ETE,LUNAHUANA,LANGLA
150506,LIMA,CAÏ¿½ETE,COAYLLO,COAYLLO
050507,AYACUCHO,LA MAR,SANTA ROSA,NUEVA JERUSALEN
050502,AYACUCHO,LA MAR,ANCO,BUENA GANA
050501,AYACUCHO,LA MAR,SAN MIGUEL,PICHIHUILLCA
050407,AYACUCHO,HUANTA,SIVIA,SAMAMARCA
050408,AYACUCHO,HUANTA,LLOCHEGUA,CORAZONPATA
050408,AYACUCHO,HUANTA,LLOCHEGUA,SANTA ROSA
050503,AYACUCHO,LA MAR,AYNA,PASÏ¿½ATO
050505,AYACUCHO,LA MAR,CHUNGUI,LLANCCAPATA
080908,CUSCO,LA CONVENCION,SANTA TERESA,YANATILE
080902,CUSCO,LA CONVENCION,ECHARATE,ZONAQUISIATO
080902,CUSCO,LA CONVENCION,ECHARATE,SAHUAYACO
080206,CUSCO,ACOMAYO,RONDOCAN,RONDOCAN
080910,CUSCO,LA CONVENCION,PICHARI,PUETO MAYO
080902,CUSCO,LA CONVENCION,ECHARATE,SHIVANCORINI
080902,CUSCO,LA CONVENCION,ECHARATE,MANGURIARI
081106,CUSCO,PAUCARTAMBO,KOSÏ¿½IPATA,PIÏ¿½I PIÏ¿½I
080902,CUSCO,LA CONVENCION,ECHARATE,CHOCORIARI
170101,MADRE DE DIOS,TAMBOPATA,TAMBOPATA,CULEBRAYOC
081203,CUSCO,QUISPICANCHI,CAMANTI,HUACYUMBRE
081106,CUSCO,PAUCARTAMBO,KOSÏ¿½IPATA,ATALAYA PILCOAPTA
080902,CUSCO,LA CONVENCION,ECHARATE,CHAPO SANATARIATO
080902,CUSCO,LA CONVENCION,ECHARATE,ZONASQUISIATO
080902,CUSCO,LA CONVENCION,ECHARATE,CIRIALO
080906,CUSCO,LA CONVENCION,QUELLOUNO,HUILLCAPAMPA
080902,CUSCO,LA CONVENCION,ECHARATE,PUYENTIMARI
080902,CUSCO,LA CONVENCION,ECHARATE,SABABANTIARI
080408,CUSCO,CALCA,YANATILE,CCOLCA
080902,CUSCO,LA CONVENCION,ECHARATE,CINTA VERDE
080902,CUSCO,LA CONVENCION,ECHARATE,KUAY
080408,CUSCO,CALCA,YANATILE,QUEBRADA
080902,CUSCO,LA CONVENCION,ECHARATE,KASHIRIARI
080909,CUSCO,LA CONVENCION,VILCABAMBA,SAJITAY
080902,CUSCO,LA CONVENCION,ECHARATE,ALTO KORIVENI
170101,MADRE DE DIOS,TAMBOPATA,TAMBOPATA,COLORADO
080906,CUSCO,LA CONVENCION,QUELLOUNO,PAMPA BLANCA
080902,CUSCO,LA CONVENCION,ECHARATE,NUEVA ESPERANZA
080902,CUSCO,LA CONVENCION,ECHARATE,SANTOATO
080902,CUSCO,LA CONVENCION,ECHARATE,ALTO MANTALO
080902,CUSCO,LA CONVENCION,ECHARATE,KIRIGUETI
080907,CUSCO,LA CONVENCION,KIMBIRI,KIMBIRI ALTO
080909,CUSCO,LA CONVENCION,VILCABAMBA,NUEVA LUZ
081106,CUSCO,PAUCARTAMBO,KOSÏ¿½IPATA,RIO CARBON
081203,CUSCO,QUISPICANCHI,CAMANTI,LIMONHAY
081106,CUSCO,PAUCARTAMBO,KOSÏ¿½IPATA,BAJO KEROS
170201,MADRE DE DIOS,MANU,MANU,SINTUYA
080902,CUSCO,LA CONVENCION,ECHARATE,ALTO CALIFORNIA
080902,CUSCO,LA CONVENCION,ECHARATE,SHERIMPIARI
081203,CUSCO,QUISPICANCHI,CAMANTI,YURACMAYO
081209,CUSCO,QUISPICANCHI,MARCAPATA,SAN LORENZO
100903,HUANUCO,PUERTO INCA,HONORIA,SEMUYA
100604,HUANUCO,LEONCIO PRADO,JOSE CRESPO Y CASTILLO,SAN MARTIN DE PUCATE
100606,HUANUCO,LEONCIO PRADO,MARIANO DAMASO BERAUN,SANTA ANA
100604,HUANUCO,LEONCIO PRADO,JOSE CRESPO Y CASTILLO,CAIMITO
100901,HUANUCO,PUERTO INCA,PUERTO INCA,BUENA VISTA
100604,HUANUCO,LEONCIO PRADO,JOSE CRESPO Y CASTILLO,MADRE MIA
100604,HUANUCO,LEONCIO PRADO,JOSE CRESPO Y CASTILLO,MALECON SANGAPILLA  MISTI
100605,HUANUCO,LEONCIO PRADO,LUYANDO,CORA CORA
100606,HUANUCO,LEONCIO PRADO,MARIANO DAMASO BERAUN,INTI
100702,HUANUCO,MARAÏ¿½ON,CHOLON,HUAMUTO  LA MORADA
100904,HUANUCO,PUERTO INCA,TOURNAVISTA,UNION CARBAJAL
100604,HUANUCO,LEONCIO PRADO,JOSE CRESPO Y CASTILLO,PACAE ALTO
100901,HUANUCO,PUERTO INCA,PUERTO INCA,EL TRIUNFO
100606,HUANUCO,LEONCIO PRADO,MARIANO DAMASO BERAUN,CHONTAPLAYA
100606,HUANUCO,LEONCIO PRADO,MARIANO DAMASO BERAUN,HUACHIPA
100602,HUANUCO,LEONCIO PRADO,DANIEL ALOMIA ROBLES,TOPA
100606,HUANUCO,LEONCIO PRADO,MARIANO DAMASO BERAUN,MONTEVIDEO
100604,HUANUCO,LEONCIO PRADO,JOSE CRESPO Y CASTILLO,OLIVOS
100902,HUANUCO,PUERTO INCA,CODO DEL POZUZO,NUEVA ESMERALDA
100901,HUANUCO,PUERTO INCA,PUERTO INCA,PUEBLO NUEVO
100904,HUANUCO,PUERTO INCA,TOURNAVISTA,BELLO HORIZONTE
100507,HUANUCO,HUAMALIES,MONZON,MAAHUIYAY
100604,HUANUCO,LEONCIO PRADO,JOSE CRESPO Y CASTILLO,SAIPAY
100904,HUANUCO,PUERTO INCA,TOURNAVISTA,RELIQUIA
100901,HUANUCO,PUERTO INCA,PUERTO INCA,DOS DE  MAYO
100602,HUANUCO,LEONCIO PRADO,DANIEL ALOMIA ROBLES,J.C TELLO
100604,HUANUCO,LEONCIO PRADO,JOSE CRESPO Y CASTILLO,NUEVO PROGRESO
100601,HUANUCO,LEONCIO PRADO,RUPA-RUPA,HUAGANPANPA
100604,HUANUCO,LEONCIO PRADO,JOSE CRESPO Y CASTILLO,RAMAL
100901,HUANUCO,PUERTO INCA,PUERTO INCA,FLORES BAJA
100604,HUANUCO,LEONCIO PRADO,JOSE CRESPO Y CASTILLO,PAVAYACU
100902,HUANUCO,PUERTO INCA,CODO DEL POZUZO,BAJO MASHOCA
100904,HUANUCO,PUERTO INCA,TOURNAVISTA,PTOGRESO
100702,HUANUCO,MARAÏ¿½ON,CHOLON,LA MOARADA
100905,HUANUCO,PUERTO INCA,YUYAPICHIS,LEONCIO PRADO
100903,HUANUCO,PUERTO INCA,HONORIA,SAN ANTONIO
100602,HUANUCO,LEONCIO PRADO,DANIEL ALOMIA ROBLES,SAN PABLO
100802,HUANUCO,PACHITEA,CHAGLLA,SANTA RITA BAJA
100904,HUANUCO,PUERTO INCA,TOURNAVISTA,MONTE SINAI
100606,HUANUCO,LEONCIO PRADO,MARIANO DAMASO BERAUN,SANTA ROSA
100601,HUANUCO,LEONCIO PRADO,RUPA-RUPA,HUNCANAPANDO
100702,HUANUCO,MARAÏ¿½ON,CHOLON,SAN JUAN CULEBRA
100901,HUANUCO,PUERTO INCA,PUERTO INCA,SHEBONYA
100902,HUANUCO,PUERTO INCA,CODO DEL POZUZO,ALTO MACHUCA
100605,HUANUCO,LEONCIO PRADO,LUYANDO,ANTONIO MANSILLA
100507,HUANUCO,HUAMALIES,MONZON,SAN BENITO
100901,HUANUCO,PUERTO INCA,PUERTO INCA,P.S.SHEBONYA
100901,HUANUCO,PUERTO INCA,PUERTO INCA,CLEITON
100507,HUANUCO,HUAMALIES,MONZON,INTI
120606,JUNIN,SATIPO,PANGOA,BETANIA
120607,JUNIN,SATIPO,RIO NEGRO,RIO BERTHA
120606,JUNIN,SATIPO,PANGOA,PANGA
120607,JUNIN,SATIPO,RIO NEGRO,FLOR DE MARIA
120601,JUNIN,SATIPO,SATIPO,PARAUSHALI
120601,JUNIN,SATIPO,SATIPO,SANIBENI
120603,JUNIN,SATIPO,LLAYLLA,HERMOSA PAMPA
120602,JUNIN,SATIPO,COVIRIALI,3 DE OCTUBRE
120607,JUNIN,SATIPO,RIO NEGRO,CUSHIVIANI
120607,JUNIN,SATIPO,RIO NEGRO,PORTILLO ALTO
120607,JUNIN,SATIPO,RIO NEGRO,RIO NEGRO MIÏ¿½ARO
120603,JUNIN,SATIPO,LLAYLLA,HERMOZA PAMPA
120601,JUNIN,SATIPO,SATIPO,ALTO HUAHUARI
120603,JUNIN,SATIPO,LLAYLLA,LLAYLLA
120607,JUNIN,SATIPO,RIO NEGRO,PITOCUNA
120607,JUNIN,SATIPO,RIO NEGRO,UNION CUVIRIAKI
120607,JUNIN,SATIPO,RIO NEGRO,CANARIAKI
060502,CAJAMARCA,CONTUMAZA,CHILETE,LEVIS
060501,CAJAMARCA,CONTUMAZA,CONTUMAZA,CASERIO CORRALES
130401,LA LIBERTAD,CHEPEN,CHEPEN,HUABAL
130205,LA LIBERTAD,ASCOPE,PAIJAN,CAMPIÏ¿½A CHUMPON . PAIJAN
130701,LA LIBERTAD,PACASMAYO,SAN PEDRO DE LLOC,CUGUAY
140307,LAMBAYEQUE,LAMBAYEQUE,MOTUPE,ESCUZA BARAJA
140310,LAMBAYEQUE,LAMBAYEQUE,SALAS,TEMPON
160606,LORETO,UCAYALI,VARGAS GUERRA,SARAYQUILLO
160505,LORETO,REQUENA,MAQUIA,BOLIVAR
160303,LORETO,LORETO,TIGRE,SANTA CLARA
160113,LORETO,MAYNAS,SAN JUAN BAUTISTA,CAMP. VARGAS GUERRA
160606,LORETO,UCAYALI,VARGAS GUERRA,VICTORIA
160602,LORETO,UCAYALI,INAHUAYA,LAGARTILLO
160105,LORETO,MAYNAS,LAS AMAZONAS,SAN SALVADOR
160505,LORETO,REQUENA,MAQUIA,ARICA
160107,LORETO,MAYNAS,NAPO,CASERIO PUERTO HUAMAN
160511,LORETO,REQUENA,YAQUERANA,008108
160107,LORETO,MAYNAS,NAPO,045008
160105,LORETO,MAYNAS,LAS AMAZONAS,SAN ISIDRO
160606,LORETO,UCAYALI,VARGAS GUERRA,SHISPIPO
160403,LORETO,MARISCAL RAMON CASTILLA,YAVARI,DOS DE MAYO
160402,LORETO,MARISCAL RAMON CASTILLA,PEBAS,HUANCO
160105,LORETO,MAYNAS,LAS AMAZONAS,IRLANDA
160211,LORETO,ALTO AMAZONAS,TENIENTE CESAR LOPEZ ROJAS,110005
160705,LORETO,DATEM DEL MARAÏ¿½ON,PASTAZA,PURANCHIN
160704,LORETO,DATEM DEL MARAÏ¿½ON,MORONA,030008
160202,LORETO,ALTO AMAZONAS,BALSAPUERTO,030508
160705,LORETO,DATEM DEL MARAÏ¿½ON,PASTAZA,ALIANZA TOPAL
160705,LORETO,DATEM DEL MARAÏ¿½ON,PASTAZA,FANITZA
160108,LORETO,MAYNAS,PUNCHANA,CASERIO INDEPENDENCIA
160304,LORETO,LORETO,TROMPETEROS,006000
160105,LORETO,MAYNAS,LAS AMAZONAS,SAN JOSE YANASHI
160105,LORETO,MAYNAS,LAS AMAZONAS,ORELLANA
160401,LORETO,MARISCAL RAMON CASTILLA,RAMON CASTILLA,RONDIÏ¿½A
160103,LORETO,MAYNAS,FERNANDO LORES,087005
160206,LORETO,ALTO AMAZONAS,LAGUNAS,SANTA MARTHA
160401,LORETO,MARISCAL RAMON CASTILLA,RAMON CASTILLA,RAUDINO 1Ï¿½
160402,LORETO,MARISCAL RAMON CASTILLA,PEBAS,COCHIQUINO
160601,LORETO,UCAYALI,CONTAMANA,054005
160302,LORETO,LORETO,PARINARI,SAN MARTIN DE TIPISHCA
160103,LORETO,MAYNAS,FERNANDO LORES,CAS.TARAPACA QBDRA TAMSHI
160113,LORETO,MAYNAS,SAN JUAN BAUTISTA,136005
160112,LORETO,MAYNAS,BELEN,056005
160201,LORETO,ALTO AMAZONAS,YURIMAGUAS,047105
160302,LORETO,LORETO,PARINARI,PUERTO AMERICA
160301,LORETO,LORETO,NAUTA,BUEN FIN
160110,LORETO,MAYNAS,TORRES CAUSANA,SANTA MARIA
160604,LORETO,UCAYALI,PAMPA HERMOSA,003005
160505,LORETO,REQUENA,MAQUIA,PALMIRA
160113,LORETO,MAYNAS,SAN JUAN BAUTISTA,055005
160108,LORETO,MAYNAS,PUNCHANA,095005
160104,LORETO,MAYNAS,INDIANA,CASERIO SAN LUIS
160108,LORETO,MAYNAS,PUNCHANA,CASERIO SANTA ROSA
160601,LORETO,UCAYALI,CONTAMANA,051005
160606,LORETO,UCAYALI,VARGAS GUERRA,DORADO
160604,LORETO,UCAYALI,PAMPA HERMOSA,001005
160602,LORETO,UCAYALI,INAHUAYA,002005
160301,LORETO,LORETO,NAUTA,SANTO DOMINGO
160501,LORETO,REQUENA,REQUENA,YANALLPA
160404,LORETO,MARISCAL RAMON CASTILLA,SAN PABLO,MAIRUMO
160101,LORETO,MAYNAS,IQUITOS,CASERIO SAN AUGUSTO
160113,LORETO,MAYNAS,SAN JUAN BAUTISTA,000202
160108,LORETO,MAYNAS,PUNCHANA,BAJO AMAZONAS
160202,LORETO,ALTO AMAZONAS,BALSAPUERTO,048008
160701,LORETO,DATEM DEL MARAÏ¿½ON,BARRANCA,BRISTOL
160704,LORETO,DATEM DEL MARAÏ¿½ON,MORONA,007008
160107,LORETO,MAYNAS,NAPO,SANTA MARIA CURARAY
160401,LORETO,MARISCAL RAMON CASTILLA,RAMON CASTILLA,SAN ANTONIO
160304,LORETO,LORETO,TROMPETEROS,012008
160108,LORETO,MAYNAS,PUNCHANA,010105
160101,LORETO,MAYNAS,IQUITOS,000402
160206,LORETO,ALTO AMAZONAS,LAGUNAS,019105
160401,LORETO,MARISCAL RAMON CASTILLA,RAMON CASTILLA,EDEN DE LA FRONTERA
160606,LORETO,UCAYALI,VARGAS GUERRA,VACACHANADO
160601,LORETO,UCAYALI,CONTAMANA,017005
160107,LORETO,MAYNAS,NAPO,NUEVO YARINA
160101,LORETO,MAYNAS,IQUITOS,JESUS PAENZ 368
160113,LORETO,MAYNAS,SAN JUAN BAUTISTA,A.H. ROSA PANDURO
160101,LORETO,MAYNAS,IQUITOS,CALLE QUINTANILLA
160206,LORETO,ALTO AMAZONAS,LAGUNAS,001008
160205,LORETO,ALTO AMAZONAS,JEBEROS,SANTA FE
160401,LORETO,MARISCAL RAMON CASTILLA,RAMON CASTILLA,ROCINA II ZONA
160302,LORETO,LORETO,PARINARI,SAN JOSE
160105,LORETO,MAYNAS,LAS AMAZONAS,063005
160112,LORETO,MAYNAS,BELEN,CASERIO LIMON
160511,LORETO,REQUENA,YAQUERANA,ESTIRON
160705,LORETO,DATEM DEL MARAÏ¿½ON,PASTAZA,078008
160704,LORETO,DATEM DEL MARAÏ¿½ON,MORONA,055108
160503,LORETO,REQUENA,CAPELO,NVO. IQUITOS
160304,LORETO,LORETO,TROMPETEROS,PALMERAS
160601,LORETO,UCAYALI,CONTAMANA,LOURDES DE TIPISHCA
160605,LORETO,UCAYALI,SARAYACU,006005
160605,LORETO,UCAYALI,SARAYACU,045005
160107,LORETO,MAYNAS,NAPO,TUPA PISHCO
160107,LORETO,MAYNAS,NAPO,PATRIA NUEVA
160105,LORETO,MAYNAS,LAS AMAZONAS,ATUNCOCHA
160105,LORETO,MAYNAS,LAS AMAZONAS,TIPISHCA
160105,LORETO,MAYNAS,LAS AMAZONAS,ISLANDIA
160105,LORETO,MAYNAS,LAS AMAZONAS,SAN ANTONIO DE MARUPA
160702,LORETO,DATEM DEL MARAÏ¿½ON,CAHUAPANAS,009008
160704,LORETO,DATEM DEL MARAÏ¿½ON,MORONA,027008
160113,LORETO,MAYNAS,SAN JUAN BAUTISTA,088005
160113,LORETO,MAYNAS,SAN JUAN BAUTISTA,000021
160103,LORETO,MAYNAS,FERNANDO LORES,TAPIRA GRANDE
160108,LORETO,MAYNAS,PUNCHANA,CASERIO MAYNAS
160108,LORETO,MAYNAS,PUNCHANA,CASERIO PUNTO ALEGRE
160101,LORETO,MAYNAS,IQUITOS,SAN RAFAEL
160101,LORETO,MAYNAS,IQUITOS,TIMICURILLO
160302,LORETO,LORETO,PARINARI,LEONCIO PADRO
160404,LORETO,MARISCAL RAMON CASTILLA,SAN PABLO,EMILIA VARCIA
160106,LORETO,MAYNAS,MAZAN,NUEVO MEXICO
160304,LORETO,LORETO,TROMPETEROS,STA ISABEL DE COPAL
160401,LORETO,MARISCAL RAMON CASTILLA,RAMON CASTILLA,RUBINA II ZONA
160701,LORETO,DATEM DEL MARAÏ¿½ON,BARRANCA,COPAL POTRO
160113,LORETO,MAYNAS,SAN JUAN BAUTISTA,000027
160401,LORETO,MARISCAL RAMON CASTILLA,RAMON CASTILLA,MARIO RIVERA
160703,LORETO,DATEM DEL MARAÏ¿½ON,MANSERICHE,041008
160705,LORETO,DATEM DEL MARAÏ¿½ON,PASTAZA,PTO GALILEA
160702,LORETO,DATEM DEL MARAÏ¿½ON,CAHUAPANAS,INAYUNGA
160504,LORETO,REQUENA,EMILIO SAN MARTIN,NUEVO JESURALEN
160101,LORETO,MAYNAS,IQUITOS,VILLA ESTER
160301,LORETO,LORETO,NAUTA,ESSALUD NAUTA
160107,LORETO,MAYNAS,NAPO,LANCHAPOZA
160401,LORETO,MARISCAL RAMON CASTILLA,RAMON CASTILLA,NAZARETH
160705,LORETO,DATEM DEL MARAÏ¿½ON,PASTAZA,SHANSHOCOCHA
160606,LORETO,UCAYALI,VARGAS GUERRA,000005
160501,LORETO,REQUENA,REQUENA,HUARMI ISLA
160511,LORETO,REQUENA,YAQUERANA,SAN JUAN
160112,LORETO,MAYNAS,BELEN,000022
160108,LORETO,MAYNAS,PUNCHANA,102005
160107,LORETO,MAYNAS,NAPO,NUEVO SAN PEDRO
160211,LORETO,ALTO AMAZONAS,TENIENTE CESAR LOPEZ ROJAS,090005
160404,LORETO,MARISCAL RAMON CASTILLA,SAN PABLO,ALO MONTE
160403,LORETO,MARISCAL RAMON CASTILLA,YAVARI,PALO SECO
160105,LORETO,MAYNAS,LAS AMAZONAS,CASERIO NUEVO TRIUNFO
160801,LORETO,PUTUMAYO,PUTUMAYO,8 DE DICIEMBRE
160606,LORETO,UCAYALI,VARGAS GUERRA,045005
160110,LORETO,MAYNAS,TORRES CAUSANA,CAMUNCUY
160112,LORETO,MAYNAS,BELEN,046005
160205,LORETO,ALTO AMAZONAS,JEBEROS,LAGUNILLA
160701,LORETO,DATEM DEL MARAÏ¿½ON,BARRANCA,042008
160705,LORETO,DATEM DEL MARAÏ¿½ON,PASTAZA,PTO. PIRUMBA
160107,LORETO,MAYNAS,NAPO,PUCA BARRANCA
160403,LORETO,MARISCAL RAMON CASTILLA,YAVARI,SAN PEDRO
160103,LORETO,MAYNAS,FERNANDO LORES,SAN PEDRO
160303,LORETO,LORETO,TIGRE,PAICHE PLAYA
160103,LORETO,MAYNAS,FERNANDO LORES,105105
160102,LORETO,MAYNAS,ALTO NANAY,MONTE CALVARIO
160211,LORETO,ALTO AMAZONAS,TENIENTE CESAR LOPEZ ROJAS,054005
160703,LORETO,DATEM DEL MARAÏ¿½ON,MANSERICHE,PTO LINDA
160705,LORETO,DATEM DEL MARAÏ¿½ON,PASTAZA,049008
160105,LORETO,MAYNAS,LAS AMAZONAS,AYZANA
160601,LORETO,UCAYALI,CONTAMANA,LA UNION
160107,LORETO,MAYNAS,NAPO,WIRIMA
160501,LORETO,REQUENA,REQUENA,NUEVO CARIBE
160501,LORETO,REQUENA,REQUENA,A.TOLEDO SN
160702,LORETO,DATEM DEL MARAÏ¿½ON,CAHUAPANAS,039008
160702,LORETO,DATEM DEL MARAÏ¿½ON,CAHUAPANAS,032008
160113,LORETO,MAYNAS,SAN JUAN BAUTISTA,CARRET.IQUITOS NAUTA KM60
160501,LORETO,REQUENA,REQUENA,EUGORA
160103,LORETO,MAYNAS,FERNANDO LORES,TAMPIRA CHICO
160601,LORETO,UCAYALI,CONTAMANA,039105
160704,LORETO,DATEM DEL MARAÏ¿½ON,MORONA,043005
160702,LORETO,DATEM DEL MARAÏ¿½ON,CAHUAPANAS,PANDORA
160601,LORETO,UCAYALI,CONTAMANA,NUEVA OLAYA
160302,LORETO,LORETO,PARINARI,SAN JOSE DE PARINARI
160105,LORETO,MAYNAS,LAS AMAZONAS,CASERIO ISLANDIA
160304,LORETO,LORETO,TROMPETEROS,NUEVO SAN JOSE
160107,LORETO,MAYNAS,NAPO,COPAYAICU
160201,LORETO,ALTO AMAZONAS,YURIMAGUAS,026105
160702,LORETO,DATEM DEL MARAÏ¿½ON,CAHUAPANAS,YANAYACU
160501,LORETO,REQUENA,REQUENA,LUCIANA
160601,LORETO,UCAYALI,CONTAMANA,046005
160401,LORETO,MARISCAL RAMON CASTILLA,RAMON CASTILLA,ISLA DEL TIGRE
160705,LORETO,DATEM DEL MARAÏ¿½ON,PASTAZA,056108
160404,LORETO,MARISCAL RAMON CASTILLA,SAN PABLO,CEBALLOS
160108,LORETO,MAYNAS,PUNCHANA,046005
160112,LORETO,MAYNAS,BELEN,073005
160606,LORETO,UCAYALI,VARGAS GUERRA,ALFA OMEGA
160301,LORETO,LORETO,NAUTA,SAN RAFAEL DE TAPIRILLO
160302,LORETO,LORETO,PARINARI,7 DE JUNIO
160504,LORETO,REQUENA,EMILIO SAN MARTIN,SAN ANTONIO NUEVO
160206,LORETO,ALTO AMAZONAS,LAGUNAS,018008
160202,LORETO,ALTO AMAZONAS,BALSAPUERTO,031308
160401,LORETO,MARISCAL RAMON CASTILLA,RAMON CASTILLA,JOSE CARLOS MAREATEGUI
160501,LORETO,REQUENA,REQUENA,CALLE MANAUS S N
160504,LORETO,REQUENA,EMILIO SAN MARTIN,SANTA LUCIA
160702,LORETO,DATEM DEL MARAÏ¿½ON,CAHUAPANAS,SANTA CLARA
160103,LORETO,MAYNAS,FERNANDO LORES,TAPIRA NUEVA I ZONA
160103,LORETO,MAYNAS,FERNANDO LORES,TAPIRA NUEVA II ZONA
160302,LORETO,LORETO,PARINARI,NUEVO ARICA
160302,LORETO,LORETO,PARINARI,NUEVA ARICA
160305,LORETO,LORETO,URARINAS,SAN FRANCISCO
160501,LORETO,REQUENA,REQUENA,PETROPERU SN
160705,LORETO,DATEM DEL MARAÏ¿½ON,PASTAZA,WAGNIR
160402,LORETO,MARISCAL RAMON CASTILLA,PEBAS,IRI
160108,LORETO,MAYNAS,PUNCHANA,CASERIO PORVENIR
160107,LORETO,MAYNAS,NAPO,NUEVO LIBERTADORES
160601,LORETO,UCAYALI,CONTAMANA,SAN CARLOS
160505,LORETO,REQUENA,MAQUIA,SANTA ISABEL
160510,LORETO,REQUENA,JENARO HERRERA,SAN MARCOS
160301,LORETO,LORETO,NAUTA,SANTA EMILIA
160304,LORETO,LORETO,TROMPETEROS,NUEVO PORVENIR
160603,LORETO,UCAYALI,PADRE MARQUEZ,PORVENIR
160605,LORETO,UCAYALI,SARAYACU,024005
160106,LORETO,MAYNAS,MAZAN,SARA ISLA
160303,LORETO,LORETO,TIGRE,PAMPA HERMOSA
160103,LORETO,MAYNAS,FERNANDO LORES,CANAAN
160103,LORETO,MAYNAS,FERNANDO LORES,TAPIRA NUEVA
160103,LORETO,MAYNAS,FERNANDO LORES,MUYUY
160509,LORETO,REQUENA,TAPICHE,PUERTO ARCE
160112,LORETO,MAYNAS,BELEN,096005
160202,LORETO,ALTO AMAZONAS,BALSAPUERTO,037008
160705,LORETO,DATEM DEL MARAÏ¿½ON,PASTAZA,065108
160605,LORETO,UCAYALI,SARAYACU,LISBOA
160301,LORETO,LORETO,NAUTA,CASERIO PAYOROTE
160511,LORETO,REQUENA,YAQUERANA,REMOYACU RIO GALVEZ
160202,LORETO,ALTO AMAZONAS,BALSAPUERTO,037005
160304,LORETO,LORETO,TROMPETEROS,COPAL
160603,LORETO,UCAYALI,PADRE MARQUEZ,062005
160801,LORETO,PUTUMAYO,PUTUMAYO,AHUAPA
160107,LORETO,MAYNAS,NAPO,NUEVO LIBERTAD
160211,LORETO,ALTO AMAZONAS,TENIENTE CESAR LOPEZ ROJAS,COMANDANCIA
160506,LORETO,REQUENA,PUINAHUA,INDEPENDENCIA
160401,LORETO,MARISCAL RAMON CASTILLA,RAMON CASTILLA,SANTA RITA
160401,LORETO,MARISCAL RAMON CASTILLA,RAMON CASTILLA,SANDUS CERRO
160401,LORETO,MARISCAL RAMON CASTILLA,RAMON CASTILLA,SAN PEDRO DE CACAO
160501,LORETO,REQUENA,REQUENA,MONTE SINAI
160501,LORETO,REQUENA,REQUENA,SAN JUAN SN
160113,LORETO,MAYNAS,SAN JUAN BAUTISTA,021205
160107,LORETO,MAYNAS,NAPO,PUERTO ALEGRE
160107,LORETO,MAYNAS,NAPO,FLOR DE COCO
160402,LORETO,MARISCAL RAMON CASTILLA,PEBAS,NUEVO ESTIRON
160108,LORETO,MAYNAS,PUNCHANA,026005
160105,LORETO,MAYNAS,LAS AMAZONAS,AGUAS NEGRAS
160401,LORETO,MARISCAL RAMON CASTILLA,RAMON CASTILLA,SANTA CECILIA
160301,LORETO,LORETO,NAUTA,QUEBRADA YANAYAQUILLO
160210,LORETO,ALTO AMAZONAS,SANTA CRUZ,006008
160301,LORETO,LORETO,NAUTA,PUERTO ORLANDO
160402,LORETO,MARISCAL RAMON CASTILLA,PEBAS,SAN PEDRO
160401,LORETO,MARISCAL RAMON CASTILLA,RAMON CASTILLA,FAUNA
160705,LORETO,DATEM DEL MARAÏ¿½ON,PASTAZA,002004
160301,LORETO,LORETO,NAUTA,CASTILLA
160304,LORETO,LORETO,TROMPETEROS,SAN MARTIN
160601,LORETO,UCAYALI,CONTAMANA,UNION
160113,LORETO,MAYNAS,SAN JUAN BAUTISTA,LOS  DELFINES 4TA ETAPA
160108,LORETO,MAYNAS,PUNCHANA,CASERIO NARANJAL
160112,LORETO,MAYNAS,BELEN,CARREETA CABO LOPEZ
160702,LORETO,DATEM DEL MARAÏ¿½ON,CAHUAPANAS,056008
160201,LORETO,ALTO AMAZONAS,YURIMAGUAS,NVO SAN MARTIN
160605,LORETO,UCAYALI,SARAYACU,041005
160404,LORETO,MARISCAL RAMON CASTILLA,SAN PABLO,SARGENTO LORES
160403,LORETO,MARISCAL RAMON CASTILLA,YAVARI,SAN MATEO
160401,LORETO,MARISCAL RAMON CASTILLA,RAMON CASTILLA,NUEVO ORIENTE
160103,LORETO,MAYNAS,FERNANDO LORES,STA. ANA DE MUYUY
160506,LORETO,REQUENA,PUINAHUA,SAN MIGUEL
160201,LORETO,ALTO AMAZONAS,YURIMAGUAS,035005
160202,LORETO,ALTO AMAZONAS,BALSAPUERTO,022008
160205,LORETO,ALTO AMAZONAS,JEBEROS,SANTA ROSA
160705,LORETO,DATEM DEL MARAÏ¿½ON,PASTAZA,017008
160601,LORETO,UCAYALI,CONTAMANA,HOLANDA
160606,LORETO,UCAYALI,VARGAS GUERRA,SHUNUYA
160103,LORETO,MAYNAS,FERNANDO LORES,TIMAREO I ZONA
160112,LORETO,MAYNAS,BELEN,MOHENA CANO
160101,LORETO,MAYNAS,IQUITOS,SAN JOSE LUPUNA
160103,LORETO,MAYNAS,FERNANDO LORES,NUEVO VALENTIN
160106,LORETO,MAYNAS,MAZAN,SAN ALEJANDRO
160601,LORETO,UCAYALI,CONTAMANA,NVO EDEN
160401,LORETO,MARISCAL RAMON CASTILLA,RAMON CASTILLA,SNATA ROSA
160103,LORETO,MAYNAS,FERNANDO LORES,STA. ANA I ZONA
160403,LORETO,MARISCAL RAMON CASTILLA,YAVARI,RONDINA I ZONA
160206,LORETO,ALTO AMAZONAS,LAGUNAS,TAMARANTE
160703,LORETO,DATEM DEL MARAÏ¿½ON,MANSERICHE,014005
160504,LORETO,REQUENA,EMILIO SAN MARTIN,PERUTA
160501,LORETO,REQUENA,REQUENA,CAROCURAHUAYTE
160502,LORETO,REQUENA,ALTO TAPICHE,SAN ANTONIO DE FORTALEZA
160106,LORETO,MAYNAS,MAZAN,CORAZON DE JESUS
160106,LORETO,MAYNAS,MAZAN,JUANCHO PLAYA
160105,LORETO,MAYNAS,LAS AMAZONAS,NUEVO CUZCO
160502,LORETO,REQUENA,ALTO TAPICHE,WIKUNGO
160303,LORETO,LORETO,TIGRE,SANTA ELENA
160704,LORETO,DATEM DEL MARAÏ¿½ON,MORONA,018008
160704,LORETO,DATEM DEL MARAÏ¿½ON,MORONA,PANAPOZA
160103,LORETO,MAYNAS,FERNANDO LORES,STA. CRUZ RIO TAHUAYO
160106,LORETO,MAYNAS,MAZAN,GAMITANA
160105,LORETO,MAYNAS,LAS AMAZONAS,SANTA URSULA
160105,LORETO,MAYNAS,LAS AMAZONAS,APAYACU
160801,LORETO,PUTUMAYO,PUTUMAYO,PUERTO AURORA
160501,LORETO,REQUENA,REQUENA,CAROCURAHUATE
160502,LORETO,REQUENA,ALTO TAPICHE,SAN ANTONIO DE FORTLEZA
160108,LORETO,MAYNAS,PUNCHANA,CASERIO SAN LUIS
160201,LORETO,ALTO AMAZONAS,YURIMAGUAS,070055
160107,LORETO,MAYNAS,NAPO,LANCHA POZA
160107,LORETO,MAYNAS,NAPO,ALMENDRA
160601,LORETO,UCAYALI,CONTAMANA,SAN PEDRO
160401,LORETO,MARISCAL RAMON CASTILLA,RAMON CASTILLA,ROGELIA 2DA. ZONAS
160506,LORETO,REQUENA,PUINAHUA,PUINAHUA
160503,LORETO,REQUENA,CAPELO,BUENA VISTA
160103,LORETO,MAYNAS,FERNANDO LORES,CENTRO AMERICA
160108,LORETO,MAYNAS,PUNCHANA,ISLA DE IQUITOS
160605,LORETO,UCAYALI,SARAYACU,NUEVA YORK
160508,LORETO,REQUENA,SOPLIN,ESPEÏ¿½A
160301,LORETO,LORETO,NAUTA,COMITE BUEN RETIRO
160113,LORETO,MAYNAS,SAN JUAN BAUTISTA,CAS. 12 DE OCTUBRE
160103,LORETO,MAYNAS,FERNANDO LORES,SANTA CRUZ
160404,LORETO,MARISCAL RAMON CASTILLA,SAN PABLO,HORACIO CEBALLOS
160510,LORETO,REQUENA,JENARO HERRERA,IRACAHUA
160103,LORETO,MAYNAS,FERNANDO LORES,SAN SALVADOR DE OMAGUAS
160401,LORETO,MARISCAL RAMON CASTILLA,RAMON CASTILLA,HUANTA
160301,LORETO,LORETO,NAUTA,20 DE ENERO
160705,LORETO,DATEM DEL MARAÏ¿½ON,PASTAZA,050108
160704,LORETO,DATEM DEL MARAÏ¿½ON,MORONA,NVA. UNION
160101,LORETO,MAYNAS,IQUITOS,CASERIO MORONILLO
160702,LORETO,DATEM DEL MARAÏ¿½ON,CAHUAPANAS,008008
160104,LORETO,MAYNAS,INDIANA,NUEVO BERLIN
160103,LORETO,MAYNAS,FERNANDO LORES,TAPIRA II ZONA
160206,LORETO,ALTO AMAZONAS,LAGUNAS,019005
160106,LORETO,MAYNAS,MAZAN,INDIANA
160105,LORETO,MAYNAS,LAS AMAZONAS,CASERIO FRCO DE ORELLANA
160702,LORETO,DATEM DEL MARAÏ¿½ON,CAHUAPANAS,BELLA LOMA
160201,LORETO,ALTO AMAZONAS,YURIMAGUAS,NVO CAJAMARCA
160205,LORETO,ALTO AMAZONAS,JEBEROS,SUPAYACU
160205,LORETO,ALTO AMAZONAS,JEBEROS,030108
160603,LORETO,UCAYALI,PADRE MARQUEZ,038008
160112,LORETO,MAYNAS,BELEN,090005
160105,LORETO,MAYNAS,LAS AMAZONAS,SANTA AMELIA
160606,LORETO,UCAYALI,VARGAS GUERRA,009110
160605,LORETO,UCAYALI,SARAYACU,023005
160202,LORETO,ALTO AMAZONAS,BALSAPUERTO,045208
160210,LORETO,ALTO AMAZONAS,SANTA CRUZ,003008
160601,LORETO,UCAYALI,CONTAMANA,SANTA ROSA DE PISQUI
160703,LORETO,DATEM DEL MARAÏ¿½ON,MANSERICHE,045008
160701,LORETO,DATEM DEL MARAÏ¿½ON,BARRANCA,STA.ROSA DE SABALO
160304,LORETO,LORETO,TROMPETEROS,008008
160304,LORETO,LORETO,TROMPETEROS,NUEVA UNIÏ¿½N
160106,LORETO,MAYNAS,MAZAN,NUEVO SAN JUAN
160702,LORETO,DATEM DEL MARAÏ¿½ON,CAHUAPANAS,029008
160107,LORETO,MAYNAS,NAPO,AUSHIRI
160107,LORETO,MAYNAS,NAPO,AUSHIR
160202,LORETO,ALTO AMAZONAS,BALSAPUERTO,053208
160703,LORETO,DATEM DEL MARAÏ¿½ON,MANSERICHE,PTO. LINDA
160106,LORETO,MAYNAS,MAZAN,HUAMAN URCOA
160304,LORETO,LORETO,TROMPETEROS,SAN JUAN
160108,LORETO,MAYNAS,PUNCHANA,PUNTO ALEGRE   MOMON
170104,MADRE DE DIOS,TAMBOPATA,LABERINTO,PLAYA LUNA
170103,MADRE DE DIOS,TAMBOPATA,LAS PIEDRAS,NUEVO SAN JUAN
170101,MADRE DE DIOS,TAMBOPATA,TAMBOPATA,CARRETERA A CUSCO
170101,MADRE DE DIOS,TAMBOPATA,TAMBOPATA,BOCA UNION
170201,MADRE DE DIOS,MANU,MANU,GAMITANA
170104,MADRE DE DIOS,TAMBOPATA,LABERINTO,CHORRERA
170102,MADRE DE DIOS,TAMBOPATA,INAMBARI,PUNQUIRI CHICO
170101,MADRE DE DIOS,TAMBOPATA,TAMBOPATA,MONTE SINAI
170102,MADRE DE DIOS,TAMBOPATA,INAMBARI,AMARAKAIRE
190304,PASCO,OXAPAMPA,PALCAZU,PUERTO ENCANTO
190304,PASCO,OXAPAMPA,PALCAZU,STA ROSA DE CHUCHURAS
190304,PASCO,OXAPAMPA,PALCAZU,RIO NEGRO
190304,PASCO,OXAPAMPA,PALCAZU,SHIRINGAMAZU ALTO
190306,PASCO,OXAPAMPA,PUERTO BERMUDEZ,PUERTO YARINA
100905,HUANUCO,PUERTO INCA,YUYAPICHIS,DANTASH
190304,PASCO,OXAPAMPA,PALCAZU,SHIRINGAMAZU BAJA
190305,PASCO,OXAPAMPA,POZUZO,RIO TIGRE
190306,PASCO,OXAPAMPA,PUERTO BERMUDEZ,SAN JOSE DE APURUCAYALI
190306,PASCO,OXAPAMPA,PUERTO BERMUDEZ,PUERTO LETICIA
190305,PASCO,OXAPAMPA,POZUZO,SAN JOSE
190304,PASCO,OXAPAMPA,PALCAZU,CENTRO LAGARTO
190306,PASCO,OXAPAMPA,PUERTO BERMUDEZ,GAVILAN
100905,HUANUCO,PUERTO INCA,YUYAPICHIS,BELLO HORIZONTE
190306,PASCO,OXAPAMPA,PUERTO BERMUDEZ,PORVENIR
190306,PASCO,OXAPAMPA,PUERTO BERMUDEZ,PUERTO VICTORIA
190304,PASCO,OXAPAMPA,PALCAZU,PUERTO LAGUNA
190306,PASCO,OXAPAMPA,PUERTO BERMUDEZ,CARHUAZ
190305,PASCO,OXAPAMPA,POZUZO,CASCAJO
190307,PASCO,OXAPAMPA,VILLA RICA,ALTO CHURUMAZU
190305,PASCO,OXAPAMPA,POZUZO,CHANCARIZO
190305,PASCO,OXAPAMPA,POZUZO,OSOMAYO
190304,PASCO,OXAPAMPA,PALCAZU,SHIRINGAMAZU
190304,PASCO,OXAPAMPA,PALCAZU,SANTA ROSA DE CHUCHURAS
190301,PASCO,OXAPAMPA,OXAPAMPA,TAMBO MARIA
190306,PASCO,OXAPAMPA,PUERTO BERMUDEZ,NUEVO NEVATI
100905,HUANUCO,PUERTO INCA,YUYAPICHIS,MONTERICO
210303,PUNO,CARABAYA,AYAPATA,CCOPA
210309,PUNO,CARABAYA,SAN GABAN,CUESTA BLANCA
210309,PUNO,CARABAYA,SAN GABAN,LECHEMAYO
220202,SAN MARTIN,BELLAVISTA,ALTO BIAVO,ALTO BIAVO
220501,SAN MARTIN,LAMAS,LAMAS,PAMASHTO
220205,SAN MARTIN,BELLAVISTA,SAN PABLO,HUINGOAYCU
220501,SAN MARTIN,LAMAS,LAMAS,ALTO SHAMBUYACU
221002,SAN MARTIN,TOCACHE,NUEVO PROGRESO,RIO BLANCO
221002,SAN MARTIN,TOCACHE,NUEVO PROGRESO,PALMERAS
220907,SAN MARTIN,SAN MARTIN,HUIMBAYOC,SANTA ROSILLO DE CHIPURAN
220101,SAN MARTIN,MOYOBAMBA,MOYOBAMBA,ALMIRANTE GRAU
220904,SAN MARTIN,SAN MARTIN,CHAZUTA,YUCANAYACU
221003,SAN MARTIN,TOCACHE,POLVORA,SANTA ROSA DE MISHOLLO
220603,SAN MARTIN,MARISCAL CACERES,HUICUNGO,NUEVA ESPERANZA
220405,SAN MARTIN,HUALLAGA,SACANCHE,VICTOR RAUL
220701,SAN MARTIN,PICOTA,PICOTA,SANTA ROSILLO DE UPAQUIHU
221003,SAN MARTIN,TOCACHE,POLVORA,NUEVO ORIENTE
220603,SAN MARTIN,MARISCAL CACERES,HUICUNGO,PIZARRO
220511,SAN MARTIN,LAMAS,ZAPATERO,NUEVO MUNDO
220504,SAN MARTIN,LAMAS,CAYNARACHI,SAN MIGUEL DE SHANUSI
220305,SAN MARTIN,EL DORADO,SHATOJA,NUEVO BERLIN
221005,SAN MARTIN,TOCACHE,UCHIZA,MARIATEGUI
220710,SAN MARTIN,PICOTA,TRES UNIDOS,SAN JUAN
220404,SAN MARTIN,HUALLAGA,PISCOYACU,NUEVO BRASIL
220909,SAN MARTIN,SAN MARTIN,LA BANDA DE SHILCAYO,LA UNION DE SANIRARCA
220405,SAN MARTIN,HUALLAGA,SACANCHE,SAN JUAN
220705,SAN MARTIN,PICOTA,PUCACACA,FORTALEZA
220504,SAN MARTIN,LAMAS,CAYNARACHI,NUEVO LAMAS
220301,SAN MARTIN,EL DORADO,SAN JOSE DE SISA,AMIÏ¿½IO
220201,SAN MARTIN,BELLAVISTA,BELLAVISTA,INTIYACU
221003,SAN MARTIN,TOCACHE,POLVORA,LOS ANGELES
221003,SAN MARTIN,TOCACHE,POLVORA,BAMBAMARCA
221002,SAN MARTIN,TOCACHE,NUEVO PROGRESO,LA FLORIDA
220401,SAN MARTIN,HUALLAGA,SAPOSOA,CASERIO 7 DE JUNIO
221001,SAN MARTIN,TOCACHE,TOCACHE,ISHANGA
220701,SAN MARTIN,PICOTA,PICOTA,BARRANQUITA
220401,SAN MARTIN,HUALLAGA,SAPOSOA,PINTILLO
220404,SAN MARTIN,HUALLAGA,PISCOYACU,JOSE OLAYA
221001,SAN MARTIN,TOCACHE,TOCACHE,CULEBRA
221003,SAN MARTIN,TOCACHE,POLVORA,HUACAMAYO
221003,SAN MARTIN,TOCACHE,POLVORA,PORVENIR
220510,SAN MARTIN,LAMAS,TABALOSOS,ESTANCIA
220804,SAN MARTIN,RIOJA,NUEVA CAJAMARCA,NUEVA CAJAJMARCA
220404,SAN MARTIN,HUALLAGA,PISCOYACU,SANTA ROSA
221001,SAN MARTIN,TOCACHE,TOCACHE,NUEVO MIRAFLORES
220801,SAN MARTIN,RIOJA,RIOJA,YORONGOS
221002,SAN MARTIN,TOCACHE,NUEVO PROGRESO,LAS PALMAS
220511,SAN MARTIN,LAMAS,ZAPATERO,NUEVO CELENDIN
220605,SAN MARTIN,MARISCAL CACERES,PAJARILLO,RETAMAI
221001,SAN MARTIN,TOCACHE,TOCACHE,NUEVA CHILIA
221001,SAN MARTIN,TOCACHE,TOCACHE,SARITA COLONIA
220504,SAN MARTIN,LAMAS,CAYNARACHI,JORGE CHAVEZ
220604,SAN MARTIN,MARISCAL CACERES,PACHIZA,GERVACIO
221002,SAN MARTIN,TOCACHE,NUEVO PROGRESO,PUERTO RICO
221003,SAN MARTIN,TOCACHE,POLVORA,JUAN SANTOS ATAHUALPA
221003,SAN MARTIN,TOCACHE,POLVORA,NUEVO HORIZONTE
220511,SAN MARTIN,LAMAS,ZAPATERO,MILAGROS
220907,SAN MARTIN,SAN MARTIN,HUIMBAYOC,SANTA ROSILLO CHIPURANA
220804,SAN MARTIN,RIOJA,NUEVA CAJAMARCA,AWAJUN
220301,SAN MARTIN,EL DORADO,SAN JOSE DE SISA,YANAYACU
221005,SAN MARTIN,TOCACHE,UCHIZA,SAN CRISTOBAL
220301,SAN MARTIN,EL DORADO,SAN JOSE DE SISA,NUEVO TRUJILLO
220909,SAN MARTIN,SAN MARTIN,LA BANDA DE SHILCAYO,BELLO HORIZONTE
220504,SAN MARTIN,LAMAS,CAYNARACHI,ALFONSO UGARTE
221003,SAN MARTIN,TOCACHE,POLVORA,LA UNION
220301,SAN MARTIN,EL DORADO,SAN JOSE DE SISA,ALTO DURACHE
221004,SAN MARTIN,TOCACHE,SHUNTE,SHUNTE
220907,SAN MARTIN,SAN MARTIN,HUIMBAYOC,SANTA MARTHA
220510,SAN MARTIN,LAMAS,TABALOSOS,PONAZAPA
221001,SAN MARTIN,TOCACHE,TOCACHE,SAN PEDRO
220406,SAN MARTIN,HUALLAGA,TINGO DE SAPOSOA,TNGO DE SAPOSOA
220601,SAN MARTIN,MARISCAL CACERES,JUANJUI,PUERTO AMBERES
220605,SAN MARTIN,MARISCAL CACERES,PAJARILLO,CENTRO AMERICA
220602,SAN MARTIN,MARISCAL CACERES,CAMPANILLA,PUNTA ARENAS
221003,SAN MARTIN,TOCACHE,POLVORA,ALTO ISCATE
221003,SAN MARTIN,TOCACHE,POLVORA,MONTERREY
221003,SAN MARTIN,TOCACHE,POLVORA,CUSMAYACU
221003,SAN MARTIN,TOCACHE,POLVORA,PUERTO RICO
220505,SAN MARTIN,LAMAS,CUÏ¿½UMBUQUI,NUEVO MUNDO
220708,SAN MARTIN,PICOTA,SHAMBOYACU,SIMON BOLIVAR
220601,SAN MARTIN,MARISCAL CACERES,JUANJUI,COSTA RICA
220203,SAN MARTIN,BELLAVISTA,BAJO BIAVO,PAMPA HERMOSA
220511,SAN MARTIN,LAMAS,ZAPATERO,BAGAZAN
220708,SAN MARTIN,PICOTA,SHAMBOYACU,ALFONSO UGARTE
221002,SAN MARTIN,TOCACHE,NUEVO PROGRESO,RAMAL DE ASPUZANA
220914,SAN MARTIN,SAN MARTIN,SHAPAJA,SANTA ROSA
221002,SAN MARTIN,TOCACHE,NUEVO PROGRESO,MADRE MIA
221005,SAN MARTIN,TOCACHE,UCHIZA,PARAISO
220605,SAN MARTIN,MARISCAL CACERES,PAJARILLO,DOS UNIDOS
220303,SAN MARTIN,EL DORADO,SAN MARTIN,CONSTANCIA
240101,TUMBES,TUMBES,TUMBES,BARRIO EL CERCADO
240201,TUMBES,CONTRALMIRANTE VILLAR,ZORRITOS,TRIGAL
240104,TUMBES,TUMBES,PAMPAS DE HOSPITAL,TACURAL
240201,TUMBES,CONTRALMIRANTE VILLAR,ZORRITOS,PUERTO LOCO
250102,UCAYALI,CORONEL PORTILLO,CAMPOVERDE,VENCEDORES
250104,UCAYALI,CORONEL PORTILLO,MASISEA,NUEVO ANCASH
250101,UCAYALI,CORONEL PORTILLO,CALLERIA,LIBERTAD
250102,UCAYALI,CORONEL PORTILLO,CAMPOVERDE,SAN JORGE
250105,UCAYALI,CORONEL PORTILLO,YARINACOCHA,SAN FRANCISCO
250104,UCAYALI,CORONEL PORTILLO,MASISEA,ZEILAN
250302,UCAYALI,PADRE ABAD,IRAZOLA,EL MILAGRO
250103,UCAYALI,CORONEL PORTILLO,IPARIA,UTUCURO
250101,UCAYALI,CORONEL PORTILLO,CALLERIA,PORVENIR
250102,UCAYALI,CORONEL PORTILLO,CAMPOVERDE,ALTO MANANTAY
250302,UCAYALI,PADRE ABAD,IRAZOLA,MIGUEL GRAU C.F.B. KM.72
250103,UCAYALI,CORONEL PORTILLO,IPARIA,SHESHEA
250101,UCAYALI,CORONEL PORTILLO,CALLERIA,C.F.B. KM.9
250301,UCAYALI,PADRE ABAD,PADRE ABAD,NUEVO CHONTA
250302,UCAYALI,PADRE ABAD,IRAZOLA,IVITA
250303,UCAYALI,PADRE ABAD,CURIMANA,BELLO HORIZONTE
250102,UCAYALI,CORONEL PORTILLO,CAMPOVERDE,C.F.B KM 43 STA CATALINA
250101,UCAYALI,CORONEL PORTILLO,CALLERIA,NUEVA PALESTINA
250204,UCAYALI,ATALAYA,YURUA,ATALAYA
250202,UCAYALI,ATALAYA,SEPAHUA,AGUA BLANCA
250105,UCAYALI,CORONEL PORTILLO,YARINACOCHA,NUEV ALEJANDRIA
250301,UCAYALI,PADRE ABAD,PADRE ABAD,RIO BELLAVISTA
250302,UCAYALI,PADRE ABAD,IRAZOLA,SAN JUAN KM.71
250102,UCAYALI,CORONEL PORTILLO,CAMPOVERDE,SANTA ROSA
250302,UCAYALI,PADRE ABAD,IRAZOLA,CAS. UNION
250101,UCAYALI,CORONEL PORTILLO,CALLERIA,NUEVO GAUDENCIO
250201,UCAYALI,ATALAYA,RAIMONDI,QUEBRADA DE HUAO
250303,UCAYALI,PADRE ABAD,CURIMANA,CURIAMANA
250102,UCAYALI,CORONEL PORTILLO,CAMPOVERDE,CFB KM17 FUNDO:LOBITO
250101,UCAYALI,CORONEL PORTILLO,CALLERIA,CAS. SANTO DOMINGO
250302,UCAYALI,PADRE ABAD,IRAZOLA,PUEBLO LIBRE
250106,UCAYALI,CORONEL PORTILLO,NUEVA REQUENA,CASERIO CARIBE
250101,UCAYALI,CORONEL PORTILLO,CALLERIA,KM.11.C.F.B.
250201,UCAYALI,ATALAYA,RAIMONDI,CUMARILLO
250302,UCAYALI,PADRE ABAD,IRAZOLA,SAN PEDRO
250301,UCAYALI,PADRE ABAD,PADRE ABAD,PAUJIL SHAMBO
250101,UCAYALI,CORONEL PORTILLO,CALLERIA,LIMONGENA
250101,UCAYALI,CORONEL PORTILLO,CALLERIA,CASERIO NUEVO PARAISO
250101,UCAYALI,CORONEL PORTILLO,CALLERIA,STO.DOMINGO DE MASHANGAY
250302,UCAYALI,PADRE ABAD,IRAZOLA,VON HUMBOLD.KM.86
250102,UCAYALI,CORONEL PORTILLO,CAMPOVERDE,PUEBLO LIBRE
250202,UCAYALI,ATALAYA,SEPAHUA,BARRIO 2 DE MAYO
250101,UCAYALI,CORONEL PORTILLO,CALLERIA,EL BLANCO
250105,UCAYALI,CORONEL PORTILLO,YARINACOCHA,CASERIO CALLERIA
250101,UCAYALI,CORONEL PORTILLO,CALLERIA,AGUA BLANCA (RIO TAMAYA)
250103,UCAYALI,CORONEL PORTILLO,IPARIA,PUEBLO NUEVO DEL CACO
250101,UCAYALI,CORONEL PORTILLO,CALLERIA,JUAN VELASCO A.
250302,UCAYALI,PADRE ABAD,IRAZOLA,SANTA ROSA DE GUINEA
100904,HUANUCO,PUERTO INCA,TOURNAVISTA,CAS. INDEPENDENCIA
250102,UCAYALI,CORONEL PORTILLO,CAMPOVERDE,CASERIO 23 DE 0CTUBRE
250101,UCAYALI,CORONEL PORTILLO,CALLERIA,NUEVO BARRANCA
250302,UCAYALI,PADRE ABAD,IRAZOLA,CAS. MIRAFLORES
250101,UCAYALI,CORONEL PORTILLO,CALLERIA,SANTA TERESA
250101,UCAYALI,CORONEL PORTILLO,CALLERIA,"MARCOS, SAN"
250101,UCAYALI,CORONEL PORTILLO,CALLERIA,PUCALPILLO
250101,UCAYALI,CORONEL PORTILLO,CALLERIA,SANTA ACARMELA
250201,UCAYALI,ATALAYA,RAIMONDI,PUEBLO LIBRE
250201,UCAYALI,ATALAYA,RAIMONDI,CHEQUITAVO
250105,UCAYALI,CORONEL PORTILLO,YARINACOCHA,NV. ESPERANZA DE PANAILLO
250302,UCAYALI,PADRE ABAD,IRAZOLA,NUEVO SATIPO
250104,UCAYALI,CORONEL PORTILLO,MASISEA,24 DE SETIEMBRE
250101,UCAYALI,CORONEL PORTILLO,CALLERIA,CAS. 4 DE JULIO
250104,UCAYALI,CORONEL PORTILLO,MASISEA,PUERTO ALEGRE
250104,UCAYALI,CORONEL PORTILLO,MASISEA,SANTA ROSA DE DINAMARCA
250101,UCAYALI,CORONEL PORTILLO,CALLERIA,PANAILLO
250101,UCAYALI,CORONEL PORTILLO,CALLERIA,S.I. DE BAHUANISHO
250302,UCAYALI,PADRE ABAD,IRAZOLA,VILLA EL SALVADOR
250302,UCAYALI,PADRE ABAD,IRAZOLA,CHIO
250302,UCAYALI,PADRE ABAD,IRAZOLA,SAN JUAN
250101,UCAYALI,CORONEL PORTILLO,CALLERIA,GILGAL
250104,UCAYALI,CORONEL PORTILLO,MASISEA,CEYLAN
250104,UCAYALI,CORONEL PORTILLO,MASISEA,NOHAYA
250101,UCAYALI,CORONEL PORTILLO,CALLERIA,C.F.B. KM 10 PUCALLPA
250302,UCAYALI,PADRE ABAD,IRAZOLA,CAR. MARGINAL SELVA
250302,UCAYALI,PADRE ABAD,IRAZOLA,NUEVO BELLAVISTA
250101,UCAYALI,CORONEL PORTILLO,CALLERIA,SANTO DOMINGO
250102,UCAYALI,CORONEL PORTILLO,CAMPOVERDE,CAS. ANTONIO RAYMONDI
250102,UCAYALI,CORONEL PORTILLO,CAMPOVERDE,C.F.B. KM 55
250101,UCAYALI,CORONEL PORTILLO,CALLERIA,C.F.B. KM 10
250104,UCAYALI,CORONEL PORTILLO,MASISEA,PTO. LIBERTAD
250101,UCAYALI,CORONEL PORTILLO,CALLERIA,PUCALLLPA
250103,UCAYALI,CORONEL PORTILLO,IPARIA,AMAQUIRIA
250105,UCAYALI,CORONEL PORTILLO,YARINACOCHA,CAS. PANAILLO
250102,UCAYALI,CORONEL PORTILLO,CAMPOVERDE,CASERIO EL PIÏ¿½AL
250101,UCAYALI,CORONEL PORTILLO,CALLERIA,CAS. PRIMAVERA
250101,UCAYALI,CORONEL PORTILLO,CALLERIA,ISLA PROGRESO
250106,UCAYALI,CORONEL PORTILLO,NUEVA REQUENA,NVO PARAISO
250101,UCAYALI,CORONEL PORTILLO,CALLERIA,CFB KM 12
250102,UCAYALI,CORONEL PORTILLO,CAMPOVERDE,CFB KM 15
250302,UCAYALI,PADRE ABAD,IRAZOLA,CAS. V. FATIMA
250102,UCAYALI,CORONEL PORTILLO,CAMPOVERDE,CAS. 10 DE MARZO
250103,UCAYALI,CORONEL PORTILLO,IPARIA,BINONCURO
250204,UCAYALI,ATALAYA,YURUA,COM. NATIVA SAWANAO
250301,UCAYALI,PADRE ABAD,PADRE ABAD,ALTO HUACAMAYO
250103,UCAYALI,CORONEL PORTILLO,IPARIA,COLONIA DEL CACO
250104,UCAYALI,CORONEL PORTILLO,MASISEA,23 DE DICIEMBRE
250101,UCAYALI,CORONEL PORTILLO,CALLERIA,SAPOSOA
250104,UCAYALI,CORONEL PORTILLO,MASISEA,CAS. SAN JORGE DE INANAPU
250101,UCAYALI,CORONEL PORTILLO,CALLERIA,CAS. MANGUAL
100801,HUANUCO,PACHITEA,PANAO,ESPERANZA
250101,UCAYALI,CORONEL PORTILLO,CALLERIA,CAS. ISLA PROGRESO
250102,UCAYALI,CORONEL PORTILLO,CAMPOVERDE,TORNAVISTA
250302,UCAYALI,PADRE ABAD,IRAZOLA,CFB KM 86
250201,UCAYALI,ATALAYA,RAIMONDI,PUIJA
250202,UCAYALI,ATALAYA,SEPAHUA,SEMPAYA
250201,UCAYALI,ATALAYA,RAIMONDI,SHAHUAYA
250105,UCAYALI,CORONEL PORTILLO,YARINACOCHA,UTUQUINIA
250101,UCAYALI,CORONEL PORTILLO,CALLERIA,ALAMEDAS
250302,UCAYALI,PADRE ABAD,IRAZOLA,CAS. LA FLORIDA
250101,UCAYALI,CORONEL PORTILLO,CALLERIA,SAN JERONIMO
250102,UCAYALI,CORONEL PORTILLO,CAMPOVERDE,PIMIENTA COCHA
250102,UCAYALI,CORONEL PORTILLO,CAMPOVERDE,CAS. STA. CATALINA
250105,UCAYALI,CORONEL PORTILLO,YARINACOCHA,CAS. PUEBLO LIBRE
250101,UCAYALI,CORONEL PORTILLO,CALLERIA,NVO. PANAILLO
250102,UCAYALI,CORONEL PORTILLO,CAMPOVERDE,VILLA MERCEDES
250104,UCAYALI,CORONEL PORTILLO,MASISEA,SACHAVACAYO
250301,UCAYALI,PADRE ABAD,PADRE ABAD,SAN JUAN
250104,UCAYALI,CORONEL PORTILLO,MASISEA,CAS. UNION
250102,UCAYALI,CORONEL PORTILLO,CAMPOVERDE,CAS. ANTONIO R.
250102,UCAYALI,CORONEL PORTILLO,CAMPOVERDE,CAS. SAN JOSE
250301,UCAYALI,PADRE ABAD,PADRE ABAD,SAN MARTIN
250301,UCAYALI,PADRE ABAD,PADRE ABAD,FRANCISCO DE YARINACOCHA
250301,UCAYALI,PADRE ABAD,PADRE ABAD,SAN ANTONIO BAJO
250103,UCAYALI,CORONEL PORTILLO,IPARIA,SEGHEAL
250101,UCAYALI,CORONEL PORTILLO,CALLERIA,MASHANGAY
100901,HUANUCO,PUERTO INCA,PUERTO INCA,CASERIO MACUYA
250102,UCAYALI,CORONEL PORTILLO,CAMPOVERDE,AGUA DULCE
250101,UCAYALI,CORONEL PORTILLO,CALLERIA,PUERTO CARIDAD
250202,UCAYALI,ATALAYA,SEPAHUA,SANTA ROSA DE SEPAHUA
250104,UCAYALI,CORONEL PORTILLO,MASISEA,CAS. TRES UNIDOS
250105,UCAYALI,CORONEL PORTILLO,YARINACOCHA,ALEJANDRIA
200114,PIURA,PIURA,TAMBO GRANDE,OCOTO BAJO
200114,PIURA,PIURA,TAMBO GRANDE,JESUS MARIA
200114,PIURA,PIURA,TAMBO GRANDE,CASERIO SANTA JULIA
200401,PIURA,MORROPON,CHULUCANAS,AV. JUNIN
200401,PIURA,MORROPON,CHULUCANAS,KM. 50
200114,PIURA,PIURA,TAMBO GRANDE,MALINGUITAS
200401,PIURA,MORROPON,CHULUCANAS,MORANTE
200404,PIURA,MORROPON,LA MATANZA,TIERRAS DURAS
200101,PIURA,PIURA,PIURA,A.H. NUEVA ESPERANZA
200401,PIURA,MORROPON,CHULUCANAS,KM. 48
200302,PIURA,HUANCABAMBA,CANCHAQUE,MISCHAHUANCA
200404,PIURA,MORROPON,LA MATANZA,TERNIQUE
200401,PIURA,MORROPON,CHULUCANAS,CALLE MARIANO MELGAR
200401,PIURA,MORROPON,CHULUCANAS,SALIDA A LOS COCOS
200105,PIURA,PIURA,CATACAOS,EL PIEDRAL
200401,PIURA,MORROPON,CHULUCANAS,CALLE LIMA
200301,PIURA,HUANCABAMBA,HUANCABAMBA,QUISPAMPA BAJO
200110,PIURA,PIURA,LA UNION,CANIZAL CHICO
200401,PIURA,MORROPON,CHULUCANAS,LA VIÏ¿½A
200401,PIURA,MORROPON,CHULUCANAS,PIURA LA VIEJA
200304,PIURA,HUANCABAMBA,HUARMACA,SANTA TERESA
010604,AMAZONAS,RODRIGUEZ DE MENDOZA,HUAMBO,HUAMBO
010202,AMAZONAS,BAGUA,ARAMANGO,MONTENEGRO
010202,AMAZONAS,BAGUA,ARAMANGO,ALTO PERU
010402,AMAZONAS,CONDORCANQUI,EL CENEPA,ASHUIN
010402,AMAZONAS,CONDORCANQUI,EL CENEPA,KUSU NUMPARKET
010205,AMAZONAS,BAGUA,IMAZA,SAN RAFAEL
010705,AMAZONAS,UTCUBAMBA,JAMALCA,MAGUNCHAL
010205,AMAZONAS,BAGUA,IMAZA,SIJIAP
010401,AMAZONAS,CONDORCANQUI,NIEVA,CANAMPA
010401,AMAZONAS,CONDORCANQUI,NIEVA,ZAWINZA
010402,AMAZONAS,CONDORCANQUI,EL CENEPA,KUSU PAGATA
010402,AMAZONAS,CONDORCANQUI,EL CENEPA,ANTIGUO CANAMPA
010205,AMAZONAS,BAGUA,IMAZA,NUEVA ESPERANZA
010205,AMAZONAS,BAGUA,IMAZA,KUCHO
010402,AMAZONAS,CONDORCANQUI,EL CENEPA,KUMPIN
010702,AMAZONAS,UTCUBAMBA,CAJARURO,NARANJITOS
010402,AMAZONAS,CONDORCANQUI,EL CENEPA,YUWAN PANKY
010205,AMAZONAS,BAGUA,IMAZA,WAJUYAT
010205,AMAZONAS,BAGUA,IMAZA,PAKUN    CHIRIACO
010205,AMAZONAS,BAGUA,IMAZA,NUEVO BELEN
010403,AMAZONAS,CONDORCANQUI,RIO SANTIAGO,PARADERO
010402,AMAZONAS,CONDORCANQUI,EL CENEPA,AITAM
010402,AMAZONAS,CONDORCANQUI,EL CENEPA,NUMPARKET
010205,AMAZONAS,BAGUA,IMAZA,TSESKEN
010401,AMAZONAS,CONDORCANQUI,NIEVA,SHAINGOS
010401,AMAZONAS,CONDORCANQUI,NIEVA,MONTERRICO
010401,AMAZONAS,CONDORCANQUI,NIEVA,PAGKINTSA
010401,AMAZONAS,CONDORCANQUI,NIEVA,YUMINKUS
010702,AMAZONAS,UTCUBAMBA,CAJARURO,SAN JUAN DE LA LIBERTAD
010403,AMAZONAS,CONDORCANQUI,RIO SANTIAGO,SANTA ROSA
010205,AMAZONAS,BAGUA,IMAZA,CENTRO WAWICO
010403,AMAZONAS,CONDORCANQUI,RIO SANTIAGO,AYTAN
010205,AMAZONAS,BAGUA,IMAZA,KUSU
010402,AMAZONAS,CONDORCANQUI,EL CENEPA,NUEVO CANAN
010205,AMAZONAS,BAGUA,IMAZA,NUEVA VIDA
010402,AMAZONAS,CONDORCANQUI,EL CENEPA,BUCHINKIN
010706,AMAZONAS,UTCUBAMBA,LONYA GRANDE,SANTA ROSA
010402,AMAZONAS,CONDORCANQUI,EL CENEPA,CHAVEZ VALDIVIA
010205,AMAZONAS,BAGUA,IMAZA,WEE
010205,AMAZONAS,BAGUA,IMAZA,BELEN
010202,AMAZONAS,BAGUA,ARAMANGO,BUENOS AIRES
060906,CAJAMARCA,SAN IGNACIO,SAN JOSE DE LOURDES,REJO
060902,CAJAMARCA,SAN IGNACIO,CHIRINOS,LAS PIRIAS
060904,CAJAMARCA,SAN IGNACIO,LA COIPA,CARRIZO
060905,CAJAMARCA,SAN IGNACIO,NAMBALLE,CESARA
060602,CAJAMARCA,CUTERVO,CALLAYUC,NUEVO GUAYAQUIL
060811,CAJAMARCA,JAEN,SAN JOSE DEL ALTO,ANGASH
060802,CAJAMARCA,JAEN,BELLAVISTA,CAS ROSARIO DE CHINGAMA
060807,CAJAMARCA,JAEN,POMAHUACA,EL HUABO
060805,CAJAMARCA,JAEN,HUABAL,LA ESPERANZA
060807,CAJAMARCA,JAEN,POMAHUACA,CAS CALABOZO
060807,CAJAMARCA,JAEN,POMAHUACA,CAS QUERICHINA
060806,CAJAMARCA,JAEN,LAS PIRIAS,SAN MIGUEL
060902,CAJAMARCA,SAN IGNACIO,CHIRINOS,LOC PERICO
060802,CAJAMARCA,JAEN,BELLAVISTA,SANTA CRUZ
060903,CAJAMARCA,SAN IGNACIO,HUARANGO,NUEVA CHUCA
060801,CAJAMARCA,JAEN,JAEN,PALMA CENTRAL
060806,CAJAMARCA,JAEN,LAS PIRIAS,LAS PIRIAS
060906,CAJAMARCA,SAN IGNACIO,SAN JOSE DE LOURDES,BUENOS AIRES
060906,CAJAMARCA,SAN IGNACIO,SAN JOSE DE LOURDES,MIRAFLORES
150132,LIMA,LIMA,SAN JUAN DE LURIGANCHO,LETICIA
150811,LIMA,HUAURA,SAYAN,TRES MONTONES
060601,CAJAMARCA,CUTERVO,CUTERVO,SINCHIMACHE
060606,CAJAMARCA,CUTERVO,PIMPINGOS,CONDORHUASI
060613,CAJAMARCA,CUTERVO,SANTO TOMAS,CONDORHUASI
060606,CAJAMARCA,CUTERVO,PIMPINGOS,EL ANIS
060607,CAJAMARCA,CUTERVO,QUEROCOTILLO,SANIBAMBA
060607,CAJAMARCA,CUTERVO,QUEROCOTILLO,VISTA ALEGRE
150132,LIMA,LIMA,SAN JUAN DE LURIGANCHO,E. MONTENEGRO
150132,LIMA,LIMA,SAN JUAN DE LURIGANCHO,SJL
150516,LIMA,CAÏ¿½ETE,ZUÏ¿½IGA,APOTARA
021510,ANCASH,PALLASCA,SANTA ROSA,STA. ROSA   QUIROZ
021804,ANCASH,SANTA,MACATE,STA ANA SIERRA LACRAMARCA
050503,AYACUCHO,LA MAR,AYNA,NUEVA FORTALEZA
050407,AYACUCHO,HUANTA,SIVIA,HATUCONA ALTO
080902,CUSCO,LA CONVENCION,ECHARATE,CANDELARIO
080902,CUSCO,LA CONVENCION,ECHARATE,ALTO YANASHIRI
080902,CUSCO,LA CONVENCION,ECHARATE,TINKURI
080902,CUSCO,LA CONVENCION,ECHARATE,KOSHIRIARI
080906,CUSCO,LA CONVENCION,QUELLOUNO,INYATI
080906,CUSCO,LA CONVENCION,QUELLOUNO,AMANKAES
080106,CUSCO,CUSCO,SANTIAGO,CALLE  VIRU LL 9
080909,CUSCO,LA CONVENCION,VILCABAMBA,APAYLLA
080906,CUSCO,LA CONVENCION,QUELLOUNO,CHAPO CHICO
080906,CUSCO,LA CONVENCION,QUELLOUNO,LOROHUACHANA ALTO
080910,CUSCO,LA CONVENCION,PICHARI,OTARI
080902,CUSCO,LA CONVENCION,ECHARATE,PALOSANTO
080902,CUSCO,LA CONVENCION,ECHARATE,SENSA
080906,CUSCO,LA CONVENCION,QUELLOUNO,CARMEN ALTO
080906,CUSCO,LA CONVENCION,QUELLOUNO,TUNKUNGO
080909,CUSCO,LA CONVENCION,VILCABAMBA,SHIMIATO
080902,CUSCO,LA CONVENCION,ECHARATE,KAPASHIATO
080910,CUSCO,LA CONVENCION,PICHARI,SAN CRISTOBAL
080906,CUSCO,LA CONVENCION,QUELLOUNO,PAMPAHUASI
080902,CUSCO,LA CONVENCION,ECHARATE,07 DE JUNIO
080906,CUSCO,LA CONVENCION,QUELLOUNO,CANELON
080906,CUSCO,LA CONVENCION,QUELLOUNO,NUEVA LUZ
080906,CUSCO,LA CONVENCION,QUELLOUNO,HUILCAPAMPA
080902,CUSCO,LA CONVENCION,ECHARATE,YOMENTONI
080902,CUSCO,LA CONVENCION,ECHARATE,PLAYA PACHIRI
080902,CUSCO,LA CONVENCION,ECHARATE,SABABANPIAN
080902,CUSCO,LA CONVENCION,ECHARATE,SHIMIATO
080909,CUSCO,LA CONVENCION,VILCABAMBA,TOROMATE
080905,CUSCO,LA CONVENCION,OCOBAMBA,PINTOBAMBA BAJA
080902,CUSCO,LA CONVENCION,ECHARATE,SEGASKIATO
080902,CUSCO,LA CONVENCION,ECHARATE,ALTO MANGALI
080902,CUSCO,LA CONVENCION,ECHARATE,PATICHARI
080902,CUSCO,LA CONVENCION,ECHARATE,TALANCATO
080906,CUSCO,LA CONVENCION,QUELLOUNO,CALANGATO
080909,CUSCO,LA CONVENCION,VILCABAMBA,TARKE
080902,CUSCO,LA CONVENCION,ECHARATE,PUERTO RICO
080902,CUSCO,LA CONVENCION,ECHARATE,ALTO MATERIATO
080902,CUSCO,LA CONVENCION,ECHARATE,ICHIRUHUARTO
080906,CUSCO,LA CONVENCION,QUELLOUNO,KIRAJATENI
080909,CUSCO,LA CONVENCION,VILCABAMBA,POROMATE
080906,CUSCO,LA CONVENCION,QUELLOUNO,KIRAJATUY
080909,CUSCO,LA CONVENCION,VILCABAMBA,QUELLOMAYO
080906,CUSCO,LA CONVENCION,QUELLOUNO,ESTRELLA
100905,HUANUCO,PUERTO INCA,YUYAPICHIS,PAMPA HERMOSA
100902,HUANUCO,PUERTO INCA,CODO DEL POZUZO,CENTRO POBLADOA
100702,HUANUCO,MARAÏ¿½ON,CHOLON,PAMPA HERMOSA
100902,HUANUCO,PUERTO INCA,CODO DEL POZUZO,BAJO MACHUCA
100606,HUANUCO,LEONCIO PRADO,MARIANO DAMASO BERAUN,CHINCHAVITO
100605,HUANUCO,LEONCIO PRADO,LUYANDO,HUASCAR
250301,UCAYALI,PADRE ABAD,PADRE ABAD,RIO SANTA
100702,HUANUCO,MARAÏ¿½ON,CHOLON,PARAISO
100604,HUANUCO,LEONCIO PRADO,JOSE CRESPO Y CASTILLO,LA LOMA
100701,HUANUCO,MARAÏ¿½ON,HUACRACHUCO,HUACRACHUCO
100905,HUANUCO,PUERTO INCA,YUYAPICHIS,PAMPAS VERDE
100605,HUANUCO,LEONCIO PRADO,LUYANDO,SHAPAJILLA
100604,HUANUCO,LEONCIO PRADO,JOSE CRESPO Y CASTILLO,CASERIO SAN ISIDRO
100905,HUANUCO,PUERTO INCA,YUYAPICHIS,CASERIO PALESTINA
100901,HUANUCO,PUERTO INCA,PUERTO INCA,PIEDRA PINTADA
100401,HUANUCO,HUACAYBAMBA,HUACAYBAMBA,LIBERTAD
100905,HUANUCO,PUERTO INCA,YUYAPICHIS,STA ROSA YANAYACU
100904,HUANUCO,PUERTO INCA,TOURNAVISTA,03 DE OCTUBRE
100904,HUANUCO,PUERTO INCA,TOURNAVISTA,ALTO MACUYA
100507,HUANUCO,HUAMALIES,MONZON,PACCHA
100604,HUANUCO,LEONCIO PRADO,JOSE CRESPO Y CASTILLO,CARRETERA FBT KM11
100602,HUANUCO,LEONCIO PRADO,DANIEL ALOMIA ROBLES,SAN JUAN DE TULUMAYO
100507,HUANUCO,HUAMALIES,MONZON,MILAGROS
100901,HUANUCO,PUERTO INCA,PUERTO INCA,NVO TRUJILLO
100606,HUANUCO,LEONCIO PRADO,MARIANO DAMASO BERAUN,TAMBILLO
100903,HUANUCO,PUERTO INCA,HONORIA,NAZARET
100702,HUANUCO,MARAÏ¿½ON,CHOLON,CAMOTE
100902,HUANUCO,PUERTO INCA,CODO DEL POZUZO,SAN JUAN CODO
100606,HUANUCO,LEONCIO PRADO,MARIANO DAMASO BERAUN,SANTA ROSA DE QUIVIS
100604,HUANUCO,LEONCIO PRADO,JOSE CRESPO Y CASTILLO,PUERTO ANGEL
100602,HUANUCO,LEONCIO PRADO,DANIEL ALOMIA ROBLES,KM 51
100507,HUANUCO,HUAMALIES,MONZON,SAN JUAN DE CAPI
100601,HUANUCO,LEONCIO PRADO,RUPA-RUPA,RIO NEGRO
100802,HUANUCO,PACHITEA,CHAGLLA,HUAYRO
100208,HUANUCO,AMBO,TOMAY-KICHWA,MONZON
100905,HUANUCO,PUERTO INCA,YUYAPICHIS,ALTO YANAYACU
100507,HUANUCO,HUAMALIES,MONZON,SACHA VACA
100604,HUANUCO,LEONCIO PRADO,JOSE CRESPO Y CASTILLO,VENADO PAMPA
100604,HUANUCO,LEONCIO PRADO,JOSE CRESPO Y CASTILLO,MERCEDES LOCRO
100601,HUANUCO,LEONCIO PRADO,RUPA-RUPA,BUENOS AIRES
100604,HUANUCO,LEONCIO PRADO,JOSE CRESPO Y CASTILLO,SANTA LUCIA
100604,HUANUCO,LEONCIO PRADO,JOSE CRESPO Y CASTILLO,PUENTE NUEVO (ANDA)
221001,SAN MARTIN,TOCACHE,TOCACHE,JUANJUI
100604,HUANUCO,LEONCIO PRADO,JOSE CRESPO Y CASTILLO,SHAPINGO DE ANDA
100702,HUANUCO,MARAÏ¿½ON,CHOLON,JORGE CHAVEZ
100606,HUANUCO,LEONCIO PRADO,MARIANO DAMASO BERAUN,SAN ANDRES DE RONDOS
100604,HUANUCO,LEONCIO PRADO,JOSE CRESPO Y CASTILLO,ANGASHYACU
100802,HUANUCO,PACHITEA,CHAGLLA,YANACO SAN JUAN
100904,HUANUCO,PUERTO INCA,TOURNAVISTA,NARANJAL
100901,HUANUCO,PUERTO INCA,PUERTO INCA,SANTA TEREZA
100901,HUANUCO,PUERTO INCA,PUERTO INCA,NUEVA JERUSALEN
100901,HUANUCO,PUERTO INCA,PUERTO INCA,PLATANO ISLA
100901,HUANUCO,PUERTO INCA,PUERTO INCA,PARAISO
100904,HUANUCO,PUERTO INCA,TOURNAVISTA,IPARIA
100103,HUANUCO,HUANUCO,CHINCHAO,SAN JUAN ALTO
050610,AYACUCHO,LUCANAS,LLAUTA,USPA
110401,ICA,PALPA,PALPA,LLAUTA
120305,JUNIN,CHANCHAMAYO,SAN RAMON,QUEBRADA SANTA ROSA
120304,JUNIN,CHANCHAMAYO,SAN LUIS DE SHUARO,ALTO PALOMAR
120604,JUNIN,SATIPO,MAZAMARI,PANGA
120608,JUNIN,SATIPO,RIO TAMBO,PUERTO OCOPA
120607,JUNIN,SATIPO,RIO NEGRO,VILLA CAPIRI
120608,JUNIN,SATIPO,RIO TAMBO,OVIRI
120608,JUNIN,SATIPO,RIO TAMBO,CANAN
120601,JUNIN,SATIPO,SATIPO,EL PACIFICO
120303,JUNIN,CHANCHAMAYO,PICHANAQUI,28 DE JULIO
120302,JUNIN,CHANCHAMAYO,PERENE,SAN JUAN UBIRIKI
120303,JUNIN,CHANCHAMAYO,PICHANAQUI,ALTO MIRITARINI
120303,JUNIN,CHANCHAMAYO,PICHANAQUI,BELEN ANAMPIARI
120303,JUNIN,CHANCHAMAYO,PICHANAQUI,CENTRO CUVIRIANI
120302,JUNIN,CHANCHAMAYO,PERENE,CAMONASHARI
120302,JUNIN,CHANCHAMAYO,PERENE,CHIRANI
120302,JUNIN,CHANCHAMAYO,PERENE,LOS ANGELES UBIRIKI
120602,JUNIN,SATIPO,COVIRIALI,BUENOS AIRES
120608,JUNIN,SATIPO,RIO TAMBO,CC.NN.OVIRI
120303,JUNIN,CHANCHAMAYO,PICHANAQUI,CENTRO ANAMPIAR
120302,JUNIN,CHANCHAMAYO,PERENE,SANTA CRUZ DE AGUA DULCE
120303,JUNIN,CHANCHAMAYO,PICHANAQUI,BAJO ALDEA
120303,JUNIN,CHANCHAMAYO,PICHANAQUI,UNION ANDAHUAYLAS
120303,JUNIN,CHANCHAMAYO,PICHANAQUI,CENTRO CUYANI
120302,JUNIN,CHANCHAMAYO,PERENE,KIVINAKI
120303,JUNIN,CHANCHAMAYO,PICHANAQUI,PUERTO PICHANAKI
120606,JUNIN,SATIPO,PANGOA,TZIRIARI
120607,JUNIN,SATIPO,RIO NEGRO,PACHACUTEC
120302,JUNIN,CHANCHAMAYO,PERENE,ZOTARI
120303,JUNIN,CHANCHAMAYO,PICHANAQUI,INDEPENDIENTE
120606,JUNIN,SATIPO,PANGOA,CAMIRUSHARI
120606,JUNIN,SATIPO,PANGOA,NAYLAMP DE SONOMORO
120303,JUNIN,CHANCHAMAYO,PICHANAQUI,IPOKI
190306,PASCO,OXAPAMPA,PUERTO BERMUDEZ,VALLE NAZARATEGUI
120302,JUNIN,CHANCHAMAYO,PERENE,SAN PEDRO DE SHIRANI
120606,JUNIN,SATIPO,PANGOA,ALTO KIATARI
120302,JUNIN,CHANCHAMAYO,PERENE,SAN JUAN DE UBIRIKI
120303,JUNIN,CHANCHAMAYO,PICHANAQUI,NACIENTE CUVIRIANI
120303,JUNIN,CHANCHAMAYO,PICHANAQUI,SAN PEDRO DE SHAUREATO
120606,JUNIN,SATIPO,PANGOA,SAN ANTONIO DE SONOMORO
120304,JUNIN,CHANCHAMAYO,SAN LUIS DE SHUARO,PUENTE PAUCARTAMBO
120606,JUNIN,SATIPO,PANGOA,MAZORONQUIARI
120606,JUNIN,SATIPO,PANGOA,B KAIATARI L.DE SANGARENI
120601,JUNIN,SATIPO,SATIPO,ALTO HUANTASHIRI
120302,JUNIN,CHANCHAMAYO,PERENE,SHINTORIATO
130105,LA LIBERTAD,TRUJILLO,LA ESPERANZA,WICHANZAO
130305,LA LIBERTAD,BOLIVAR,UCHUMARCA,PUSAC
130613,LA LIBERTAD,OTUZCO,SINSICAP,PARRAPOS
060104,CAJAMARCA,CAJAMARCA,COSPAN,HUAYOBAMBA
130701,LA LIBERTAD,PACASMAYO,SAN PEDRO DE LLOC,LOS HUSARES
130402,LA LIBERTAD,CHEPEN,PACANGA,CAIN
200704,PIURA,TALARA,LOBITOS,LOBITOS
140201,LAMBAYEQUE,FERREÏ¿½AFE,FERREÏ¿½AFE,CANAL TAYMI
140203,LAMBAYEQUE,FERREÏ¿½AFE,INCAHUASI,CANAL TAYMI
160108,LORETO,MAYNAS,PUNCHANA,QUEBRADA SHIHUA
160305,LORETO,LORETO,URARINAS,MAICUYATA
160106,LORETO,MAYNAS,MAZAN,SAN RAFAEL
160206,LORETO,ALTO AMAZONAS,LAGUNAS,040005
160110,LORETO,MAYNAS,TORRES CAUSANA,HUMANDI
160103,LORETO,MAYNAS,FERNANDO LORES,CHINO
160107,LORETO,MAYNAS,NAPO,GUTIOQUI
160107,LORETO,MAYNAS,NAPO,FORTALEZA
160103,LORETO,MAYNAS,FERNANDO LORES,BUENOS AIRES
160301,LORETO,LORETO,NAUTA,COMITE 30 DE AGOSTO NAUTA
160304,LORETO,LORETO,TROMPETEROS,NUEVA UNION
160705,LORETO,DATEM DEL MARAÏ¿½ON,PASTAZA,014008
160202,LORETO,ALTO AMAZONAS,BALSAPUERTO,030408
160301,LORETO,LORETO,NAUTA,CAS. SAN ANTONIO
160705,LORETO,DATEM DEL MARAÏ¿½ON,PASTAZA,UWIJIN
160402,LORETO,MARISCAL RAMON CASTILLA,PEBAS,SAUCERDO
160703,LORETO,DATEM DEL MARAÏ¿½ON,MANSERICHE,028408
160701,LORETO,DATEM DEL MARAÏ¿½ON,BARRANCA,SAN JUAN MOARAYACU
160108,LORETO,MAYNAS,PUNCHANA,006105
160404,LORETO,MARISCAL RAMON CASTILLA,SAN PABLO,BARTIA
160401,LORETO,MARISCAL RAMON CASTILLA,RAMON CASTILLA,MARIO RIVERO
160103,LORETO,MAYNAS,FERNANDO LORES,068005
160505,LORETO,REQUENA,MAQUIA,UNION
160103,LORETO,MAYNAS,FERNANDO LORES,PANGUANA
160401,LORETO,MARISCAL RAMON CASTILLA,RAMON CASTILLA,YANAYACU
160201,LORETO,ALTO AMAZONAS,YURIMAGUAS,021405
160106,LORETO,MAYNAS,MAZAN,PALMERAS
160401,LORETO,MARISCAL RAMON CASTILLA,RAMON CASTILLA,RODIÏ¿½A 2DA. ZONA
160401,LORETO,MARISCAL RAMON CASTILLA,RAMON CASTILLA,SAN FRANCISCO YAUMA
160601,LORETO,UCAYALI,CONTAMANA,COMUN.NATIVA LIBERTADOR
160301,LORETO,LORETO,NAUTA,CARRETERA N I 3500KM.
160112,LORETO,MAYNAS,BELEN,CAS. GALLITO
160401,LORETO,MARISCAL RAMON CASTILLA,RAMON CASTILLA,1Ï¿½ DE OCTUBRE
160104,LORETO,MAYNAS,INDIANA,NUEVO HUAMARAL
160304,LORETO,LORETO,TROMPETEROS,VILLA TROMPERTEROS
160103,LORETO,MAYNAS,FERNANDO LORES,QDA. TAMSHIYACU
160201,LORETO,ALTO AMAZONAS,YURIMAGUAS,026005
160704,LORETO,DATEM DEL MARAÏ¿½ON,MORONA,040008
160705,LORETO,DATEM DEL MARAÏ¿½ON,PASTAZA,088108
160401,LORETO,MARISCAL RAMON CASTILLA,RAMON CASTILLA,RAMON CASTILLA 2DA.ZONA
160401,LORETO,MARISCAL RAMON CASTILLA,RAMON CASTILLA,RONDINA
160301,LORETO,LORETO,NAUTA,PAYOROTE
160206,LORETO,ALTO AMAZONAS,LAGUNAS,014005
160402,LORETO,MARISCAL RAMON CASTILLA,PEBAS,ANCON COLONIA
160401,LORETO,MARISCAL RAMON CASTILLA,RAMON CASTILLA,PUERTO CUHUAY
160703,LORETO,DATEM DEL MARAÏ¿½ON,MANSERICHE,PUERTO LINDA
160401,LORETO,MARISCAL RAMON CASTILLA,RAMON CASTILLA,ERENE
160106,LORETO,MAYNAS,MAZAN,TUTAPISHCO
160401,LORETO,MARISCAL RAMON CASTILLA,RAMON CASTILLA,YAHUANA
160305,LORETO,LORETO,URARINAS,SAN PEDRO
160705,LORETO,DATEM DEL MARAÏ¿½ON,PASTAZA,ORTENCIA COCHA
160705,LORETO,DATEM DEL MARAÏ¿½ON,PASTAZA,031008
160303,LORETO,LORETO,TIGRE,000108
160301,LORETO,LORETO,NAUTA,SAN JUAQUIN DE OMAGUAS
160112,LORETO,MAYNAS,BELEN,098005
160102,LORETO,MAYNAS,ALTO NANAY,CASERIO YARINA
160206,LORETO,ALTO AMAZONAS,LAGUNAS,030005
160304,LORETO,LORETO,TROMPETEROS,SANTA ISABEL
160702,LORETO,DATEM DEL MARAÏ¿½ON,CAHUAPANAS,052008
160401,LORETO,MARISCAL RAMON CASTILLA,RAMON CASTILLA,MERIELIN
160112,LORETO,MAYNAS,BELEN,188005
160206,LORETO,ALTO AMAZONAS,LAGUNAS,037008
160606,LORETO,UCAYALI,VARGAS GUERRA,CANELO
160206,LORETO,ALTO AMAZONAS,LAGUNAS,039108
160112,LORETO,MAYNAS,BELEN,LUCERO PATA
160507,LORETO,REQUENA,SAQUENA,PUERTO SOL
160703,LORETO,DATEM DEL MARAÏ¿½ON,MANSERICHE,032005
160404,LORETO,MARISCAL RAMON CASTILLA,SAN PABLO,BERBENA
160104,LORETO,MAYNAS,INDIANA,SINSHICUY
160402,LORETO,MARISCAL RAMON CASTILLA,PEBAS,PROGRESO
160202,LORETO,ALTO AMAZONAS,BALSAPUERTO,038208
160702,LORETO,DATEM DEL MARAÏ¿½ON,CAHUAPANAS,040008
160705,LORETO,DATEM DEL MARAÏ¿½ON,PASTAZA,SOPLIN
160404,LORETO,MARISCAL RAMON CASTILLA,SAN PABLO,PROSPERO
160402,LORETO,MARISCAL RAMON CASTILLA,PEBAS,PREFECTO
160113,LORETO,MAYNAS,SAN JUAN BAUTISTA,080005
160401,LORETO,MARISCAL RAMON CASTILLA,RAMON CASTILLA,UNION PROGRESISTA
160110,LORETO,MAYNAS,TORRES CAUSANA,MIRAFLORES
160107,LORETO,MAYNAS,NAPO,PORVENIR
160107,LORETO,MAYNAS,NAPO,COPAL URCOO
160105,LORETO,MAYNAS,LAS AMAZONAS,MOTAHUAZO
160301,LORETO,LORETO,NAUTA,SAN JUAN
160506,LORETO,REQUENA,PUINAHUA,ATUN POZA
160606,LORETO,UCAYALI,VARGAS GUERRA,NUEVO ANAMPA
160104,LORETO,MAYNAS,INDIANA,VAINILLA
160705,LORETO,DATEM DEL MARAÏ¿½ON,PASTAZA,047705
160112,LORETO,MAYNAS,BELEN,PENA BLANCA
160403,LORETO,MARISCAL RAMON CASTILLA,YAVARI,PUERTO ALEGRE
160605,LORETO,UCAYALI,SARAYACU,NUEVO DOS DE MAYO
160701,LORETO,DATEM DEL MARAÏ¿½ON,BARRANCA,LIBERTAD
160605,LORETO,UCAYALI,SARAYACU,MIGUEL GRAU
160508,LORETO,REQUENA,SOPLIN,NUEVA ESPERANZA
160304,LORETO,LORETO,TROMPETEROS,SAN JOSE DE PORVENIR
160112,LORETO,MAYNAS,BELEN,SAN ANTONIO RIO ITAYA
160606,LORETO,UCAYALI,VARGAS GUERRA,INAHUAYA
160705,LORETO,DATEM DEL MARAÏ¿½ON,PASTAZA,035108
160103,LORETO,MAYNAS,FERNANDO LORES,CASERIO TAHUAYO
160104,LORETO,MAYNAS,INDIANA,SUNI CANO
160504,LORETO,REQUENA,EMILIO SAN MARTIN,AYPENA
160705,LORETO,DATEM DEL MARAÏ¿½ON,PASTAZA,057005
160108,LORETO,MAYNAS,PUNCHANA,SAN LUIS   RIO MOMON
160606,LORETO,UCAYALI,VARGAS GUERRA,INAHUAILLO
160301,LORETO,LORETO,NAUTA,NUEVO MIRAFLORES
160605,LORETO,UCAYALI,SARAYACU,MAHUIZO
160801,LORETO,PUTUMAYO,PUTUMAYO,SAN FRANCISCO
160305,LORETO,LORETO,URARINAS,SAN GABRIEL
160110,LORETO,MAYNAS,TORRES CAUSANA,PORVENIR
160704,LORETO,DATEM DEL MARAÏ¿½ON,MORONA,009008
160303,LORETO,LORETO,TIGRE,BELEN
160110,LORETO,MAYNAS,TORRES CAUSANA,NAPO
160801,LORETO,PUTUMAYO,PUTUMAYO,ROCA FUERTE
160113,LORETO,MAYNAS,SAN JUAN BAUTISTA,CARDOZO
160402,LORETO,MARISCAL RAMON CASTILLA,PEBAS,SANTA AMELIA
160606,LORETO,UCAYALI,VARGAS GUERRA,MONTE OLIVO
160112,LORETO,MAYNAS,BELEN,SAN MIGUEL
160301,LORETO,LORETO,NAUTA,HIPOLITO UNANUE
160402,LORETO,MARISCAL RAMON CASTILLA,PEBAS,NUEVO PERU
160202,LORETO,ALTO AMAZONAS,BALSAPUERTO,018008
160202,LORETO,ALTO AMAZONAS,BALSAPUERTO,PARAISO
160701,LORETO,DATEM DEL MARAÏ¿½ON,BARRANCA,010008
160705,LORETO,DATEM DEL MARAÏ¿½ON,PASTAZA,017004
160601,LORETO,UCAYALI,CONTAMANA,LIBERTAD
160202,LORETO,ALTO AMAZONAS,BALSAPUERTO,059008
160304,LORETO,LORETO,TROMPETEROS,SANTA TERESA
160606,LORETO,UCAYALI,VARGAS GUERRA,NUEVO DORADO
160106,LORETO,MAYNAS,MAZAN,SAN JOSE
160705,LORETO,DATEM DEL MARAÏ¿½ON,PASTAZA,084008
160705,LORETO,DATEM DEL MARAÏ¿½ON,PASTAZA,KUYUNTZA
160605,LORETO,UCAYALI,SARAYACU,NUEVO 2 DE MAYO
160304,LORETO,LORETO,TROMPETEROS,SATA ISABEL DE COPAL
160103,LORETO,MAYNAS,FERNANDO LORES,STA. ROSA DE SHATO
160602,LORETO,UCAYALI,INAHUAYA,PACASHANAYA
160103,LORETO,MAYNAS,FERNANDO LORES,062005
160104,LORETO,MAYNAS,INDIANA,MANITI I ZONA
160602,LORETO,UCAYALI,INAHUAYA,NUEVA ESPERANZA
160112,LORETO,MAYNAS,BELEN,SAN PEDRO DE PINTUYACU
160401,LORETO,MARISCAL RAMON CASTILLA,RAMON CASTILLA,PUERTO ALEGRE
160201,LORETO,ALTO AMAZONAS,YURIMAGUAS,059105
160105,LORETO,MAYNAS,LAS AMAZONAS,FRANCIA
160401,LORETO,MARISCAL RAMON CASTILLA,RAMON CASTILLA,EREBE
160501,LORETO,REQUENA,REQUENA,ELMER FAUCETT
160303,LORETO,LORETO,TIGRE,MARSELLA
160506,LORETO,REQUENA,PUINAHUA,URARINAS
160801,LORETO,PUTUMAYO,PUTUMAYO,PASQUERIO
160106,LORETO,MAYNAS,MAZAN,LEON ISLA
160301,LORETO,LORETO,NAUTA,JOSE OLAYA
160601,LORETO,UCAYALI,CONTAMANA,TRES HERMANOS
160112,LORETO,MAYNAS,BELEN,003902
160107,LORETO,MAYNAS,NAPO,NUEVA VIDA
160201,LORETO,ALTO AMAZONAS,YURIMAGUAS,013005
160704,LORETO,DATEM DEL MARAÏ¿½ON,MORONA,SHINGUITOA
160704,LORETO,DATEM DEL MARAÏ¿½ON,MORONA,057108
160507,LORETO,REQUENA,SAQUENA,TIBI PLAYA
160705,LORETO,DATEM DEL MARAÏ¿½ON,PASTAZA,PTO FRANCO
160501,LORETO,REQUENA,REQUENA,BUEN JESUS
160107,LORETO,MAYNAS,NAPO,LAGARTO COCHA
160702,LORETO,DATEM DEL MARAÏ¿½ON,CAHUAPANAS,CHOPILOMA
160110,LORETO,MAYNAS,TORRES CAUSANA,CEDRO ISLA
160103,LORETO,MAYNAS,FERNANDO LORES,PRIMAVERA
160206,LORETO,ALTO AMAZONAS,LAGUNAS,015008
160108,LORETO,MAYNAS,PUNCHANA,000402
160103,LORETO,MAYNAS,FERNANDO LORES,MANGUA
160602,LORETO,UCAYALI,INAHUAYA,JOSE OLAYA
160103,LORETO,MAYNAS,FERNANDO LORES,NVO. AMAZONAS
160108,LORETO,MAYNAS,PUNCHANA,RIO MOMON
160601,LORETO,UCAYALI,CONTAMANA,GOLONDRINA
160403,LORETO,MARISCAL RAMON CASTILLA,YAVARI,BELLAVISTA CALLARU
160105,LORETO,MAYNAS,LAS AMAZONAS,NUEVO LIBERTAD
160201,LORETO,ALTO AMAZONAS,YURIMAGUAS,BELLO HORIZONTE
160501,LORETO,REQUENA,REQUENA,NARANJAL
160404,LORETO,MARISCAL RAMON CASTILLA,SAN PABLO,E. BARCIA
160106,LORETO,MAYNAS,MAZAN,LAGO YURACYACU
160106,LORETO,MAYNAS,MAZAN,PUERTO ARICA
160110,LORETO,MAYNAS,TORRES CAUSANA,TUPAC AMARU
160401,LORETO,MARISCAL RAMON CASTILLA,RAMON CASTILLA,PUERTO SINAI
160106,LORETO,MAYNAS,MAZAN,NUEVO CANTON
160103,LORETO,MAYNAS,FERNANDO LORES,CASERIO UNION
160502,LORETO,REQUENA,ALTO TAPICHE,FATIMA
160701,LORETO,DATEM DEL MARAÏ¿½ON,BARRANCA,059005
160302,LORETO,LORETO,PARINARI,SANTA ISABEL DE YUMBATUR
160606,LORETO,UCAYALI,VARGAS GUERRA,PAUYAN
160603,LORETO,UCAYALI,PADRE MARQUEZ,CUNSHAMAY
160602,LORETO,UCAYALI,INAHUAYA,ORIENTE
160501,LORETO,REQUENA,REQUENA,JOSE CARLOS MARIATEGUI
160705,LORETO,DATEM DEL MARAÏ¿½ON,PASTAZA,SANTANDER
160104,LORETO,MAYNAS,INDIANA,YANAMONO
160605,LORETO,UCAYALI,SARAYACU,DOS DE MAYO
160401,LORETO,MARISCAL RAMON CASTILLA,RAMON CASTILLA,JOSE C. MARIATEGUI
160101,LORETO,MAYNAS,IQUITOS,RIO MOMON
160107,LORETO,MAYNAS,NAPO,BERLIN
160101,LORETO,MAYNAS,IQUITOS,ABTAO   879
160402,LORETO,MARISCAL RAMON CASTILLA,PEBAS,SANTA JULIA
160106,LORETO,MAYNAS,MAZAN,MIRAFLORES
160112,LORETO,MAYNAS,BELEN,117005
160211,LORETO,ALTO AMAZONAS,TENIENTE CESAR LOPEZ ROJAS,EL TIGRE
160305,LORETO,LORETO,URARINAS,3 FRONTERAS
160201,LORETO,ALTO AMAZONAS,YURIMAGUAS,047205
160303,LORETO,LORETO,TIGRE,VISTA ALEGRE
160103,LORETO,MAYNAS,FERNANDO LORES,CHARO
160704,LORETO,DATEM DEL MARAÏ¿½ON,MORONA,060008
160701,LORETO,DATEM DEL MARAÏ¿½ON,BARRANCA,SAN JUAN DE MOJARAYACU
160103,LORETO,MAYNAS,FERNANDO LORES,SHATO QDA. TAMSHIYACU
160703,LORETO,DATEM DEL MARAÏ¿½ON,MANSERICHE,LIBANO
160704,LORETO,DATEM DEL MARAÏ¿½ON,MORONA,KATIRNAENTZA
160705,LORETO,DATEM DEL MARAÏ¿½ON,PASTAZA,KUNAENTZA
160705,LORETO,DATEM DEL MARAÏ¿½ON,PASTAZA,WASHIENTSA
160602,LORETO,UCAYALI,INAHUAYA,PUERTO NUEVO
160705,LORETO,DATEM DEL MARAÏ¿½ON,PASTAZA,NVO LIMON
160103,LORETO,MAYNAS,FERNANDO LORES,RIO TAHUAYO
160107,LORETO,MAYNAS,NAPO,BARRANQUILLA
160404,LORETO,MARISCAL RAMON CASTILLA,SAN PABLO,SANTA CLARA
160105,LORETO,MAYNAS,LAS AMAZONAS,HUASAI
160606,LORETO,UCAYALI,VARGAS GUERRA,SAN PEDRO
160401,LORETO,MARISCAL RAMON CASTILLA,RAMON CASTILLA,SANTA LUCIA
160605,LORETO,UCAYALI,SARAYACU,YAHUARANGO
160104,LORETO,MAYNAS,INDIANA,GENERAL MERINO
160505,LORETO,REQUENA,MAQUIA,SANTA ELENA
160701,LORETO,DATEM DEL MARAÏ¿½ON,BARRANCA,BOCA DE CAHUAPANAS
160106,LORETO,MAYNAS,MAZAN,FRANCISCO BUEN PASO
160202,LORETO,ALTO AMAZONAS,BALSAPUERTO,035008
160302,LORETO,LORETO,PARINARI,NUEVA FORTUNA
160606,LORETO,UCAYALI,VARGAS GUERRA,SUNI COCHA
160601,LORETO,UCAYALI,CONTAMANA,SUHAYA
160705,LORETO,DATEM DEL MARAÏ¿½ON,PASTAZA,071008
160501,LORETO,REQUENA,REQUENA,GRANJA SENOR DE LUREN
160705,LORETO,DATEM DEL MARAÏ¿½ON,PASTAZA,CHINTU
160103,LORETO,MAYNAS,FERNANDO LORES,079105
160113,LORETO,MAYNAS,SAN JUAN BAUTISTA,EX PETROLERO II
160601,LORETO,UCAYALI,CONTAMANA,NUEVO SUCRE
160511,LORETO,REQUENA,YAQUERANA,LAS MALVINAS
160701,LORETO,DATEM DEL MARAÏ¿½ON,BARRANCA,BUENA VISTA
160704,LORETO,DATEM DEL MARAÏ¿½ON,MORONA,UNKUNT
160104,LORETO,MAYNAS,INDIANA,MANATI I ZONA
160606,LORETO,UCAYALI,VARGAS GUERRA,UNAHUAYA
160401,LORETO,MARISCAL RAMON CASTILLA,RAMON CASTILLA,VILLA NUEVA ESPERANZA
160601,LORETO,UCAYALI,CONTAMANA,NUEVO OLAYA
160103,LORETO,MAYNAS,FERNANDO LORES,PANGUA I ZONA
160511,LORETO,REQUENA,YAQUERANA,MALVINAS
160701,LORETO,DATEM DEL MARAÏ¿½ON,BARRANCA,047005
160505,LORETO,REQUENA,MAQUIA,SAN JOSE
160107,LORETO,MAYNAS,NAPO,SARGENTO LORES
160704,LORETO,DATEM DEL MARAÏ¿½ON,MORONA,TUNIME
160705,LORETO,DATEM DEL MARAÏ¿½ON,PASTAZA,MAMUS
160303,LORETO,LORETO,TIGRE,LIBERTAD DEL TIGRE
160705,LORETO,DATEM DEL MARAÏ¿½ON,PASTAZA,PUERTO FRANCO
160104,LORETO,MAYNAS,INDIANA,TIGRE COCHA
160202,LORETO,ALTO AMAZONAS,BALSAPUERTO,015108
160401,LORETO,MARISCAL RAMON CASTILLA,RAMON CASTILLA,VILLA ALFARO
160304,LORETO,LORETO,TROMPETEROS,SAN JOSE DE NVA.ESPERANZA
160211,LORETO,ALTO AMAZONAS,TENIENTE CESAR LOPEZ ROJAS,NVO SANTA ROSA
160304,LORETO,LORETO,TROMPETEROS,SAN JOSE DE NVA. ESPERANZ
160605,LORETO,UCAYALI,SARAYACU,SAN LORENZO
170101,MADRE DE DIOS,TAMBOPATA,TAMBOPATA,KM 14
170202,MADRE DE DIOS,MANU,FITZCARRALD,TAYACOME
170202,MADRE DE DIOS,MANU,FITZCARRALD,CANABRABAL
170101,MADRE DE DIOS,TAMBOPATA,TAMBOPATA,COMUNIDAD INFIERNO
170201,MADRE DE DIOS,MANU,MANU,MAMAJAPA
190306,PASCO,OXAPAMPA,PUERTO BERMUDEZ,MIRITIRIANI
190305,PASCO,OXAPAMPA,POZUZO,NUEVO CONSUELO
190306,PASCO,OXAPAMPA,PUERTO BERMUDEZ,ZUNGAROYALI
100905,HUANUCO,PUERTO INCA,YUYAPICHIS,ZUNGARO
190306,PASCO,OXAPAMPA,PUERTO BERMUDEZ,ATAHUALLPA
190304,PASCO,OXAPAMPA,PALCAZU,PUERTO ALEGRE
120304,JUNIN,CHANCHAMAYO,SAN LUIS DE SHUARO,CASCADA
190305,PASCO,OXAPAMPA,POZUZO,SAN SALVADOR
190306,PASCO,OXAPAMPA,PUERTO BERMUDEZ,UNION CIRIA
100905,HUANUCO,PUERTO INCA,YUYAPICHIS,LAS PALMAS
190305,PASCO,OXAPAMPA,POZUZO,ALTO HUIPIS
190304,PASCO,OXAPAMPA,PALCAZU,MAZUHUAZU
100905,HUANUCO,PUERTO INCA,YUYAPICHIS,CAMANTARMA
190306,PASCO,OXAPAMPA,PUERTO BERMUDEZ,MONTE CARMELO
190306,PASCO,OXAPAMPA,PUERTO BERMUDEZ,PUERTO CALICHE
190306,PASCO,OXAPAMPA,PUERTO BERMUDEZ,CHUCHULLA
190307,PASCO,OXAPAMPA,VILLA RICA,SAN PEDRO DE PICHANAZ
190302,PASCO,OXAPAMPA,CHONTABAMBA,PUSAPNO
190304,PASCO,OXAPAMPA,PALCAZU,PUERTO ESMERALDA
190307,PASCO,OXAPAMPA,VILLA RICA,PAMPA ENCANTADA
190306,PASCO,OXAPAMPA,PUERTO BERMUDEZ,SAN LUIS
190307,PASCO,OXAPAMPA,VILLA RICA,STA ROSA DE PICHANAZ
190306,PASCO,OXAPAMPA,PUERTO BERMUDEZ,CENTRO YARINA
190304,PASCO,OXAPAMPA,PALCAZU,QUEBRADA PACO
190304,PASCO,OXAPAMPA,PALCAZU,PLAYA CALIENTE
190306,PASCO,OXAPAMPA,PUERTO BERMUDEZ,SANTA ROSA DE CHICIS
190305,PASCO,OXAPAMPA,POZUZO,SERENO
190306,PASCO,OXAPAMPA,PUERTO BERMUDEZ,BETANIA
190304,PASCO,OXAPAMPA,PALCAZU,ESMERALDA
120502,JUNIN,JUNIN,CARHUAMAYO,LLAUPI
190304,PASCO,OXAPAMPA,PALCAZU,QUEBRADA HONDA
190306,PASCO,OXAPAMPA,PUERTO BERMUDEZ,PUERTO YESUPE
190304,PASCO,OXAPAMPA,PALCAZU,LA OROYA
190306,PASCO,OXAPAMPA,PUERTO BERMUDEZ,CAMANTARMA
190306,PASCO,OXAPAMPA,PUERTO BERMUDEZ,SAN LUIS CHINCHIHUANI
190304,PASCO,OXAPAMPA,PALCAZU,SANTO DOMINGO
211207,PUNO,SANDIA,SAN JUAN DEL ORO,SAN LORENZO DE PALMERANI
220504,SAN MARTIN,LAMAS,CAYNARACHI,KM 40 CARRET. YURIM.
220301,SAN MARTIN,EL DORADO,SAN JOSE DE SISA,SANTA MARTHA RIO SISA
220909,SAN MARTIN,SAN MARTIN,LA BANDA DE SHILCAYO,CACERIO SAN FERNANDO
220701,SAN MARTIN,PICOTA,PICOTA,SAN ANTONIO
220303,SAN MARTIN,EL DORADO,SAN MARTIN,NUEVA ESPERANZA
220303,SAN MARTIN,EL DORADO,SAN MARTIN,TIERRA PALESTINS
220303,SAN MARTIN,EL DORADO,SAN MARTIN,NUEVO PORVENIR
220901,SAN MARTIN,SAN MARTIN,TARAPOTO,ATUMPAMPA
221003,SAN MARTIN,TOCACHE,POLVORA,NUEVO CASMA
220601,SAN MARTIN,MARISCAL CACERES,JUANJUI,SECTOR CHAMBIRA
220909,SAN MARTIN,SAN MARTIN,LA BANDA DE SHILCAYO,PROGRESO KM 30
220508,SAN MARTIN,LAMAS,SAN ROQUE DE CUMBAZA,AUCALOMA
220303,SAN MARTIN,EL DORADO,SAN MARTIN,NUEVO. PUCACACA
100604,HUANUCO,LEONCIO PRADO,JOSE CRESPO Y CASTILLO,LA UNIDAD
221002,SAN MARTIN,TOCACHE,NUEVO PROGRESO,BELAUNDE
221001,SAN MARTIN,TOCACHE,TOCACHE,PALO BLANCO
221003,SAN MARTIN,TOCACHE,POLVORA,SANTA ROSA DE ALTO TANANT
220303,SAN MARTIN,EL DORADO,SAN MARTIN,FLOR DEL ORIENTE
221001,SAN MARTIN,TOCACHE,TOCACHE,SAN JOSE DE HUAQUISHA
221001,SAN MARTIN,TOCACHE,TOCACHE,ALTO LIMON
221001,SAN MARTIN,TOCACHE,TOCACHE,HUAQUISHA
220701,SAN MARTIN,PICOTA,PICOTA,NUEVO CHANCHAMAYO
220503,SAN MARTIN,LAMAS,BARRANQUITA,PANTOJA
220510,SAN MARTIN,LAMAS,TABALOSOS,PUCAYACU PANJUI
220605,SAN MARTIN,MARISCAL CACERES,PAJARILLO,COSTARICA
220801,SAN MARTIN,RIOJA,RIOJA,MASHUYACU
220401,SAN MARTIN,HUALLAGA,SAPOSOA,CASERIO NUEVA ESPERANZA
221003,SAN MARTIN,TOCACHE,POLVORA,BALSAYACU
220301,SAN MARTIN,EL DORADO,SAN JOSE DE SISA,NUEVA INTEGRACION
220911,SAN MARTIN,SAN MARTIN,PAPAPLAYA,PAPAPLAYA
220203,SAN MARTIN,BELLAVISTA,BAJO BIAVO,PLAYA HERMOSA
220301,SAN MARTIN,EL DORADO,SAN JOSE DE SISA,NUEVO TACABAMBA
220511,SAN MARTIN,LAMAS,ZAPATERO,PROGRESO ZAPATERO
221002,SAN MARTIN,TOCACHE,NUEVO PROGRESO,NUEVO PROGRESO
220105,SAN MARTIN,MOYOBAMBA,SORITOR,VISTA ALEGREI
220502,SAN MARTIN,LAMAS,ALONSO DE ALVARADO,PACAYSAPA
220503,SAN MARTIN,LAMAS,BARRANQUITA,EL PIÏ¿½AL
220205,SAN MARTIN,BELLAVISTA,SAN PABLO,NUEVO BAGUA
220905,SAN MARTIN,SAN MARTIN,CHIPURANA,NAVARRO
220401,SAN MARTIN,HUALLAGA,SAPOSOA,CASERIO EL DORADO
220401,SAN MARTIN,HUALLAGA,SAPOSOA,EL DORADO AGUA AZUL
220801,SAN MARTIN,RIOJA,RIOJA,TAMBOYACU
221003,SAN MARTIN,TOCACHE,POLVORA,STA ROSA DE MISHOLLO
221001,SAN MARTIN,TOCACHE,TOCACHE,NVA LIBERTAD
220511,SAN MARTIN,LAMAS,ZAPATERO,PROGRESO
221003,SAN MARTIN,TOCACHE,POLVORA,NVO SAN MARTIN
221001,SAN MARTIN,TOCACHE,TOCACHE,LOBOYACU
220511,SAN MARTIN,LAMAS,ZAPATERO,ALTO PROGRESO
221002,SAN MARTIN,TOCACHE,NUEVO PROGRESO,CESAR VALLEJO
220901,SAN MARTIN,SAN MARTIN,TARAPOTO,NUEVE DE ABRIL
220710,SAN MARTIN,PICOTA,TRES UNIDOS,LA UNION
220510,SAN MARTIN,LAMAS,TABALOSOS,PUEBLO NUEVO
221004,SAN MARTIN,TOCACHE,SHUNTE,PUSHURUMBO
220909,SAN MARTIN,SAN MARTIN,LA BANDA DE SHILCAYO,SAN JOSE KM 34
220701,SAN MARTIN,PICOTA,PICOTA,NUEVO CONTROL
221003,SAN MARTIN,TOCACHE,POLVORA,PIZANA
221005,SAN MARTIN,TOCACHE,UCHIZA,SHAPAJA
221003,SAN MARTIN,TOCACHE,POLVORA,CAÏ¿½UTILLO
221003,SAN MARTIN,TOCACHE,POLVORA,10 DE AGOSTO
220602,SAN MARTIN,MARISCAL CACERES,CAMPANILLA,EL VALLE
220604,SAN MARTIN,MARISCAL CACERES,PACHIZA,MIRAFLORES
221001,SAN MARTIN,TOCACHE,TOCACHE,SHISHIYACU
220602,SAN MARTIN,MARISCAL CACERES,CAMPANILLA,PERLAMAYO
220201,SAN MARTIN,BELLAVISTA,BELLAVISTA,NUEVO LIMA
240202,TUMBES,CONTRALMIRANTE VILLAR,CASITAS,CAÏ¿½AVERAL
240202,TUMBES,CONTRALMIRANTE VILLAR,CASITAS,LA RINCONADA
250302,UCAYALI,PADRE ABAD,IRAZOLA,YANAYACU
250104,UCAYALI,CORONEL PORTILLO,MASISEA,ALTO ATALAYA
250106,UCAYALI,CORONEL PORTILLO,NUEVA REQUENA,UNION PROGRESO
250104,UCAYALI,CORONEL PORTILLO,MASISEA,AGUA BLANCA
250104,UCAYALI,CORONEL PORTILLO,MASISEA,NUEVA UNION
250104,UCAYALI,CORONEL PORTILLO,MASISEA,VINUNCURO
250102,UCAYALI,CORONEL PORTILLO,CAMPOVERDE,NUEVA REQUENA
250105,UCAYALI,CORONEL PORTILLO,YARINACOCHA,NVA. ESP. PANAILLO
250101,UCAYALI,CORONEL PORTILLO,CALLERIA,ACCION
250303,UCAYALI,PADRE ABAD,CURIMANA,BELLAVISTA
250302,UCAYALI,PADRE ABAD,IRAZOLA,LAS PIEDRAS
250302,UCAYALI,PADRE ABAD,IRAZOLA,SAN JUAN KM. 67
250303,UCAYALI,PADRE ABAD,CURIMANA,CURIMANA KM. 24 INT.1KM
250302,UCAYALI,PADRE ABAD,IRAZOLA,CASERIO LOS ANGELES
250203,UCAYALI,ATALAYA,TAHUANIA,SHAHUAYA
250102,UCAYALI,CORONEL PORTILLO,CAMPOVERDE,LAS PAMERAS KM.46
250102,UCAYALI,CORONEL PORTILLO,CAMPOVERDE,VISTA ALEGRE
250303,UCAYALI,PADRE ABAD,CURIMANA,CASERIO MARONAL
250302,UCAYALI,PADRE ABAD,IRAZOLA,CASERIO EL TRIUNFO KM. 64
250104,UCAYALI,CORONEL PORTILLO,MASISEA,CASERIO PUTAYA
250105,UCAYALI,CORONEL PORTILLO,YARINACOCHA,SAN FRANCISCO Y.C.
250104,UCAYALI,CORONEL PORTILLO,MASISEA,CASERIO FLOR NACIENTE
250104,UCAYALI,CORONEL PORTILLO,MASISEA,CASERIO PURIN
250101,UCAYALI,CORONEL PORTILLO,CALLERIA,SANTO DGO. MASHANGAY
250104,UCAYALI,CORONEL PORTILLO,MASISEA,CC.NN. VISTA ALEGRE
250101,UCAYALI,CORONEL PORTILLO,CALLERIA,CASERIO EXITO
250101,UCAYALI,CORONEL PORTILLO,CALLERIA,CASERIO STO.DGO.MASHANGA
250302,UCAYALI,PADRE ABAD,IRAZOLA,CAS. MONTE ALEGRE
250201,UCAYALI,ATALAYA,RAIMONDI,CHICOSILLA
250201,UCAYALI,ATALAYA,RAIMONDI,TIAHUANAQUI
250102,UCAYALI,CORONEL PORTILLO,CAMPOVERDE,EL PIÏ¿½AL
250302,UCAYALI,PADRE ABAD,IRAZOLA,VISTA ALEGRE
250106,UCAYALI,CORONEL PORTILLO,NUEVA REQUENA,9 DE FEBRERO
250301,UCAYALI,PADRE ABAD,PADRE ABAD,NUEVO PORVENIR
250302,UCAYALI,PADRE ABAD,IRAZOLA,VON HUMBOLTD KM.86
250201,UCAYALI,ATALAYA,RAIMONDI,VALLADOLID
250302,UCAYALI,PADRE ABAD,IRAZOLA,MIGUEL GRAU
250302,UCAYALI,PADRE ABAD,IRAZOLA,LAS PALMAS
250102,UCAYALI,CORONEL PORTILLO,CAMPOVERDE,AGUA BLANCA
250301,UCAYALI,PADRE ABAD,PADRE ABAD,PUEBLO LIBRE
250104,UCAYALI,CORONEL PORTILLO,MASISEA,PUTAYA
250102,UCAYALI,CORONEL PORTILLO,CAMPOVERDE,EL PORVENIR KM. 25
250102,UCAYALI,CORONEL PORTILLO,CAMPOVERDE,10 DE JULIO
250201,UCAYALI,ATALAYA,RAIMONDI,NUEVA ESPERANZA
250106,UCAYALI,CORONEL PORTILLO,NUEVA REQUENA,SHESHEA
250302,UCAYALI,PADRE ABAD,IRAZOLA,BELLAVISTA
250302,UCAYALI,PADRE ABAD,IRAZOLA,ALTO YANAYAKA
250201,UCAYALI,ATALAYA,RAIMONDI,BOLOGNESI
250105,UCAYALI,CORONEL PORTILLO,YARINACOCHA,NVA ESPERANZA DE PANAILLO
250201,UCAYALI,ATALAYA,RAIMONDI,RAYMONDI
250302,UCAYALI,PADRE ABAD,IRAZOLA,NUEVO SAN JUAN
250104,UCAYALI,CORONEL PORTILLO,MASISEA,SEYLAN
250301,UCAYALI,PADRE ABAD,PADRE ABAD,ALTO GUAYABAL
250104,UCAYALI,CORONEL PORTILLO,MASISEA,PALESTINA
250301,UCAYALI,PADRE ABAD,PADRE ABAD,MIRAFLORES
250301,UCAYALI,PADRE ABAD,PADRE ABAD,YARINA
250101,UCAYALI,CORONEL PORTILLO,CALLERIA,CALBIA
250201,UCAYALI,ATALAYA,RAIMONDI,SEPAHUA
250302,UCAYALI,PADRE ABAD,IRAZOLA,UNIVERSIDAD
250102,UCAYALI,CORONEL PORTILLO,CAMPOVERDE,SR. DE LO MILAGROS
250102,UCAYALI,CORONEL PORTILLO,CAMPOVERDE,EL PORVENIR
250302,UCAYALI,PADRE ABAD,IRAZOLA,CASERIO TIWINSA KM.80
250201,UCAYALI,ATALAYA,RAIMONDI,MAPEATO
250201,UCAYALI,ATALAYA,RAIMONDI,MAPUNA
250102,UCAYALI,CORONEL PORTILLO,CAMPOVERDE,LAS PALMERAS DE UCAYALI
250201,UCAYALI,ATALAYA,RAIMONDI,UNION SAN FRANCISCO
100903,HUANUCO,PUERTO INCA,HONORIA,TOURNAVISTA
250301,UCAYALI,PADRE ABAD,PADRE ABAD,PAUJIL
250104,UCAYALI,CORONEL PORTILLO,MASISEA,NUEVO HORIZONTE
250104,UCAYALI,CORONEL PORTILLO,MASISEA,NARANJAL
250202,UCAYALI,ATALAYA,SEPAHUA,PUIJA
250201,UCAYALI,ATALAYA,RAIMONDI,VISTA ALEGRE
250101,UCAYALI,CORONEL PORTILLO,CALLERIA,SAN FRANCISCO DE ASIS
250101,UCAYALI,CORONEL PORTILLO,CALLERIA,SANTA ISABEL
250302,UCAYALI,PADRE ABAD,IRAZOLA,ABEJAICO
250302,UCAYALI,PADRE ABAD,IRAZOLA,PRIMAVERA
250302,UCAYALI,PADRE ABAD,IRAZOLA,MONTE DE LOS OLIVOS
250301,UCAYALI,PADRE ABAD,PADRE ABAD,SAN ANTONIO
250301,UCAYALI,PADRE ABAD,PADRE ABAD,14 DE MAYO
250301,UCAYALI,PADRE ABAD,PADRE ABAD,HUACAMAYO ALTO
250101,UCAYALI,CORONEL PORTILLO,CALLERIA,VILLA ESTHER
250201,UCAYALI,ATALAYA,RAIMONDI,JORGE CHAVEZ
250302,UCAYALI,PADRE ABAD,IRAZOLA,NUEVA PRIMAVERA
250302,UCAYALI,PADRE ABAD,IRAZOLA,SHIRINGAL ALTO
250102,UCAYALI,CORONEL PORTILLO,CAMPOVERDE,HIERBAS BUENAS
250301,UCAYALI,PADRE ABAD,PADRE ABAD,SAPUYACO
250202,UCAYALI,ATALAYA,SEPAHUA,CENTRO AMERICA
100903,HUANUCO,PUERTO INCA,HONORIA,VILLA MERCEDES
250101,UCAYALI,CORONEL PORTILLO,CALLERIA,CAS.EGA
250101,UCAYALI,CORONEL PORTILLO,CALLERIA,FUNDO VILLANUEVA
250101,UCAYALI,CORONEL PORTILLO,CALLERIA,CAS. SOLEDAD
250101,UCAYALI,CORONEL PORTILLO,CALLERIA,NVO SAN JUAN (ALTO UCAYAL
250102,UCAYALI,CORONEL PORTILLO,CAMPOVERDE,CAS. PAMPAS VERDES
250101,UCAYALI,CORONEL PORTILLO,CALLERIA,CFB KM 12.300
250101,UCAYALI,CORONEL PORTILLO,CALLERIA,PLAYA MANGUAL
250102,UCAYALI,CORONEL PORTILLO,CAMPOVERDE,PUCALLPA
250201,UCAYALI,ATALAYA,RAIMONDI,RIO TAMAYA
250102,UCAYALI,CORONEL PORTILLO,CAMPOVERDE,CAS. HIPOLITO UNANUE
250105,UCAYALI,CORONEL PORTILLO,YARINACOCHA,SANTA ISABEL
250102,UCAYALI,CORONEL PORTILLO,CAMPOVERDE,CAS.YIERBA BUENA
250104,UCAYALI,CORONEL PORTILLO,MASISEA,BETHEL
250302,UCAYALI,PADRE ABAD,IRAZOLA,VALLE SAGRADO
250302,UCAYALI,PADRE ABAD,IRAZOLA,EL TRIUNFO
250105,UCAYALI,CORONEL PORTILLO,YARINACOCHA,NVA. LUZ DE FATIMA
250203,UCAYALI,ATALAYA,TAHUANIA,PALPASA
250203,UCAYALI,ATALAYA,TAHUANIA,BOLOGNESI ALTO
250201,UCAYALI,ATALAYA,RAIMONDI,ALTO RUNUYA
250101,UCAYALI,CORONEL PORTILLO,CALLERIA,ESPINAR
250201,UCAYALI,ATALAYA,RAIMONDI,CC.NN. CHEQUITAVO
250105,UCAYALI,CORONEL PORTILLO,YARINACOCHA,HUITOCOCHA
250303,UCAYALI,PADRE ABAD,CURIMANA,SANTA TERESITA
250101,UCAYALI,CORONEL PORTILLO,CALLERIA,EGA
190306,PASCO,OXAPAMPA,PUERTO BERMUDEZ,LORENCIO
250201,UCAYALI,ATALAYA,RAIMONDI,BOCA PUCANI
200114,PIURA,PIURA,TAMBO GRANDE,CASERIO VILCA AGUILAR
200114,PIURA,PIURA,TAMBO GRANDE,CASERIO LA PALA
200114,PIURA,PIURA,TAMBO GRANDE,EL CARMEN
200114,PIURA,PIURA,TAMBO GRANDE,CASERIO CP3
200114,PIURA,PIURA,TAMBO GRANDE,PEDREGAL
200114,PIURA,PIURA,TAMBO GRANDE,CASERIO SANTA ANA
200401,PIURA,MORROPON,CHULUCANAS,KM. 2   STA. ROSA
200304,PIURA,HUANCABAMBA,HUARMACA,RUMICHACA
200401,PIURA,MORROPON,CHULUCANAS,LA VIÏ¿½A GRANDE
200407,PIURA,MORROPON,SAN JUAN DE BIGOTE,LA PAREJA
200404,PIURA,MORROPON,LA MATANZA,VICTOR RAUL
200401,PIURA,MORROPON,CHULUCANAS,SAN FRANCISCO   PACCHA
200404,PIURA,MORROPON,LA MATANZA,LA ANCAJIMA
200104,PIURA,PIURA,CASTILLA,EL PAPAYO
200401,PIURA,MORROPON,CHULUCANAS,A.H. Ï¿½ACARA
200302,PIURA,HUANCABAMBA,CANCHAQUE,HUEREQUEQUE
200301,PIURA,HUANCABAMBA,HUANCABAMBA,HUANBANACA
200105,PIURA,PIURA,CATACAOS,MONTE CASTILLO
200110,PIURA,PIURA,LA UNION,MONTEREDONDO
060109,CAJAMARCA,CAJAMARCA,MAGDALENA,LA VIÏ¿½A
010120,AMAZONAS,CHACHAPOYAS,SOLOCO,SOLOCO
010602,AMAZONAS,RODRIGUEZ DE MENDOZA,CHIRIMOTO,PALMERAS
010502,AMAZONAS,LUYA,CAMPORREDONDO,COCOCHO
010312,AMAZONAS,BONGARA,YAMBRASBAMBA,YAMBRASBAMBA
010110,AMAZONAS,CHACHAPOYAS,LEIMEBAMBA,CHILCHOS
010513,AMAZONAS,LUYA,OCUMAL,LA UNION
010609,AMAZONAS,RODRIGUEZ DE MENDOZA,OMIA,SAN ANTONIO
010202,AMAZONAS,BAGUA,ARAMANGO,SAN JUAN DE DIOS
010205,AMAZONAS,BAGUA,IMAZA,PARAISO
010401,AMAZONAS,CONDORCANQUI,NIEVA,ALTO PUJUNTAS
010403,AMAZONAS,CONDORCANQUI,RIO SANTIAGO,ACHU
010403,AMAZONAS,CONDORCANQUI,RIO SANTIAGO,YUJAGKIM
010401,AMAZONAS,CONDORCANQUI,NIEVA,TUNDUZA CENTRO
010401,AMAZONAS,CONDORCANQUI,NIEVA,BARRANQUITA
010401,AMAZONAS,CONDORCANQUI,NIEVA,PAJUPAT
010401,AMAZONAS,CONDORCANQUI,NIEVA,PAGKINZA
010205,AMAZONAS,BAGUA,IMAZA,COCHAVERDE
010205,AMAZONAS,BAGUA,IMAZA,ZAMAREN
010205,AMAZONAS,BAGUA,IMAZA,LITRA
010205,AMAZONAS,BAGUA,IMAZA,SHUSHUNG
010401,AMAZONAS,CONDORCANQUI,NIEVA,KASHAP
010205,AMAZONAS,BAGUA,IMAZA,EL ALMENDRO
010205,AMAZONAS,BAGUA,IMAZA,VISTA HERMOSA
010205,AMAZONAS,BAGUA,IMAZA,BACAN
010205,AMAZONAS,BAGUA,IMAZA,BUCHINSH
010401,AMAZONAS,CONDORCANQUI,NIEVA,JUAN VELASCO
010202,AMAZONAS,BAGUA,ARAMANGO,SUNJUNZA
010402,AMAZONAS,CONDORCANQUI,EL CENEPA,TWAN ENTSA
010205,AMAZONAS,BAGUA,IMAZA,NUEVO PROGRESO
010401,AMAZONAS,CONDORCANQUI,NIEVA,PAGKINTZA
010401,AMAZONAS,CONDORCANQUI,NIEVA,PUENTE NIEVA
010701,AMAZONAS,UTCUBAMBA,BAGUA GRANDE,ALTO AMAZONAS
010701,AMAZONAS,UTCUBAMBA,BAGUA GRANDE,MIRAFLORES
010202,AMAZONAS,BAGUA,ARAMANGO,COPALLIN
010701,AMAZONAS,UTCUBAMBA,BAGUA GRANDE,JAHUANGA
010205,AMAZONAS,BAGUA,IMAZA,NAYUMPIN
010403,AMAZONAS,CONDORCANQUI,RIO SANTIAGO,AITAN
010401,AMAZONAS,CONDORCANQUI,NIEVA,IPAKUMA
010401,AMAZONAS,CONDORCANQUI,NIEVA,URACUSA
010702,AMAZONAS,UTCUBAMBA,CAJARURO,LLUNCHICATE
010403,AMAZONAS,CONDORCANQUI,RIO SANTIAGO,YUTIPIS
010401,AMAZONAS,CONDORCANQUI,NIEVA,PAKINGZA
010403,AMAZONAS,CONDORCANQUI,RIO SANTIAGO,PROGRESO
010202,AMAZONAS,BAGUA,ARAMANGO,VILLA FLOR
010205,AMAZONAS,BAGUA,IMAZA,CHININ
010205,AMAZONAS,BAGUA,IMAZA,SARGENTO LEON
010205,AMAZONAS,BAGUA,IMAZA,WAWIN
010403,AMAZONAS,CONDORCANQUI,RIO SANTIAGO,PAGOTA
010401,AMAZONAS,CONDORCANQUI,NIEVA,TUNA
010403,AMAZONAS,CONDORCANQUI,RIO SANTIAGO,ISLA
010205,AMAZONAS,BAGUA,IMAZA,KUZU GRANDE
010205,AMAZONAS,BAGUA,IMAZA,SHUSHUM
060906,CAJAMARCA,SAN IGNACIO,SAN JOSE DE LOURDES,DORADO DEL ORIENTE
060903,CAJAMARCA,SAN IGNACIO,HUARANGO,LA PALMA
140202,LAMBAYEQUE,FERREÏ¿½AFE,CAÏ¿½ARIS,LA MISA
060801,CAJAMARCA,JAEN,JAEN,LA FLORIDA
060904,CAJAMARCA,SAN IGNACIO,LA COIPA,BARRO NEGRO
140202,LAMBAYEQUE,FERREÏ¿½AFE,CAÏ¿½ARIS,CAÏ¿½ARIS
060801,CAJAMARCA,JAEN,JAEN,CHAMAYA
060804,CAJAMARCA,JAEN,COLASAY,LAS IGLESIAS
060802,CAJAMARCA,JAEN,BELLAVISTA,TICUNGUE
060807,CAJAMARCA,JAEN,POMAHUACA,ALTO ARTEZONES
060807,CAJAMARCA,JAEN,POMAHUACA,LAMPARAN
150118,LIMA,LIMA,LURIGANCHO,AA.HH. JICAMARCA
150203,LIMA,BARRANCA,PATIVILCA,SIMON BOLIVAR
150304,LIMA,CAJATAMBO,HUANCAPON,P.S. HUANACAPON
150203,LIMA,BARRANCA,PATIVILCA,PORVENIR
020505,ANCASH,BOLOGNESI,CAJACAY,COLCAS
060607,CAJAMARCA,CUTERVO,QUEROCOTILLO,INGUER
060605,CAJAMARCA,CUTERVO,LA RAMADA,LAS IGLESIAS
060607,CAJAMARCA,CUTERVO,QUEROCOTILLO,EL PALTO
060607,CAJAMARCA,CUTERVO,QUEROCOTILLO,LANCHE
150709,LIMA,HUAROCHIRI,HUAROCHIRI,SAN JOSE DE CHORRILLOS
150118,LIMA,LIMA,LURIGANCHO,LURIGANCHO
150117,LIMA,LIMA,LOS OLIVOS,ASOC VIV PATRIA NUEVA
150132,LIMA,LIMA,SAN JUAN DE LURIGANCHO,CANTO GRANDE
150119,LIMA,LIMA,LURIN,CENT. POBLADO BUENA VISTA
050503,AYACUCHO,LA MAR,AYNA,CALICANTO
081203,CUSCO,QUISPICANCHI,CAMANTI,MANDOR
080909,CUSCO,LA CONVENCION,VILCABAMBA,SELVA ALEGRE
080909,CUSCO,LA CONVENCION,VILCABAMBA,PUEBLO LIBRE BAJA
080902,CUSCO,LA CONVENCION,ECHARATE,PIGUIATO
080902,CUSCO,LA CONVENCION,ECHARATE,MATERIATO
080902,CUSCO,LA CONVENCION,ECHARATE,SANIRIATO
080902,CUSCO,LA CONVENCION,ECHARATE,PACHIRI
080902,CUSCO,LA CONVENCION,ECHARATE,SONADQUISHIATO
080906,CUSCO,LA CONVENCION,QUELLOUNO,BETEL
080902,CUSCO,LA CONVENCION,ECHARATE,SABABAMTIARI
081203,CUSCO,QUISPICANCHI,CAMANTI,TALCOMAYO
080902,CUSCO,LA CONVENCION,ECHARATE,CACHINGARI
080909,CUSCO,LA CONVENCION,VILCABAMBA,MAZOQUIATO
080902,CUSCO,LA CONVENCION,ECHARATE,TINTINIQUIATO
080902,CUSCO,LA CONVENCION,ECHARATE,SELVA ALEGRE
080902,CUSCO,LA CONVENCION,ECHARATE,CAPASHIARI
080902,CUSCO,LA CONVENCION,ECHARATE,SEGAKIATO
080408,CUSCO,CALCA,YANATILE,COLCA
080909,CUSCO,LA CONVENCION,VILCABAMBA,BETHEL
080902,CUSCO,LA CONVENCION,ECHARATE,COCHAPAMPA
080902,CUSCO,LA CONVENCION,ECHARATE,ALTO CHIMA
080906,CUSCO,LA CONVENCION,QUELLOUNO,OTINGANIA
080907,CUSCO,LA CONVENCION,KIMBIRI,CHIRUMPIARI
080906,CUSCO,LA CONVENCION,QUELLOUNO,YAVERO CHICO
080902,CUSCO,LA CONVENCION,ECHARATE,MONTECARMELO
080910,CUSCO,LA CONVENCION,PICHARI,VILLA REAL
080902,CUSCO,LA CONVENCION,ECHARATE,CENTRO PIGUIATO
080902,CUSCO,LA CONVENCION,ECHARATE,PAQUICHARI
080902,CUSCO,LA CONVENCION,ECHARATE,SANGUIRO
080909,CUSCO,LA CONVENCION,VILCABAMBA,CONSEVIDAYOC
080902,CUSCO,LA CONVENCION,ECHARATE,BOCA YAVERO
081203,CUSCO,QUISPICANCHI,CAMANTI,KCAPIRI
080408,CUSCO,CALCA,YANATILE,QUINUAPAMPA
080408,CUSCO,CALCA,YANATILE,QUINUAYARCA
080906,CUSCO,LA CONVENCION,QUELLOUNO,ANCHIHUAY
080906,CUSCO,LA CONVENCION,QUELLOUNO,MISION CHIRUMBIA
080906,CUSCO,LA CONVENCION,QUELLOUNO,SACRAMENTO
080408,CUSCO,CALCA,YANATILE,LUY LUY
080910,CUSCO,LA CONVENCION,PICHARI,AGUA DULCE
080408,CUSCO,CALCA,YANATILE,QEIÏ¿½A
080906,CUSCO,LA CONVENCION,QUELLOUNO,VALLE DE LACO
080906,CUSCO,LA CONVENCION,QUELLOUNO,YOKIRI
080906,CUSCO,LA CONVENCION,QUELLOUNO,COCHAYOC CENTRO
100902,HUANUCO,PUERTO INCA,CODO DEL POZUZO,MACHOCA
100603,HUANUCO,LEONCIO PRADO,HERMILIO VALDIZAN,SAN PEDRO DE HUAYHUANTE
100507,HUANUCO,HUAMALIES,MONZON,PACHA
100604,HUANUCO,LEONCIO PRADO,JOSE CRESPO Y CASTILLO,KM. 10 CARRETERA F.B.T.
100702,HUANUCO,MARAÏ¿½ON,CHOLON,HUAMUCO
100601,HUANUCO,LEONCIO PRADO,RUPA-RUPA,HUANGANAPAMPA
100604,HUANUCO,LEONCIO PRADO,JOSE CRESPO Y CASTILLO,ALTO PUCAYACU
100605,HUANUCO,LEONCIO PRADO,LUYANDO,LA MORADA
100604,HUANUCO,LEONCIO PRADO,JOSE CRESPO Y CASTILLO,CONSUELO
100604,HUANUCO,LEONCIO PRADO,JOSE CRESPO Y CASTILLO,RAMAL DE ASPUZANA
100902,HUANUCO,PUERTO INCA,CODO DEL POZUZO,SAN JUAN DE CODO
100902,HUANUCO,PUERTO INCA,CODO DEL POZUZO,ALTO MATOCA
100905,HUANUCO,PUERTO INCA,YUYAPICHIS,WEMBO
100901,HUANUCO,PUERTO INCA,PUERTO INCA,NUEVO FRONTON
100604,HUANUCO,LEONCIO PRADO,JOSE CRESPO Y CASTILLO,ALTO PENDENCIA
100605,HUANUCO,LEONCIO PRADO,LUYANDO,KM 51
100902,HUANUCO,PUERTO INCA,CODO DEL POZUZO,UNION
100604,HUANUCO,LEONCIO PRADO,JOSE CRESPO Y CASTILLO,KM. 15 CARRETERA F.B.T.
100604,HUANUCO,LEONCIO PRADO,JOSE CRESPO Y CASTILLO,PENDENCIA
100702,HUANUCO,MARAÏ¿½ON,CHOLON,FLORIDA
100603,HUANUCO,LEONCIO PRADO,HERMILIO VALDIZAN,UGARTECHI
100905,HUANUCO,PUERTO INCA,YUYAPICHIS,UNION VISTA ALEGRE
100905,HUANUCO,PUERTO INCA,YUYAPICHIS,CAMPOS VERDE
100905,HUANUCO,PUERTO INCA,YUYAPICHIS,PUEBLO LIBRE
100901,HUANUCO,PUERTO INCA,PUERTO INCA,FLORES BAJO
100604,HUANUCO,LEONCIO PRADO,JOSE CRESPO Y CASTILLO,UTC AUCAYACU
100903,HUANUCO,PUERTO INCA,HONORIA,NUEVO EDEN
100602,HUANUCO,LEONCIO PRADO,DANIEL ALOMIA ROBLES,ALTO SAN JUAN
100605,HUANUCO,LEONCIO PRADO,LUYANDO,PEDRO RUIZ GALLO
100902,HUANUCO,PUERTO INCA,CODO DEL POZUZO,NUEVO HORIZONTE
100902,HUANUCO,PUERTO INCA,CODO DEL POZUZO,PAMPA HERMOSA
221003,SAN MARTIN,TOCACHE,POLVORA,CHAWUAYACU
100507,HUANUCO,HUAMALIES,MONZON,LOTA
100804,HUANUCO,PACHITEA,UMARI,TAMBILLO
100604,HUANUCO,LEONCIO PRADO,JOSE CRESPO Y CASTILLO,LA VICTORIA
100507,HUANUCO,HUAMALIES,MONZON,CHIPAQUILLO
100507,HUANUCO,HUAMALIES,MONZON,MARAVILLA
100507,HUANUCO,HUAMALIES,MONZON,PAUCACO
100902,HUANUCO,PUERTO INCA,CODO DEL POZUZO,HUANCA
100902,HUANUCO,PUERTO INCA,CODO DEL POZUZO,ESPERANZA
100904,HUANUCO,PUERTO INCA,TOURNAVISTA,RELIQUIAS
100603,HUANUCO,LEONCIO PRADO,HERMILIO VALDIZAN,PUMAHUASI
100601,HUANUCO,LEONCIO PRADO,RUPA-RUPA,NUEVO HORIZONTE
100802,HUANUCO,PACHITEA,CHAGLLA,SANTA RITA ALTA
100507,HUANUCO,HUAMALIES,MONZON,MARAVILLAS
100507,HUANUCO,HUAMALIES,MONZON,SHIANCA
100905,HUANUCO,PUERTO INCA,YUYAPICHIS,SANTA ROSA YANAYACU
100901,HUANUCO,PUERTO INCA,PUERTO INCA,STA TERESA
100604,HUANUCO,LEONCIO PRADO,JOSE CRESPO Y CASTILLO,SANI ISIDRO
100901,HUANUCO,PUERTO INCA,PUERTO INCA,LOS OLIVOS
100901,HUANUCO,PUERTO INCA,PUERTO INCA,CERRO SIRA
100904,HUANUCO,PUERTO INCA,TOURNAVISTA,LA LOMA
100605,HUANUCO,LEONCIO PRADO,LUYANDO,BOLAYNA
100605,HUANUCO,LEONCIO PRADO,LUYANDO,SAN JUAN DE TULUMAYO
100604,HUANUCO,LEONCIO PRADO,JOSE CRESPO Y CASTILLO,UTC
100507,HUANUCO,HUAMALIES,MONZON,RONDOS
100904,HUANUCO,PUERTO INCA,TOURNAVISTA,SAN JUAN DE MACUYA
100601,HUANUCO,LEONCIO PRADO,RUPA-RUPA,SANTA MARTA
100901,HUANUCO,PUERTO INCA,PUERTO INCA,FLORES ALTO
100604,HUANUCO,LEONCIO PRADO,JOSE CRESPO Y CASTILLO,INCAHUASI
100103,HUANUCO,HUANUCO,CHINCHAO,SHRYRICANCHA
100901,HUANUCO,PUERTO INCA,PUERTO INCA,QUINPICHARI
100507,HUANUCO,HUAMALIES,MONZON,NUEVA ESPERANZA
100605,HUANUCO,LEONCIO PRADO,LUYANDO,PUMAHUASI
100606,HUANUCO,LEONCIO PRADO,MARIANO DAMASO BERAUN,CAYUMBAI
110305,ICA,NAZCA,VISTA ALEGRE,TUCTURAL
110104,ICA,ICA,OCUCAJE,CALLANGO
110114,ICA,ICA,YAUCA DEL ROSARIO,YAUCA DEL ROSARIO
110202,ICA,CHINCHA,ALTO LARAN,CARUYA   HUACHINGA
120606,JUNIN,SATIPO,PANGOA,UNION ALTO CELENDIN
120302,JUNIN,CHANCHAMAYO,PERENE,PUEBLO LIBRE
120303,JUNIN,CHANCHAMAYO,PICHANAQUI,CONDADO PICHIKIARI
120303,JUNIN,CHANCHAMAYO,PICHANAQUI,PUERTO HUACHIRIKI
120606,JUNIN,SATIPO,PANGOA,SAN VICENTE
120605,JUNIN,SATIPO,PAMPA HERMOSA,MARIPOSA
120606,JUNIN,SATIPO,PANGOA,ALTO MIÏ¿½ARO
120303,JUNIN,CHANCHAMAYO,PICHANAQUI,CENTRO HUACHIRIKI
120602,JUNIN,SATIPO,COVIRIALI,PALESTINA
120302,JUNIN,CHANCHAMAYO,PERENE,UNION PUCUSANI
120302,JUNIN,CHANCHAMAYO,PERENE,JUAN SANTOS ATAHUALPA
120606,JUNIN,SATIPO,PANGOA,VILLA MARIA
120302,JUNIN,CHANCHAMAYO,PERENE,SAN JUAN PERENE
120302,JUNIN,CHANCHAMAYO,PERENE,CASANTOVENI
120606,JUNIN,SATIPO,PANGOA,MAZARONQUIARI
120303,JUNIN,CHANCHAMAYO,PICHANAQUI,SAN JUAN CENTRO AUTIKI
120601,JUNIN,SATIPO,SATIPO,ALTO CASANTOVENI
120601,JUNIN,SATIPO,SATIPO,BUENOS AIRES
120606,JUNIN,SATIPO,PANGOA,TZIRIATI
120303,JUNIN,CHANCHAMAYO,PICHANAQUI,ANEXO ALTO PICHANAKI
120303,JUNIN,CHANCHAMAYO,PICHANAQUI,BOCA HUACHIRIKI
120303,JUNIN,CHANCHAMAYO,PICHANAQUI,BARINETE REAL
120303,JUNIN,CHANCHAMAYO,PICHANAQUI,BAJO MIRITARINI
120303,JUNIN,CHANCHAMAYO,PICHANAQUI,CONDADO PICHINAKI
120606,JUNIN,SATIPO,PANGOA,NAYLAN DE SONOMORO
120302,JUNIN,CHANCHAMAYO,PERENE,SANTA ROSA RIO ANARILLO
120302,JUNIN,CHANCHAMAYO,PERENE,GRAN PLAYA BAJO
120302,JUNIN,CHANCHAMAYO,PERENE,RIO BLANCO
120303,JUNIN,CHANCHAMAYO,PICHANAQUI,STA FE DE ALTO HUACHIRI
120302,JUNIN,CHANCHAMAYO,PERENE,SECTOR C
120606,JUNIN,SATIPO,PANGOA,SONOMORO
120302,JUNIN,CHANCHAMAYO,PERENE,SANTA LUCIA
120302,JUNIN,CHANCHAMAYO,PERENE,BAJO ZOTANI
120607,JUNIN,SATIPO,RIO NEGRO,ALTO PITUCUNA
120608,JUNIN,SATIPO,RIO TAMBO,OTICA
120608,JUNIN,SATIPO,RIO TAMBO,CANAAN
120302,JUNIN,CHANCHAMAYO,PERENE,4 DE MAYO
120305,JUNIN,CHANCHAMAYO,SAN RAMON,CHALHUAPUQUIO
120303,JUNIN,CHANCHAMAYO,PICHANAQUI,LAS PALMAS
120601,JUNIN,SATIPO,SATIPO,PARATUSHIALI
120304,JUNIN,CHANCHAMAYO,SAN LUIS DE SHUARO,SAN LUIS SHUARO
120302,JUNIN,CHANCHAMAYO,PERENE,RIO NEGRO
120303,JUNIN,CHANCHAMAYO,PICHANAQUI,AGUA DULCE
120608,JUNIN,SATIPO,RIO TAMBO,SAN VICENTE DE CANAAN
120608,JUNIN,SATIPO,RIO TAMBO,SHIMA
120607,JUNIN,SATIPO,RIO NEGRO,CAPIRI
120301,JUNIN,CHANCHAMAYO,CHANCHAMAYO,VAQUERIAERMUDEZ
120302,JUNIN,CHANCHAMAYO,PERENE,YAPAZ ALTO
120303,JUNIN,CHANCHAMAYO,PICHANAQUI,IMPITATO CASCADA
120303,JUNIN,CHANCHAMAYO,PICHANAQUI,TRES AGUAS
120606,JUNIN,SATIPO,PANGOA,SAN JOSE DE MIRAFLORES
120303,JUNIN,CHANCHAMAYO,PICHANAQUI,PAMPA CAMONA
120302,JUNIN,CHANCHAMAYO,PERENE,PUERTO UBIRIKI
120303,JUNIN,CHANCHAMAYO,PICHANAQUI,ALTO CUYANI
120303,JUNIN,CHANCHAMAYO,PICHANAQUI,BAJO ZOTARARI
120303,JUNIN,CHANCHAMAYO,PICHANAQUI,PAMPA ALEGRE
120606,JUNIN,SATIPO,PANGOA,JERUSALEN DE MIÏ¿½ARO
120606,JUNIN,SATIPO,PANGOA,BOCA KIATARI
120302,JUNIN,CHANCHAMAYO,PERENE,SHIMAKI
120607,JUNIN,SATIPO,RIO NEGRO,UNION CAPIRI
120303,JUNIN,CHANCHAMAYO,PICHANAQUI,SAN MIGUEL AUTIKI
120305,JUNIN,CHANCHAMAYO,SAN RAMON,PUNTAYACU
120303,JUNIN,CHANCHAMAYO,PICHANAQUI,ALTO KIMIRIKI
120606,JUNIN,SATIPO,PANGOA,CUVANTIA
120303,JUNIN,CHANCHAMAYO,PICHANAQUI,SAN LORENZO
120303,JUNIN,CHANCHAMAYO,PICHANAQUI,SAN PEDRO DE SHAVOREATO
131202,LA LIBERTAD,VIRU,CHAO,SANTA RITA
131201,LA LIBERTAD,VIRU,VIRU,SAN JOSE
131101,LA LIBERTAD,GRAN CHIMU,CASCAS,CASERIO PAMPAS DE CHEPATE
130503,LA LIBERTAD,JULCAN,CARABAMBA,SAN VIVIANO
060505,CAJAMARCA,CONTUMAZA,SAN BENITO,EL TUNAN
061110,CAJAMARCA,SAN MIGUEL,SAN GREGORIO,NANCHOC
140204,LAMBAYEQUE,FERREÏ¿½AFE,MANUEL ANTONIO MESONES MURO,MANUAL A. MESONES MURO
140308,LAMBAYEQUE,LAMBAYEQUE,OLMOS,CASERIO LAS POZAS
140204,LAMBAYEQUE,FERREÏ¿½AFE,MANUEL ANTONIO MESONES MURO,EL POLTER
140306,LAMBAYEQUE,LAMBAYEQUE,MORROPE,CRUZ DEL MADENO
140309,LAMBAYEQUE,LAMBAYEQUE,PACORA,LAS JUNTAS
140109,LAMBAYEQUE,CHICLAYO,NUEVA ARICA,NO ESPECIFICA
060409,CAJAMARCA,CHOTA,HUAMBOS,MITOCONGA
060410,CAJAMARCA,CHOTA,LAJAS,SAN CARLOS
060409,CAJAMARCA,CHOTA,HUAMBOS,CHUPICALPA
160703,LORETO,DATEM DEL MARAÏ¿½ON,MANSERICHE,001005
160705,LORETO,DATEM DEL MARAÏ¿½ON,PASTAZA,045008
160211,LORETO,ALTO AMAZONAS,TENIENTE CESAR LOPEZ ROJAS,PUCUNILLO
160703,LORETO,DATEM DEL MARAÏ¿½ON,MANSERICHE,028108
160501,LORETO,REQUENA,REQUENA,YARINA
160105,LORETO,MAYNAS,LAS AMAZONAS,CANTON
160503,LORETO,REQUENA,CAPELO,NUEVA FLORIDA
160705,LORETO,DATEM DEL MARAÏ¿½ON,PASTAZA,PUERTO GERMAN
160211,LORETO,ALTO AMAZONAS,TENIENTE CESAR LOPEZ ROJAS,052005
160301,LORETO,LORETO,NAUTA,SAN JUAN DE PAVAYACU
160113,LORETO,MAYNAS,SAN JUAN BAUTISTA,MISHUNA
160501,LORETO,REQUENA,REQUENA,YANAYACU
160108,LORETO,MAYNAS,PUNCHANA,NUEVO AMAZONAS
160705,LORETO,DATEM DEL MARAÏ¿½ON,PASTAZA,CONSTACH
160401,LORETO,MARISCAL RAMON CASTILLA,RAMON CASTILLA,RONDILLA II ZONA
160107,LORETO,MAYNAS,NAPO,SANTA ELISA
160704,LORETO,DATEM DEL MARAÏ¿½ON,MORONA,BELLA VISTA
160705,LORETO,DATEM DEL MARAÏ¿½ON,PASTAZA,PUTUIM
160501,LORETO,REQUENA,REQUENA,PUERTO EL SOL
160703,LORETO,DATEM DEL MARAÏ¿½ON,MANSERICHE,005005
160305,LORETO,LORETO,URARINAS,SAN JUAN
160402,LORETO,MARISCAL RAMON CASTILLA,PEBAS,SHISHITILLO
160511,LORETO,REQUENA,YAQUERANA,MUNICH
160603,LORETO,UCAYALI,PADRE MARQUEZ,ROHABOYA
160103,LORETO,MAYNAS,FERNANDO LORES,SALVADOR DE OMAGUAS
160504,LORETO,REQUENA,EMILIO SAN MARTIN,NUEVO LORETO
160606,LORETO,UCAYALI,VARGAS GUERRA,HOLANDA
160105,LORETO,MAYNAS,LAS AMAZONAS,SANTA ROSA
160107,LORETO,MAYNAS,NAPO,NUEVO LIBERAL
160206,LORETO,ALTO AMAZONAS,LAGUNAS,NVA ALIANZA
160704,LORETO,DATEM DEL MARAÏ¿½ON,MORONA,058008
160403,LORETO,MARISCAL RAMON CASTILLA,YAVARI,PUERTO ALEGRIA
160604,LORETO,UCAYALI,PAMPA HERMOSA,PACASMAYO
160106,LORETO,MAYNAS,MAZAN,SAN FRANCISCO BUEN PASO
160110,LORETO,MAYNAS,TORRES CAUSANA,UMANDI
160201,LORETO,ALTO AMAZONAS,YURIMAGUAS,009005
160704,LORETO,DATEM DEL MARAÏ¿½ON,MORONA,YAMAKAY
160102,LORETO,MAYNAS,ALTO NANAY,RAYA
160604,LORETO,UCAYALI,PAMPA HERMOSA,PUERTO ESPERANZA
160101,LORETO,MAYNAS,IQUITOS,PLAYA HERMOSA
160106,LORETO,MAYNAS,MAZAN,GAMITANA COCHA
160801,LORETO,PUTUMAYO,PUTUMAYO,BELLAVISTA
160705,LORETO,DATEM DEL MARAÏ¿½ON,PASTAZA,NAYUENTZA
160210,LORETO,ALTO AMAZONAS,SANTA CRUZ,033008
160508,LORETO,REQUENA,SOPLIN,NUEVO PROGRESO
160703,LORETO,DATEM DEL MARAÏ¿½ON,MANSERICHE,TRIUNFO
160403,LORETO,MARISCAL RAMON CASTILLA,YAVARI,SAN FRANCISCO
160106,LORETO,MAYNAS,MAZAN,QUEBRADA YANAMONO
160113,LORETO,MAYNAS,SAN JUAN BAUTISTA,OTORONGO
160704,LORETO,DATEM DEL MARAÏ¿½ON,MORONA,TRIUNFO
160401,LORETO,MARISCAL RAMON CASTILLA,RAMON CASTILLA,MARAYA
160601,LORETO,UCAYALI,CONTAMANA,NUEVO SAN ROQUE
160702,LORETO,DATEM DEL MARAÏ¿½ON,CAHUAPANAS,PTO LIBRE
160211,LORETO,ALTO AMAZONAS,TENIENTE CESAR LOPEZ ROJAS,BOLOGNESI
160705,LORETO,DATEM DEL MARAÏ¿½ON,PASTAZA,WASHIENTZA
160401,LORETO,MARISCAL RAMON CASTILLA,RAMON CASTILLA,SANTA TERESA II ZONA
160201,LORETO,ALTO AMAZONAS,YURIMAGUAS,KM2 CARRETERA YGS  TARAP
160107,LORETO,MAYNAS,NAPO,TUTAPISHCO
160106,LORETO,MAYNAS,MAZAN,SALVADOR
160701,LORETO,DATEM DEL MARAÏ¿½ON,BARRANCA,040008
160701,LORETO,DATEM DEL MARAÏ¿½ON,BARRANCA,UNGUMAYO
160705,LORETO,DATEM DEL MARAÏ¿½ON,PASTAZA,033108
160206,LORETO,ALTO AMAZONAS,LAGUNAS,NUEVA ALIANZA
160404,LORETO,MARISCAL RAMON CASTILLA,SAN PABLO,011005
160103,LORETO,MAYNAS,FERNANDO LORES,SANTA ANA MUYUY
160110,LORETO,MAYNAS,TORRES CAUSANA,VENCEDORES
160303,LORETO,LORETO,TIGRE,BERLIN
160106,LORETO,MAYNAS,MAZAN,QUEBRADA ANDRADE
160101,LORETO,MAYNAS,IQUITOS,CUYANA
160505,LORETO,REQUENA,MAQUIA,024105
160112,LORETO,MAYNAS,BELEN,001003
160103,LORETO,MAYNAS,FERNANDO LORES,SAMARIA
160705,LORETO,DATEM DEL MARAÏ¿½ON,PASTAZA,034004
160202,LORETO,ALTO AMAZONAS,BALSAPUERTO,053308
160105,LORETO,MAYNAS,LAS AMAZONAS,MADRE SELVA
160401,LORETO,MARISCAL RAMON CASTILLA,RAMON CASTILLA,EL EDEN
160505,LORETO,REQUENA,MAQUIA,CAPITAN CLAVERO
160801,LORETO,PUTUMAYO,PUTUMAYO,FLORIDA
160801,LORETO,PUTUMAYO,PUTUMAYO,EL ALAMO
160101,LORETO,MAYNAS,IQUITOS,CASERIO POLIS
160103,LORETO,MAYNAS,FERNANDO LORES,TAPITILLO
160303,LORETO,LORETO,TIGRE,TRIUNFO
160505,LORETO,REQUENA,MAQUIA,ENCANTO
160110,LORETO,MAYNAS,TORRES CAUSANA,YARINA LLACTA
160202,LORETO,ALTO AMAZONAS,BALSAPUERTO,038008
160503,LORETO,REQUENA,CAPELO,FLORIDA
160401,LORETO,MARISCAL RAMON CASTILLA,RAMON CASTILLA,JOSE CARLOS MARIATEGUI
160103,LORETO,MAYNAS,FERNANDO LORES,SERAFIN FILOME
160404,LORETO,MARISCAL RAMON CASTILLA,SAN PABLO,SAN JUAN
160701,LORETO,DATEM DEL MARAÏ¿½ON,BARRANCA,017005
160112,LORETO,MAYNAS,BELEN,SAN JUAN MUNICH
160112,LORETO,MAYNAS,BELEN,LUPUNA II
160106,LORETO,MAYNAS,MAZAN,BUENA VISTA
160705,LORETO,DATEM DEL MARAÏ¿½ON,PASTAZA,WAMPINTZA
160704,LORETO,DATEM DEL MARAÏ¿½ON,MORONA,042008
160103,LORETO,MAYNAS,FERNANDO LORES,ESPERANZA
160510,LORETO,REQUENA,JENARO HERRERA,LAS MALVINAS
160704,LORETO,DATEM DEL MARAÏ¿½ON,MORONA,YANKUNTICH
160104,LORETO,MAYNAS,INDIANA,NUEVO EDEN
160604,LORETO,UCAYALI,PAMPA HERMOSA,ROHABOYA
160505,LORETO,REQUENA,MAQUIA,NUEVO ENCANTO
160301,LORETO,LORETO,NAUTA,PAMPA CAÏ¿½O
160304,LORETO,LORETO,TROMPETEROS,PORVENIR
160107,LORETO,MAYNAS,NAPO,SAN LUIS
160107,LORETO,MAYNAS,NAPO,RANGO ISLA
160705,LORETO,DATEM DEL MARAÏ¿½ON,PASTAZA,000302
160201,LORETO,ALTO AMAZONAS,YURIMAGUAS,028005
160104,LORETO,MAYNAS,INDIANA,TIMICURILLO I ZONA
160205,LORETO,ALTO AMAZONAS,JEBEROS,008008
160705,LORETO,DATEM DEL MARAÏ¿½ON,PASTAZA,CHECHERTA
160107,LORETO,MAYNAS,NAPO,SAN FERNANDO
160402,LORETO,MARISCAL RAMON CASTILLA,PEBAS,BRETANA
160105,LORETO,MAYNAS,LAS AMAZONAS,024108
160108,LORETO,MAYNAS,PUNCHANA,MAYNAS
160705,LORETO,DATEM DEL MARAÏ¿½ON,PASTAZA,016008
160701,LORETO,DATEM DEL MARAÏ¿½ON,BARRANCA,033005
160705,LORETO,DATEM DEL MARAÏ¿½ON,PASTAZA,TSUWATENTSA
160105,LORETO,MAYNAS,LAS AMAZONAS,PUERTO FUJIMORI
160103,LORETO,MAYNAS,FERNANDO LORES,OMAGUAS
160202,LORETO,ALTO AMAZONAS,BALSAPUERTO,023008
160106,LORETO,MAYNAS,MAZAN,SAN PEDRO DE CAYAPOZA
160112,LORETO,MAYNAS,BELEN,MICAELA BASTIDAS
160511,LORETO,REQUENA,YAQUERANA,SAN PEDRO
160704,LORETO,DATEM DEL MARAÏ¿½ON,MORONA,048008
160504,LORETO,REQUENA,EMILIO SAN MARTIN,NUEVO ACURACAY
160401,LORETO,MARISCAL RAMON CASTILLA,RAMON CASTILLA,PLATANAL
160401,LORETO,MARISCAL RAMON CASTILLA,RAMON CASTILLA,ALBERTO FUJIMORI
160106,LORETO,MAYNAS,MAZAN,000100
160601,LORETO,UCAYALI,CONTAMANA,SANTA ROSA CHIA TIPICHCA
160202,LORETO,ALTO AMAZONAS,BALSAPUERTO,BARRIO VICTORIA
160502,LORETO,REQUENA,ALTO TAPICHE,FRONTERA
160401,LORETO,MARISCAL RAMON CASTILLA,RAMON CASTILLA,RONDILLA I ZONA
160202,LORETO,ALTO AMAZONAS,BALSAPUERTO,023108
160403,LORETO,MARISCAL RAMON CASTILLA,YAVARI,MARIO RIVERA
160107,LORETO,MAYNAS,NAPO,SANTA VICTORIA
160705,LORETO,DATEM DEL MARAÏ¿½ON,PASTAZA,PUERTO ANGARA
160105,LORETO,MAYNAS,LAS AMAZONAS,MIRAFLORES
160402,LORETO,MARISCAL RAMON CASTILLA,PEBAS,NUEVA ESPERANZA
160103,LORETO,MAYNAS,FERNANDO LORES,CASERIO ALIANZA
160701,LORETO,DATEM DEL MARAÏ¿½ON,BARRANCA,103005
160202,LORETO,ALTO AMAZONAS,BALSAPUERTO,SAN JOSE
160705,LORETO,DATEM DEL MARAÏ¿½ON,PASTAZA,064108
160112,LORETO,MAYNAS,BELEN,GALLITO
160105,LORETO,MAYNAS,LAS AMAZONAS,SAN JOSE
160501,LORETO,REQUENA,REQUENA,LA PEDRERA
160404,LORETO,MARISCAL RAMON CASTILLA,SAN PABLO,CAPIRONAL
160705,LORETO,DATEM DEL MARAÏ¿½ON,PASTAZA,VIEJO LIMON
160201,LORETO,ALTO AMAZONAS,YURIMAGUAS,063005
160705,LORETO,DATEM DEL MARAÏ¿½ON,PASTAZA,033005
160206,LORETO,ALTO AMAZONAS,LAGUNAS,027008
160206,LORETO,ALTO AMAZONAS,LAGUNAS,016005
160705,LORETO,DATEM DEL MARAÏ¿½ON,PASTAZA,097208
160505,LORETO,REQUENA,MAQUIA,TRUJILLO
160101,LORETO,MAYNAS,IQUITOS,CASERIO JUAN VELASCO
160606,LORETO,UCAYALI,VARGAS GUERRA,CARRION
160510,LORETO,REQUENA,JENARO HERRERA,SAN GERARDO
160705,LORETO,DATEM DEL MARAÏ¿½ON,PASTAZA,CAMPO VERDE
160107,LORETO,MAYNAS,NAPO,NUEVO CHAMBIRA
160104,LORETO,MAYNAS,INDIANA,QUEBRADA YANAYACU
160105,LORETO,MAYNAS,LAS AMAZONAS,PAICHEHUA
160701,LORETO,DATEM DEL MARAÏ¿½ON,BARRANCA,ANTENA 4
160506,LORETO,REQUENA,PUINAHUA,RESERVA PACAYA SAMIRIA
160112,LORETO,MAYNAS,BELEN,MOENA CANO
160511,LORETO,REQUENA,YAQUERANA,PAUJIL
160304,LORETO,LORETO,TROMPETEROS,000104
160605,LORETO,UCAYALI,SARAYACU,CHICLAYO
160510,LORETO,REQUENA,JENARO HERRERA,YANALLPA
160603,LORETO,UCAYALI,PADRE MARQUEZ,SHARAMASHO
160701,LORETO,DATEM DEL MARAÏ¿½ON,BARRANCA,SANTA ROSA SABALO
160211,LORETO,ALTO AMAZONAS,TENIENTE CESAR LOPEZ ROJAS,081005
160506,LORETO,REQUENA,PUINAHUA,BOLIVAR
160701,LORETO,DATEM DEL MARAÏ¿½ON,BARRANCA,MIRAFLORES
160201,LORETO,ALTO AMAZONAS,YURIMAGUAS,056305
160112,LORETO,MAYNAS,BELEN,MAZANILLO
160507,LORETO,REQUENA,SAQUENA,VISTA ALEGRE
160301,LORETO,LORETO,NAUTA,CARRETERA CIRCULAR
160302,LORETO,LORETO,PARINARI,SANTA ISABEL DE YUMBATURO
160103,LORETO,MAYNAS,FERNANDO LORES,SANTA ANA DE MUYUY
160603,LORETO,UCAYALI,PADRE MARQUEZ,NUEVA SOLEDAD
160605,LORETO,UCAYALI,SARAYACU,SANTA TERESA
160103,LORETO,MAYNAS,FERNANDO LORES,080005
170303,MADRE DE DIOS,TAHUAMANU,TAHUAMANU,BELGICA
170303,MADRE DE DIOS,TAHUAMANU,TAHUAMANU,FLOR DE ACRE
190304,PASCO,OXAPAMPA,PALCAZU,MAZUHUAZO
190302,PASCO,OXAPAMPA,CHONTABAMBA,MARIA TERESA
190307,PASCO,OXAPAMPA,VILLA RICA,HASWALD
190307,PASCO,OXAPAMPA,VILLA RICA,PALMAS
190304,PASCO,OXAPAMPA,PALCAZU,TSOPIS
190306,PASCO,OXAPAMPA,PUERTO BERMUDEZ,SAN JUAN
190301,PASCO,OXAPAMPA,OXAPAMPA,CHACOS
190306,PASCO,OXAPAMPA,PUERTO BERMUDEZ,PUERTO PORVENIR
190301,PASCO,OXAPAMPA,OXAPAMPA,CANTARIZU
190304,PASCO,OXAPAMPA,PALCAZU,SAN JUAN DE CHUCHURRAS
190305,PASCO,OXAPAMPA,POZUZO,SESO
100902,HUANUCO,PUERTO INCA,CODO DEL POZUZO,SHANSHUY
190304,PASCO,OXAPAMPA,PALCAZU,IZPHUACAZO
190304,PASCO,OXAPAMPA,PALCAZU,PALMA
100905,HUANUCO,PUERTO INCA,YUYAPICHIS,FLOR DE ORIENTE
190304,PASCO,OXAPAMPA,PALCAZU,SAN FRANCISCO
190307,PASCO,OXAPAMPA,VILLA RICA,MAYME
100801,HUANUCO,PACHITEA,PANAO,SAN JUAN
190304,PASCO,OXAPAMPA,PALCAZU,SAN LUIS
190305,PASCO,OXAPAMPA,POZUZO,CHINIZO
190305,PASCO,OXAPAMPA,POZUZO,SANTA VIRGINIA
120304,JUNIN,CHANCHAMAYO,SAN LUIS DE SHUARO,PALOMAR
190306,PASCO,OXAPAMPA,PUERTO BERMUDEZ,TOPONAS
190306,PASCO,OXAPAMPA,PUERTO BERMUDEZ,SAN PABLO
220904,SAN MARTIN,SAN MARTIN,CHAZUTA,SHILCAYO
220101,SAN MARTIN,MOYOBAMBA,MOYOBAMBA,FLOR DE MAYO
220504,SAN MARTIN,LAMAS,CAYNARACHI,SAN HILARION PGO.
220511,SAN MARTIN,LAMAS,ZAPATERO,SAN JUANDE TACHIQUIHUI
220511,SAN MARTIN,LAMAS,ZAPATERO,CEDRO PAMPA ZAP.
220510,SAN MARTIN,LAMAS,TABALOSOS,TABALOSO
220101,SAN MARTIN,MOYOBAMBA,MOYOBAMBA,LAHUARPIA
220909,SAN MARTIN,SAN MARTIN,LA BANDA DE SHILCAYO,CASERIO PROGRESO KM 30
220511,SAN MARTIN,LAMAS,ZAPATERO,SANTA CRUZ DE SHITARIYACU
220505,SAN MARTIN,LAMAS,CUÏ¿½UMBUQUI,SANTA CRUZ SHITARIYACU
220912,SAN MARTIN,SAN MARTIN,SAN ANTONIO,SAN ANTONIO DE CUMBAZA
220706,SAN MARTIN,PICOTA,SAN CRISTOBAL,SAN CRISTOBAL
220510,SAN MARTIN,LAMAS,TABALOSOS,ALONSO DE ALVARADO ROQUE
220505,SAN MARTIN,LAMAS,CUÏ¿½UMBUQUI,SAN ANTONIO DEL RIO MAYO
160201,LORETO,ALTO AMAZONAS,YURIMAGUAS,PAMPA HERMOSA YURIMAGUAS
220602,SAN MARTIN,MARISCAL CACERES,CAMPANILLA,CHONTAMUYO
220501,SAN MARTIN,LAMAS,LAMAS,BELLAVISTA  LAMAS
220505,SAN MARTIN,LAMAS,CUÏ¿½UMBUQUI,POLO PONTA
220510,SAN MARTIN,LAMAS,TABALOSOS,PUERTO NUEVO
220909,SAN MARTIN,SAN MARTIN,LA BANDA DE SHILCAYO,BELLLO HORIZONTE
220511,SAN MARTIN,LAMAS,ZAPATERO,SAN JUAN DE TACHIQUIHUI
220505,SAN MARTIN,LAMAS,CUÏ¿½UMBUQUI,ALTO ANDINO
220911,SAN MARTIN,SAN MARTIN,PAPAPLAYA,NUEVO SAN JUAN
010201,AMAZONAS,BAGUA,BAGUA,LA PECA
220909,SAN MARTIN,SAN MARTIN,LA BANDA DE SHILCAYO,PROGRESO KM=30
220301,SAN MARTIN,EL DORADO,SAN JOSE DE SISA,HUANCABAMBA
220301,SAN MARTIN,EL DORADO,SAN JOSE DE SISA,COLCHON
220305,SAN MARTIN,EL DORADO,SHATOJA,NUEVO TRUJILLO
220301,SAN MARTIN,EL DORADO,SAN JOSE DE SISA,SANTA MARTHA SISA
220303,SAN MARTIN,EL DORADO,SAN MARTIN,PUCACACA
220303,SAN MARTIN,EL DORADO,SAN MARTIN,SHATOJA
220301,SAN MARTIN,EL DORADO,SAN JOSE DE SISA,SAN JUAN DE TALLIQUIHUI
220301,SAN MARTIN,EL DORADO,SAN JOSE DE SISA,ALTO PALMERAS
220303,SAN MARTIN,EL DORADO,SAN MARTIN,SAN MARTIN ALAO
220401,SAN MARTIN,HUALLAGA,SAPOSOA,LIMA TAMBO
220401,SAN MARTIN,HUALLAGA,SAPOSOA,SANTA CLARA
220401,SAN MARTIN,HUALLAGA,SAPOSOA,SITULLY
220401,SAN MARTIN,HUALLAGA,SAPOSOA,NUEVO SACANCHE
220501,SAN MARTIN,LAMAS,LAMAS,BELLAVISTA
220501,SAN MARTIN,LAMAS,LAMAS,JUANJUICILLO
220603,SAN MARTIN,MARISCAL CACERES,HUICUNGO,COSHPA
220603,SAN MARTIN,MARISCAL CACERES,HUICUNGO,RIO ABISEO
220604,SAN MARTIN,MARISCAL CACERES,PACHIZA,NUEVO CHIMBOTE
220601,SAN MARTIN,MARISCAL CACERES,JUANJUI,SACANCHILLO
220602,SAN MARTIN,MARISCAL CACERES,CAMPANILLA,AUCARARCA
220602,SAN MARTIN,MARISCAL CACERES,CAMPANILLA,COSTA RICA
220601,SAN MARTIN,MARISCAL CACERES,JUANJUI,BARRIO LA VICTORIA
220106,SAN MARTIN,MOYOBAMBA,YANTALO,LOS ANGELES
220502,SAN MARTIN,LAMAS,ALONSO DE ALVARADO,S.J.PACAYZAPA
220104,SAN MARTIN,MOYOBAMBA,JEPELACIO,MIRADOR
220709,SAN MARTIN,PICOTA,TINGO DE PONASA,ALFONSO UGARTE
220702,SAN MARTIN,PICOTA,BUENOS AIRES,STA. ROSILLO UPAQUIHUA
220710,SAN MARTIN,PICOTA,TRES UNIDOS,CHIQUITOCOCHA
220701,SAN MARTIN,PICOTA,PICOTA,NVO. CONTROL
220710,SAN MARTIN,PICOTA,TRES UNIDOS,MOJARRILLO
220709,SAN MARTIN,PICOTA,TINGO DE PONASA,LIVANO
220708,SAN MARTIN,PICOTA,SHAMBOYACU,ALF. UGARTE
220710,SAN MARTIN,PICOTA,TRES UNIDOS,ZAPOTILLO
220801,SAN MARTIN,RIOJA,RIOJA,PERLA DE CASCAYUNGA
220808,SAN MARTIN,RIOJA,YORONGOS,LA LIBERTAD
220102,SAN MARTIN,MOYOBAMBA,CALZADA,SAN JUAN DE TANGUMI
220801,SAN MARTIN,RIOJA,RIOJA,EL TRIUNFO
220103,SAN MARTIN,MOYOBAMBA,HABANA,HABANA
221002,SAN MARTIN,TOCACHE,NUEVO PROGRESO,SANTA FE
221003,SAN MARTIN,TOCACHE,POLVORA,SAN JUAN DE CAÏ¿½UTILLO
221005,SAN MARTIN,TOCACHE,UCHIZA,KILOMETRO 4
221003,SAN MARTIN,TOCACHE,POLVORA,PUEBLO VIEJO
221002,SAN MARTIN,TOCACHE,NUEVO PROGRESO,ALTO MADRE MIA
221003,SAN MARTIN,TOCACHE,POLVORA,SAN MIGUEL
221003,SAN MARTIN,TOCACHE,POLVORA,LA VICTORIA
221005,SAN MARTIN,TOCACHE,UCHIZA,NUEVA UNION
221003,SAN MARTIN,TOCACHE,POLVORA,SANTA ROSA
221001,SAN MARTIN,TOCACHE,TOCACHE,ALMENDRAS
221003,SAN MARTIN,TOCACHE,POLVORA,BELLO HORIZONTE
221001,SAN MARTIN,TOCACHE,TOCACHE,CEDRO PAMPA
221005,SAN MARTIN,TOCACHE,UCHIZA,NUEVO PORONGO
221003,SAN MARTIN,TOCACHE,POLVORA,CASMA
221003,SAN MARTIN,TOCACHE,POLVORA,NVO HORIZONTE
221002,SAN MARTIN,TOCACHE,NUEVO PROGRESO,HUAMUCO
221005,SAN MARTIN,TOCACHE,UCHIZA,SAN ANDRES
221001,SAN MARTIN,TOCACHE,TOCACHE,HUAYRANGA
221001,SAN MARTIN,TOCACHE,TOCACHE,SAN AGUSTIN
221001,SAN MARTIN,TOCACHE,TOCACHE,CENTRO POBLADO
221001,SAN MARTIN,TOCACHE,TOCACHE,CHANCHAN
221001,SAN MARTIN,TOCACHE,TOCACHE,BAJO LIMON
221001,SAN MARTIN,TOCACHE,TOCACHE,BENTENJEBE
221003,SAN MARTIN,TOCACHE,POLVORA,5 DE DICIEMBRE
221003,SAN MARTIN,TOCACHE,POLVORA,PUERTO PIZANA
221005,SAN MARTIN,TOCACHE,UCHIZA,STA ROSA DE SHAPAJA
221001,SAN MARTIN,TOCACHE,TOCACHE,PUCAYACU
221005,SAN MARTIN,TOCACHE,UCHIZA,UNION CADENA
221005,SAN MARTIN,TOCACHE,UCHIZA,LOBOYACU
221003,SAN MARTIN,TOCACHE,POLVORA,TUPAC AMARU
221003,SAN MARTIN,TOCACHE,POLVORA,STA ROSA DE ALTO TANANTA
221001,SAN MARTIN,TOCACHE,TOCACHE,SANTO CRISTO
221001,SAN MARTIN,TOCACHE,TOCACHE,NUEVO CHILIA
221005,SAN MARTIN,TOCACHE,UCHIZA,SAN JUAN KM 4
221001,SAN MARTIN,TOCACHE,TOCACHE,SANTO DOMINGO ESPINO
220401,SAN MARTIN,HUALLAGA,SAPOSOA,CASERIO SHIMA
220303,SAN MARTIN,EL DORADO,SAN MARTIN,TRES REYES
221004,SAN MARTIN,TOCACHE,SHUNTE,LOS OLIVOS
220303,SAN MARTIN,EL DORADO,SAN MARTIN,CORAZON DE JESUS
220701,SAN MARTIN,PICOTA,PICOTA,STA. ROSA
220510,SAN MARTIN,LAMAS,TABALOSOS,PUCAYACU
220701,SAN MARTIN,PICOTA,PICOTA,ALM. GRAU
221003,SAN MARTIN,TOCACHE,POLVORA,LA PRIMAVERA
220704,SAN MARTIN,PICOTA,PILLUANA,PILLUANA
220104,SAN MARTIN,MOYOBAMBA,JEPELACIO,TRIUNFO
220510,SAN MARTIN,LAMAS,TABALOSOS,PUCAYOC
221003,SAN MARTIN,TOCACHE,POLVORA,NVO.JAEN
240101,TUMBES,TUMBES,TUMBES,CHACRA HUAQUILLAS
250104,UCAYALI,CORONEL PORTILLO,MASISEA,SANTA LUZ
250302,UCAYALI,PADRE ABAD,IRAZOLA,NUEVO PARAISO
250104,UCAYALI,CORONEL PORTILLO,MASISEA,PERLA DE IMIRIA
250302,UCAYALI,PADRE ABAD,IRAZOLA,FLORIDA
250302,UCAYALI,PADRE ABAD,IRAZOLA,C.F.B. KM. 72
250106,UCAYALI,CORONEL PORTILLO,NUEVA REQUENA,CAS. MIRAFLORES
250303,UCAYALI,PADRE ABAD,CURIMANA,CAS. SOL NACIENTE
250102,UCAYALI,CORONEL PORTILLO,CAMPOVERDE,ABEJAICO
250302,UCAYALI,PADRE ABAD,IRAZOLA,02  DE MAYO
250302,UCAYALI,PADRE ABAD,IRAZOLA,MONTE ALEGRE KM. 60
250201,UCAYALI,ATALAYA,RAIMONDI,PAOTI
250104,UCAYALI,CORONEL PORTILLO,MASISEA,NUEVA ALIANZA
250201,UCAYALI,ATALAYA,RAIMONDI,TSINQUIATO
250102,UCAYALI,CORONEL PORTILLO,CAMPOVERDE,LOS PINOS
250303,UCAYALI,PADRE ABAD,CURIMANA,CAS  BELLO HORIZONTE
250302,UCAYALI,PADRE ABAD,IRAZOLA,CAS. BOA INT. 15
250101,UCAYALI,CORONEL PORTILLO,CALLERIA,NVO ORIENTE
250101,UCAYALI,CORONEL PORTILLO,CALLERIA,CAS. STO. DOMINGO
250302,UCAYALI,PADRE ABAD,IRAZOLA,VILLA DEL CAMPO
250301,UCAYALI,PADRE ABAD,PADRE ABAD,PTO AZUL
160603,LORETO,UCAYALI,PADRE MARQUEZ,YANAMAYO
250303,UCAYALI,PADRE ABAD,CURIMANA,SAN JUAN
250201,UCAYALI,ATALAYA,RAIMONDI,CEDRO CHIPANI
250301,UCAYALI,PADRE ABAD,PADRE ABAD,HUACAMAILLO
250101,UCAYALI,CORONEL PORTILLO,CALLERIA,ALTO UCAYALI
250104,UCAYALI,CORONEL PORTILLO,MASISEA,NUEVA GENERACION
250102,UCAYALI,CORONEL PORTILLO,CAMPOVERDE,AMAQUELLA
250103,UCAYALI,CORONEL PORTILLO,IPARIA,RUNUYA
250201,UCAYALI,ATALAYA,RAIMONDI,SAN CARLOS
250201,UCAYALI,ATALAYA,RAIMONDI,MATERIATO
250301,UCAYALI,PADRE ABAD,PADRE ABAD,LA PERLA
250102,UCAYALI,CORONEL PORTILLO,CAMPOVERDE,NUEVO SATIPO
250302,UCAYALI,PADRE ABAD,IRAZOLA,LA FRONTERA
250201,UCAYALI,ATALAYA,RAIMONDI,CORINTONI
250103,UCAYALI,CORONEL PORTILLO,IPARIA,PIJUAYAL
250301,UCAYALI,PADRE ABAD,PADRE ABAD,AGUA VERDE
250102,UCAYALI,CORONEL PORTILLO,CAMPOVERDE,PIMIENTACOCHA
250301,UCAYALI,PADRE ABAD,PADRE ABAD,PUNTA HERMOSA
250203,UCAYALI,ATALAYA,TAHUANIA,TUMBULLA
250201,UCAYALI,ATALAYA,RAIMONDI,BOLOGNESI ALTO
250201,UCAYALI,ATALAYA,RAIMONDI,FLOR DE MAYO
250201,UCAYALI,ATALAYA,RAIMONDI,SHEVORIATO
250303,UCAYALI,PADRE ABAD,CURIMANA,NUEVO PORVENIR
250102,UCAYALI,CORONEL PORTILLO,CAMPOVERDE,NUEVO TUNUYA
250104,UCAYALI,CORONEL PORTILLO,MASISEA,ABUAJO
250302,UCAYALI,PADRE ABAD,IRAZOLA,NUEVO PROGRESO
250201,UCAYALI,ATALAYA,RAIMONDI,LAGARTO MILLAR
250302,UCAYALI,PADRE ABAD,IRAZOLA,BAJO SHIRINGAL
250102,UCAYALI,CORONEL PORTILLO,CAMPOVERDE,NVO BELEN
250301,UCAYALI,PADRE ABAD,PADRE ABAD,GUACAMAYO
250301,UCAYALI,PADRE ABAD,PADRE ABAD,HUACAMILLO
250302,UCAYALI,PADRE ABAD,IRAZOLA,C.P. ALEX VON HUMBOLDT
250101,UCAYALI,CORONEL PORTILLO,CALLERIA,MIRAFLORES
250301,UCAYALI,PADRE ABAD,PADRE ABAD,GARCILASO VEGA
250104,UCAYALI,CORONEL PORTILLO,MASISEA,PARASISO
250302,UCAYALI,PADRE ABAD,IRAZOLA,LAS MERCEDES
250101,UCAYALI,CORONEL PORTILLO,CALLERIA,PARIANARI
250104,UCAYALI,CORONEL PORTILLO,MASISEA,SANUYA
250101,UCAYALI,CORONEL PORTILLO,CALLERIA,SAN MARCOS
250104,UCAYALI,CORONEL PORTILLO,MASISEA,NUEVA CALIFORNIA
250302,UCAYALI,PADRE ABAD,IRAZOLA,NUEVO SAN ALEJANDRO
250302,UCAYALI,PADRE ABAD,IRAZOLA,MAR DE PLATA
250301,UCAYALI,PADRE ABAD,PADRE ABAD,CAS. MIRAFLORES
250302,UCAYALI,PADRE ABAD,IRAZOLA,NUEVA FLORIDA
250302,UCAYALI,PADRE ABAD,IRAZOLA,NUEVO UCAYALI
250104,UCAYALI,CORONEL PORTILLO,MASISEA,TUAYA
250301,UCAYALI,PADRE ABAD,PADRE ABAD,CASERIO MARIELA
250302,UCAYALI,PADRE ABAD,IRAZOLA,TAHUANTINSUYO
250201,UCAYALI,ATALAYA,RAIMONDI,INMACULADA
250201,UCAYALI,ATALAYA,RAIMONDI,LOS CHANCAS
250101,UCAYALI,CORONEL PORTILLO,CALLERIA,RUNUYA
250203,UCAYALI,ATALAYA,TAHUANIA,UNION JATITZA
250104,UCAYALI,CORONEL PORTILLO,MASISEA,SAN MIGUEL
250101,UCAYALI,CORONEL PORTILLO,CALLERIA,JUVENTUD
250101,UCAYALI,CORONEL PORTILLO,CALLERIA,DOS DE MAYO
250303,UCAYALI,PADRE ABAD,CURIMANA,10 DE MAYO
250301,UCAYALI,PADRE ABAD,PADRE ABAD,CAS. DIANA
250102,UCAYALI,CORONEL PORTILLO,CAMPOVERDE,SAN JOSE KM. 26
250104,UCAYALI,CORONEL PORTILLO,MASISEA,PALMERA
250101,UCAYALI,CORONEL PORTILLO,CALLERIA,ALTO MAZARAY
250301,UCAYALI,PADRE ABAD,PADRE ABAD,CAS. SAN JUAN
250301,UCAYALI,PADRE ABAD,PADRE ABAD,CAS. CEDRUYO
250106,UCAYALI,CORONEL PORTILLO,NUEVA REQUENA,ZANJA SECA
250102,UCAYALI,CORONEL PORTILLO,CAMPOVERDE,SAN PEDRO
250302,UCAYALI,PADRE ABAD,IRAZOLA,ALTO YANAYACU
250103,UCAYALI,CORONEL PORTILLO,IPARIA,PUEBLO NUEVO
250101,UCAYALI,CORONEL PORTILLO,CALLERIA,AA.HH. JOSE  OLAYA
250101,UCAYALI,CORONEL PORTILLO,CALLERIA,ISLA INDEPENDENCIA
250303,UCAYALI,PADRE ABAD,CURIMANA,MARONAL
250101,UCAYALI,CORONEL PORTILLO,CALLERIA,ALVA CASTRO
250302,UCAYALI,PADRE ABAD,IRAZOLA,SAN MARTIN
250302,UCAYALI,PADRE ABAD,IRAZOLA,MONTERREY
250102,UCAYALI,CORONEL PORTILLO,CAMPOVERDE,TUPAC AMARU KM.15
250302,UCAYALI,PADRE ABAD,IRAZOLA,NUEVO SAN JORGE
200114,PIURA,PIURA,TAMBO GRANDE,CAPAC YUPANQUI
200114,PIURA,PIURA,TAMBO GRANDE,CASERIO OCOTO BAJO
200602,PIURA,SULLANA,BELLAVISTA,SOMATE
200401,PIURA,MORROPON,CHULUCANAS,KM 88 POTRERILLO
200401,PIURA,MORROPON,CHULUCANAS,CERRO DE LOROS
200401,PIURA,MORROPON,CHULUCANAS,BUENOS AIRES
200302,PIURA,HUANCABAMBA,CANCHAQUE,CACHUPAMPA
200305,PIURA,HUANCABAMBA,LALAQUIZ,LOS RANCHOS
200202,PIURA,AYABACA,FRIAS,CHILILIQUE ALTO
200304,PIURA,HUANCABAMBA,HUARMACA,TUNAS PAMPA
200104,PIURA,PIURA,CASTILLA,SAN RAFAEL
200302,PIURA,HUANCABAMBA,CANCHAQUE,LAGUNA DEL TORO
010110,AMAZONAS,CHACHAPOYAS,LEIMEBAMBA,LEIMEBAMBA
010110,AMAZONAS,CHACHAPOYAS,LEIMEBAMBA,DOS DE MAYO
010609,AMAZONAS,RODRIGUEZ DE MENDOZA,OMIA,MASHACO
010312,AMAZONAS,BONGARA,YAMBRASBAMBA,RIO BLANCO
010602,AMAZONAS,RODRIGUEZ DE MENDOZA,CHIRIMOTO,SAN ANTONIO
010602,AMAZONAS,RODRIGUEZ DE MENDOZA,CHIRIMOTO,LEGIA CHICO
010312,AMAZONAS,BONGARA,YAMBRASBAMBA,VISTA HERMOSA
010502,AMAZONAS,LUYA,CAMPORREDONDO,COCOHO
010403,AMAZONAS,CONDORCANQUI,RIO SANTIAGO,CUCUAZA
010205,AMAZONAS,BAGUA,IMAZA,MAMAYAQUE
010205,AMAZONAS,BAGUA,IMAZA,TUTUNGOS
010401,AMAZONAS,CONDORCANQUI,NIEVA,CURVA
010403,AMAZONAS,CONDORCANQUI,RIO SANTIAGO,YUJANGKIM
010205,AMAZONAS,BAGUA,IMAZA,SAN ROMAN
010401,AMAZONAS,CONDORCANQUI,NIEVA,URAKUZA
010401,AMAZONAS,CONDORCANQUI,NIEVA,KINGKIS
010205,AMAZONAS,BAGUA,IMAZA,SIJIAK
010401,AMAZONAS,CONDORCANQUI,NIEVA,YAMAKENTZA
010402,AMAZONAS,CONDORCANQUI,EL CENEPA,BIS 32
010402,AMAZONAS,CONDORCANQUI,EL CENEPA,ATUIN
010401,AMAZONAS,CONDORCANQUI,NIEVA,PALESTINA
010402,AMAZONAS,CONDORCANQUI,EL CENEPA,KUSU NUMPATKAIM
010403,AMAZONAS,CONDORCANQUI,RIO SANTIAGO,YTUPIS
010403,AMAZONAS,CONDORCANQUI,RIO SANTIAGO,MUCHINGUIS
010403,AMAZONAS,CONDORCANQUI,RIO SANTIAGO,PASCLISH
010205,AMAZONAS,BAGUA,IMAZA,CENTRO WAWIC
010401,AMAZONAS,CONDORCANQUI,NIEVA,BAJO PAJACUSA
010402,AMAZONAS,CONDORCANQUI,EL CENEPA,NUEVA UNIDA
010403,AMAZONAS,CONDORCANQUI,RIO SANTIAGO,SHAMAKAT GDE
010201,AMAZONAS,BAGUA,BAGUA,EL ARRAYAN
010401,AMAZONAS,CONDORCANQUI,NIEVA,SAWI ENTSA
010401,AMAZONAS,CONDORCANQUI,NIEVA,EBRON
010703,AMAZONAS,UTCUBAMBA,CUMBA,TACTAGO
010401,AMAZONAS,CONDORCANQUI,NIEVA,CACHI
010401,AMAZONAS,CONDORCANQUI,NIEVA,YUMIGKUS
010202,AMAZONAS,BAGUA,ARAMANGO,TSUNTSUNZA
010401,AMAZONAS,CONDORCANQUI,NIEVA,NUEVO PROGRESO
010401,AMAZONAS,CONDORCANQUI,NIEVA,NAPURUKA
060802,CAJAMARCA,JAEN,BELLAVISTA,SHUMBA
060801,CAJAMARCA,JAEN,JAEN,SHUMBA
060807,CAJAMARCA,JAEN,POMAHUACA,ARENAL
060901,CAJAMARCA,SAN IGNACIO,SAN IGNACIO,URRANCHE
060901,CAJAMARCA,SAN IGNACIO,SAN IGNACIO,EL CARMEN
060906,CAJAMARCA,SAN IGNACIO,SAN JOSE DE LOURDES,ESTRELLA DEL ORIENTE
060807,CAJAMARCA,JAEN,POMAHUACA,EL ARENAL
060905,CAJAMARCA,SAN IGNACIO,NAMBALLE,TAMANA
150714,LIMA,HUAROCHIRI,RICARDO PALMA,CARRETERA CENTRAL
150702,LIMA,HUAROCHIRI,ANTIOQUIA,VILLA PAMPILLA
150118,LIMA,LIMA,LURIGANCHO,YANACOTO
150202,LIMA,BARRANCA,PARAMONGA,CANCHAN
021401,ANCASH,OCROS,OCROS,HUANCHAY
150205,LIMA,BARRANCA,SUPE PUERTO,LETICIA
150812,LIMA,HUAURA,VEGUETA,LA MURALLA S N
150201,LIMA,BARRANCA,BARRANCA,VINTO BAJO
060607,CAJAMARCA,CUTERVO,QUEROCOTILLO,GUAYABO
060603,CAJAMARCA,CUTERVO,CHOROS,CUYCA CHOROS
190301,PASCO,OXAPAMPA,OXAPAMPA,PAUCARTAMBO
150508,LIMA,CAÏ¿½ETE,LUNAHUANA,LINAHUANA
150503,LIMA,CAÏ¿½ETE,CALANGO,TORIHUASI
021510,ANCASH,PALLASCA,SANTA ROSA,STA ROSA
021808,ANCASH,SANTA,SANTA,SANTA
050502,AYACUCHO,LA MAR,ANCO,PORVENIR   AMARGURA
050507,AYACUCHO,LA MAR,SANTA ROSA,SIMARIVA
050507,AYACUCHO,LA MAR,SANTA ROSA,HAYRAPATA (VILLA ESMERALD
080902,CUSCO,LA CONVENCION,ECHARATE,VISTA ALEGRE
081304,CUSCO,URUBAMBA,MACHUPICCHU,LAS ORQUIDEAS S N
080906,CUSCO,LA CONVENCION,QUELLOUNO,MAPITUMARI
080909,CUSCO,LA CONVENCION,VILCABAMBA,LAGUNA
080909,CUSCO,LA CONVENCION,VILCABAMBA,YUVENI
081304,CUSCO,URUBAMBA,MACHUPICCHU,CEDROBAMBA
080906,CUSCO,LA CONVENCION,QUELLOUNO,HUILLACAPAMPA
080902,CUSCO,LA CONVENCION,ECHARATE,CASHIRIARI
080910,CUSCO,LA CONVENCION,PICHARI,GRAN SHINUNGARI (SHINUNGA
080910,CUSCO,LA CONVENCION,PICHARI,UNION TARANCATO
080902,CUSCO,LA CONVENCION,ECHARATE,AGUAS CALIENTES
080902,CUSCO,LA CONVENCION,ECHARATE,POMERONI
080910,CUSCO,LA CONVENCION,PICHARI,SHIANTUISHARI
080902,CUSCO,LA CONVENCION,ECHARATE,CHINGUARIATO (ALTO)
080902,CUSCO,LA CONVENCION,ECHARATE,PIEDRA
080902,CUSCO,LA CONVENCION,ECHARATE,SERINGABENI
080909,CUSCO,LA CONVENCION,VILCABAMBA,ALTO POSTAKIATO
080910,CUSCO,LA CONVENCION,PICHARI,MIMIRINI PAISANOS
080902,CUSCO,LA CONVENCION,ECHARATE,MIARIA (MIYARIA)
080902,CUSCO,LA CONVENCION,ECHARATE,MONTETONI
080902,CUSCO,LA CONVENCION,ECHARATE,TIMPIA (MISION)
080907,CUSCO,LA CONVENCION,KIMBIRI,SAMPANTUARI NATIVO
080902,CUSCO,LA CONVENCION,ECHARATE,KITAPARAY
080902,CUSCO,LA CONVENCION,ECHARATE,SHIVANCORENI
080902,CUSCO,LA CONVENCION,ECHARATE,YANASHIRI
080906,CUSCO,LA CONVENCION,QUELLOUNO,CHAPO OTINGAMIA
080902,CUSCO,LA CONVENCION,ECHARATE,MALANQUIATO
080903,CUSCO,LA CONVENCION,HUAYOPATA,LAURAMARCA
100901,HUANUCO,PUERTO INCA,PUERTO INCA,SANTA JULIANA
100904,HUANUCO,PUERTO INCA,TOURNAVISTA,CHONTA ISLA
100507,HUANUCO,HUAMALIES,MONZON,UCHUCCHACA
100605,HUANUCO,LEONCIO PRADO,LUYANDO,BOLAINE
100604,HUANUCO,LEONCIO PRADO,JOSE CRESPO Y CASTILLO,RIO AUCAYACU
100903,HUANUCO,PUERTO INCA,HONORIA,UNION PORVENIR
100702,HUANUCO,MARAÏ¿½ON,CHOLON,ALTO HUAMUCO
100904,HUANUCO,PUERTO INCA,TOURNAVISTA,CONQUISTADORES
100604,HUANUCO,LEONCIO PRADO,JOSE CRESPO Y CASTILLO,SIETE DE OCTUBRE
100604,HUANUCO,LEONCIO PRADO,JOSE CRESPO Y CASTILLO,ALIANZA MAGDALENA
100606,HUANUCO,LEONCIO PRADO,MARIANO DAMASO BERAUN,TAMBILLO CHICO
100901,HUANUCO,PUERTO INCA,PUERTO INCA,SANTA TERESA
100605,HUANUCO,LEONCIO PRADO,LUYANDO,MISQUIPUNTA
100903,HUANUCO,PUERTO INCA,HONORIA,NUEVA ALIANZA
100601,HUANUCO,LEONCIO PRADO,RUPA-RUPA,TAHUANTINSUYO
100903,HUANUCO,PUERTO INCA,HONORIA,PORVENIR
220701,SAN MARTIN,PICOTA,PICOTA,PUERTO PIZANA
250301,UCAYALI,PADRE ABAD,PADRE ABAD,AUGUAYTIA
100901,HUANUCO,PUERTO INCA,PUERTO INCA,HEROES DEL ORIENTE
100604,HUANUCO,LEONCIO PRADO,JOSE CRESPO Y CASTILLO,SAN FRANCISCO DE BOLOGNES
100603,HUANUCO,LEONCIO PRADO,HERMILIO VALDIZAN,JOSE BERNARDO ALCEDO
100903,HUANUCO,PUERTO INCA,HONORIA,MONTE SINAI
100605,HUANUCO,LEONCIO PRADO,LUYANDO,LA PLAYA
100602,HUANUCO,LEONCIO PRADO,DANIEL ALOMIA ROBLES,JULIO CESAR TELLO
100507,HUANUCO,HUAMALIES,MONZON,CHIPACO O CHIPACU
100604,HUANUCO,LEONCIO PRADO,JOSE CRESPO Y CASTILLO,MILANO
100902,HUANUCO,PUERTO INCA,CODO DEL POZUZO,RIO BLANCO
100604,HUANUCO,LEONCIO PRADO,JOSE CRESPO Y CASTILLO,CRISTO REY
100702,HUANUCO,MARAÏ¿½ON,CHOLON,PUERTO MEGOTE
100905,HUANUCO,PUERTO INCA,YUYAPICHIS,YANA QUILLO
100507,HUANUCO,HUAMALIES,MONZON,HUAGAY
100702,HUANUCO,MARAÏ¿½ON,CHOLON,CHOLON
100605,HUANUCO,LEONCIO PRADO,LUYANDO,CASERIO PUERTO LIBRE
110207,ICA,CHINCHA,PUEBLO NUEVO,UPIS KEIKO SOFIA
110503,ICA,PISCO,HUMAY,MEDIA LUNA
110109,ICA,ICA,SAN JOSE DE LOS MOLINOS,LOS CERRILLOS
110114,ICA,ICA,YAUCA DEL ROSARIO,COCHARCAS
120607,JUNIN,SATIPO,RIO NEGRO,ALTO IPOKI
120302,JUNIN,CHANCHAMAYO,PERENE,SANTA ROSA DE HUACHIROKI
120302,JUNIN,CHANCHAMAYO,PERENE,SAN JACINTO
120302,JUNIN,CHANCHAMAYO,PERENE,A.ESPERANZA
120603,JUNIN,SATIPO,LLAYLLA,CARPATAMBO
120304,JUNIN,CHANCHAMAYO,SAN LUIS DE SHUARO,SANCHIRIO PALOMAR
120607,JUNIN,SATIPO,RIO NEGRO,UNION CASCADA
120608,JUNIN,SATIPO,RIO TAMBO,SANTA ROSITA DE SHIRINTIA
120606,JUNIN,SATIPO,PANGOA,UNION CHAVINI
120302,JUNIN,CHANCHAMAYO,PERENE,PUERTO YURINAKI (BAJO YUR
120303,JUNIN,CHANCHAMAYO,PICHANAQUI,SANTA FE DE ALTO HUACHIRI
120302,JUNIN,CHANCHAMAYO,PERENE,PACHACUTEC
120601,JUNIN,SATIPO,SATIPO,SAN FRANCISCO
120601,JUNIN,SATIPO,SATIPO,SHANKI
120303,JUNIN,CHANCHAMAYO,PICHANAQUI,VILLA EL SOL
120608,JUNIN,SATIPO,RIO TAMBO,LOS INCAS
120608,JUNIN,SATIPO,RIO TAMBO,SHEVOJA
120302,JUNIN,CHANCHAMAYO,PERENE,SAN PEDRO DE ZOTANI
120303,JUNIN,CHANCHAMAYO,PICHANAQUI,BELEN DE ANAPIARI
120302,JUNIN,CHANCHAMAYO,PERENE,PAMPA AZANGARO
120607,JUNIN,SATIPO,RIO NEGRO,VILLA JESUS
120608,JUNIN,SATIPO,RIO TAMBO,GLORIABAMBA
120303,JUNIN,CHANCHAMAYO,PICHANAQUI,BARINETI REAL
120303,JUNIN,CHANCHAMAYO,PICHANAQUI,HUACHIRIKI
120608,JUNIN,SATIPO,RIO TAMBO,HUERTO EDEN
120607,JUNIN,SATIPO,RIO NEGRO,ALTO VILLA VICTORIA
120605,JUNIN,SATIPO,PAMPA HERMOSA,RIO DESCONOCIDO
120303,JUNIN,CHANCHAMAYO,PICHANAQUI,CENTRO KUVIRIANI (CUVIRIA
120608,JUNIN,SATIPO,RIO TAMBO,SANTA CRUZ
120607,JUNIN,SATIPO,RIO NEGRO,MAPATI
120303,JUNIN,CHANCHAMAYO,PICHANAQUI,SAN MIGUEL DE ALTO AUTIKI
120302,JUNIN,CHANCHAMAYO,PERENE,LOS ANGELES UBIRIKE
120303,JUNIN,CHANCHAMAYO,PICHANAQUI,SAN PABLO DE SHABORIATO
120607,JUNIN,SATIPO,RIO NEGRO,RIO CHARI ALTO
120608,JUNIN,SATIPO,RIO TAMBO,VISTA ALEGRE
120303,JUNIN,CHANCHAMAYO,PICHANAQUI,UNION SANTA ROSA
120303,JUNIN,CHANCHAMAYO,PICHANAQUI,SAN JOSE ALTO IPOKI
120607,JUNIN,SATIPO,RIO NEGRO,VILLA PACIFICO
120608,JUNIN,SATIPO,RIO TAMBO,BETANIA
120302,JUNIN,CHANCHAMAYO,PERENE,ALTO SAN JUAN
120606,JUNIN,SATIPO,PANGOA,SHAORIATO
120303,JUNIN,CHANCHAMAYO,PICHANAQUI,SANTA ROSA UNION PROGRESO
120303,JUNIN,CHANCHAMAYO,PICHANAQUI,LOS TRIUNFADORES
120303,JUNIN,CHANCHAMAYO,PICHANAQUI,HUANTININI
120303,JUNIN,CHANCHAMAYO,PICHANAQUI,RIO COLORADO
120302,JUNIN,CHANCHAMAYO,PERENE,UNION ALTO SANCACHARI
120303,JUNIN,CHANCHAMAYO,PICHANAQUI,NUEVA ALEJANDRIA
120303,JUNIN,CHANCHAMAYO,PICHANAQUI,VILLA ASHANINGA(PUERTO HU
120303,JUNIN,CHANCHAMAYO,PICHANAQUI,CENTRO HUACHRIKI
120606,JUNIN,SATIPO,PANGOA,BOLIVAR
120607,JUNIN,SATIPO,RIO NEGRO,SAN LUIS DE ALTO IPOKI
120601,JUNIN,SATIPO,SATIPO,BAJO SONDOVENI
120303,JUNIN,CHANCHAMAYO,PICHANAQUI,INPITATO CASCADA
120303,JUNIN,CHANCHAMAYO,PICHANAQUI,AGUA VIVA
120303,JUNIN,CHANCHAMAYO,PICHANAQUI,LA FLORIDA
120303,JUNIN,CHANCHAMAYO,PICHANAQUI,NUEVA JERUSALEN
120303,JUNIN,CHANCHAMAYO,PICHANAQUI,CENTRO KIMIRIKI
120303,JUNIN,CHANCHAMAYO,PICHANAQUI,UNION AUTIKI
120303,JUNIN,CHANCHAMAYO,PICHANAQUI,MESETA SAN PEDRO
120302,JUNIN,CHANCHAMAYO,PERENE,ZONA PATRIA
120606,JUNIN,SATIPO,PANGOA,MARGINAL
120606,JUNIN,SATIPO,PANGOA,SAN MIGUEL DE MENARO
120303,JUNIN,CHANCHAMAYO,PICHANAQUI,SAN LORENZO AUTIKI
120303,JUNIN,CHANCHAMAYO,PICHANAQUI,SAN MARTIN DE BAJO ZOTARA
120607,JUNIN,SATIPO,RIO NEGRO,BOCA CHENI
120302,JUNIN,CHANCHAMAYO,PERENE,SAN CRISTOBAL
120605,JUNIN,SATIPO,PAMPA HERMOSA,VILLA ANCAYO
120303,JUNIN,CHANCHAMAYO,PICHANAQUI,NUEVA FLORENCIA
120303,JUNIN,CHANCHAMAYO,PICHANAQUI,VALLE HERMOSO
120303,JUNIN,CHANCHAMAYO,PICHANAQUI,SAN PEDRO DE SHABORIATO
120605,JUNIN,SATIPO,PAMPA HERMOSA,SAN JUAN DE LA LIBERTAD
120302,JUNIN,CHANCHAMAYO,PERENE,UNION VISTA ALEGRE
120302,JUNIN,CHANCHAMAYO,PERENE,PAMPATIGRE
120303,JUNIN,CHANCHAMAYO,PICHANAQUI,HUAYRAPAMPA
120608,JUNIN,SATIPO,RIO TAMBO,CAPITIRI
130403,LA LIBERTAD,CHEPEN,PUEBLO NUEVO,SAN EUGENIO
060505,CAJAMARCA,CONTUMAZA,SAN BENITO,SHUMBA
131001,LA LIBERTAD,SANTIAGO DE CHUCO,SANTIAGO DE CHUCO,CANCATE
130614,LA LIBERTAD,OTUZCO,USQUIL,CALLANCAS
130701,LA LIBERTAD,PACASMAYO,SAN PEDRO DE LLOC,CRUCE  EL  HORNITO
130402,LA LIBERTAD,CHEPEN,PACANGA,MONTE SECO
060503,CAJAMARCA,CONTUMAZA,CUPISNIQUE,TRINIDAD
130701,LA LIBERTAD,PACASMAYO,SAN PEDRO DE LLOC,CRUCE EL HORNITO
140110,LAMBAYEQUE,CHICLAYO,OYOTUN,NO ESPECIFICA
140102,LAMBAYEQUE,CHICLAYO,CHONGOYAPE,EL CUELLO
061106,CAJAMARCA,SAN MIGUEL,LA FLORIDA,LA FLORIDA
060812,CAJAMARCA,JAEN,SANTA ROSA,LOS CEDROS
140110,LAMBAYEQUE,CHICLAYO,OYOTUN,SANTA RITA
160105,LORETO,MAYNAS,LAS AMAZONAS,HUANANA
160112,LORETO,MAYNAS,BELEN,CENTRO MAZANA
160604,LORETO,UCAYALI,PAMPA HERMOSA,PUERTO NUEVO
160112,LORETO,MAYNAS,BELEN,HUATURI
160701,LORETO,DATEM DEL MARAÏ¿½ON,BARRANCA,SAN JUAN DE SABALO
160112,LORETO,MAYNAS,BELEN,LUPUNA I ZONA
160402,LORETO,MARISCAL RAMON CASTILLA,PEBAS,NUEVO PROGRESO
160704,LORETO,DATEM DEL MARAÏ¿½ON,MORONA,066008
160701,LORETO,DATEM DEL MARAÏ¿½ON,BARRANCA,BOCA DEL SASIPAHUA
160202,LORETO,ALTO AMAZONAS,BALSAPUERTO,031008
160201,LORETO,ALTO AMAZONAS,YURIMAGUAS,074105
160504,LORETO,REQUENA,EMILIO SAN MARTIN,NUEVO SAN ANTONIO
160702,LORETO,DATEM DEL MARAÏ¿½ON,CAHUAPANAS,SAN RAMON DEL SINAR
160501,LORETO,REQUENA,REQUENA,NUEVO PUCATE
160504,LORETO,REQUENA,EMILIO SAN MARTIN,NUEVO MIRAFLORES
160106,LORETO,MAYNAS,MAZAN,SAN FRANCISCO DE BUEN PAS
160701,LORETO,DATEM DEL MARAÏ¿½ON,BARRANCA,MIRAFLORES I
160701,LORETO,DATEM DEL MARAÏ¿½ON,BARRANCA,NUEVA UNION
160404,LORETO,MARISCAL RAMON CASTILLA,SAN PABLO,SARGENTO LORES CAMOTE
160105,LORETO,MAYNAS,LAS AMAZONAS,CAPIRONAL
160202,LORETO,ALTO AMAZONAS,BALSAPUERTO,SAN ISIDRO
160202,LORETO,ALTO AMAZONAS,BALSAPUERTO,NARANJAL
160205,LORETO,ALTO AMAZONAS,JEBEROS,SAN ANTONIO DE RUMIYACU
160506,LORETO,REQUENA,PUINAHUA,SAN JUAN DE PAUCAR
160107,LORETO,MAYNAS,NAPO,NUEVO LIBERTADOR
160705,LORETO,DATEM DEL MARAÏ¿½ON,PASTAZA,MUSHA KARUSHA
160206,LORETO,ALTO AMAZONAS,LAGUNAS,SANTA ISABEL MARAÏ¿½ON
160606,LORETO,UCAYALI,VARGAS GUERRA,ALFONSO UGARTE
160703,LORETO,DATEM DEL MARAÏ¿½ON,MANSERICHE,NUEVO BELEN
160110,LORETO,MAYNAS,TORRES CAUSANA,SANTA MARIA DE ANGOTERO
160403,LORETO,MARISCAL RAMON CASTILLA,YAVARI,LEONCIO RAMIREZ
160701,LORETO,DATEM DEL MARAÏ¿½ON,BARRANCA,PACHACUTEC
160704,LORETO,DATEM DEL MARAÏ¿½ON,MORONA,PUERTO PIFAYAL O PIJUAYAL
160506,LORETO,REQUENA,PUINAHUA,POLO SUR
160401,LORETO,MARISCAL RAMON CASTILLA,RAMON CASTILLA,ALDEA GRAU
160105,LORETO,MAYNAS,LAS AMAZONAS,SAN JOSE DE OROZA
160702,LORETO,DATEM DEL MARAÏ¿½ON,CAHUAPANAS,28 DE JULIO DEL SILLAY
160702,LORETO,DATEM DEL MARAÏ¿½ON,CAHUAPANAS,SAN ANTONIO
160704,LORETO,DATEM DEL MARAÏ¿½ON,MORONA,CABALLITO
160305,LORETO,LORETO,URARINAS,CURUHUINSI
160605,LORETO,UCAYALI,SARAYACU,MAHUIZA
160103,LORETO,MAYNAS,FERNANDO LORES,SERAFIN FILOMENO
160106,LORETO,MAYNAS,MAZAN,PANILLA COCHA
160305,LORETO,LORETO,URARINAS,SAN LORENZO
160402,LORETO,MARISCAL RAMON CASTILLA,PEBAS,BORAS DE PUCAURQUILLO
160402,LORETO,MARISCAL RAMON CASTILLA,PEBAS,POBRE ALEGRE
160703,LORETO,DATEM DEL MARAÏ¿½ON,MANSERICHE,PALESTINA
160703,LORETO,DATEM DEL MARAÏ¿½ON,MANSERICHE,PUERTO ELISA
160103,LORETO,MAYNAS,FERNANDO LORES,GRAN PERU
160402,LORETO,MARISCAL RAMON CASTILLA,PEBAS,SANTA LUCIA DE PRO
160403,LORETO,MARISCAL RAMON CASTILLA,YAVARI,REMANSO
160701,LORETO,DATEM DEL MARAÏ¿½ON,BARRANCA,NUEVO PROGRESO  POTRO
160107,LORETO,MAYNAS,NAPO,TUTA TIPISHCO
160107,LORETO,MAYNAS,NAPO,NINAYACU
160801,LORETO,PUTUMAYO,PUTUMAYO,TRES FRONTERAS
160702,LORETO,DATEM DEL MARAÏ¿½ON,CAHUAPANAS,NUEVO CAJAMARCA
160505,LORETO,REQUENA,MAQUIA,TRECE DE MAYO
160505,LORETO,REQUENA,MAQUIA,MAQUIA TIPISHCA
160702,LORETO,DATEM DEL MARAÏ¿½ON,CAHUAPANAS,SAN PEDRO DE YANAYAQUILLO
160703,LORETO,DATEM DEL MARAÏ¿½ON,MANSERICHE,NAPURUKA
160112,LORETO,MAYNAS,BELEN,6 DE OCTUBRE
160705,LORETO,DATEM DEL MARAÏ¿½ON,PASTAZA,UNION ANTONIETA
160705,LORETO,DATEM DEL MARAÏ¿½ON,PASTAZA,NUEVO UCAYALI
160402,LORETO,MARISCAL RAMON CASTILLA,PEBAS,ZANCUDO ISLA
160705,LORETO,DATEM DEL MARAÏ¿½ON,PASTAZA,PUERTO BELEN
160104,LORETO,MAYNAS,INDIANA,MANITI I   ZONA
160504,LORETO,REQUENA,EMILIO SAN MARTIN,LURIN
160202,LORETO,ALTO AMAZONAS,BALSAPUERTO,BARRANQUITA
160701,LORETO,DATEM DEL MARAÏ¿½ON,BARRANCA,ESTRELLA
160108,LORETO,MAYNAS,PUNCHANA,SANTA CLARA III ZONA
160705,LORETO,DATEM DEL MARAÏ¿½ON,PASTAZA,GALILEA
160705,LORETO,DATEM DEL MARAÏ¿½ON,PASTAZA,PUERTO PIJUAYAL
160206,LORETO,ALTO AMAZONAS,LAGUNAS,ARAHUANTE
160403,LORETO,MARISCAL RAMON CASTILLA,YAVARI,YARINA
160701,LORETO,DATEM DEL MARAÏ¿½ON,BARRANCA,BAGAZAN
160701,LORETO,DATEM DEL MARAÏ¿½ON,BARRANCA,PRIMAVERA
160701,LORETO,DATEM DEL MARAÏ¿½ON,BARRANCA,SAN FRANCISCO
160202,LORETO,ALTO AMAZONAS,BALSAPUERTO,BARRIO SANTA ROSA
160704,LORETO,DATEM DEL MARAÏ¿½ON,MORONA,PANINTZA
160201,LORETO,ALTO AMAZONAS,YURIMAGUAS,JORGE CHAVEZ
160201,LORETO,ALTO AMAZONAS,YURIMAGUAS,CACHIHUAÏ¿½USCA
160103,LORETO,MAYNAS,FERNANDO LORES,PUERTO ROSARIO
160703,LORETO,DATEM DEL MARAÏ¿½ON,MANSERICHE,SANTA ROSA
160701,LORETO,DATEM DEL MARAÏ¿½ON,BARRANCA,COPACABANA
160106,LORETO,MAYNAS,MAZAN,CALENTURA QUEBRADA
160403,LORETO,MARISCAL RAMON CASTILLA,YAVARI,UNION FAMILIAR
160701,LORETO,DATEM DEL MARAÏ¿½ON,BARRANCA,SAN ISIDRO
160705,LORETO,DATEM DEL MARAÏ¿½ON,PASTAZA,ANDOAS VIEJO
160105,LORETO,MAYNAS,LAS AMAZONAS,SAN ANTONIO DE ARAMBAZA
160601,LORETO,UCAYALI,CONTAMANA,SANTA CLARA
160605,LORETO,UCAYALI,SARAYACU,NUEVA DELICIA
160702,LORETO,DATEM DEL MARAÏ¿½ON,CAHUAPANAS,SAN PEDRO DE ARIPARI
160510,LORETO,REQUENA,JENARO HERRERA,IRICAHUA
160801,LORETO,PUTUMAYO,PUTUMAYO,NUEVA IPIRANGA
160304,LORETO,LORETO,TROMPETEROS,SAN JOSE DE NUEVA ESPERAN
160703,LORETO,DATEM DEL MARAÏ¿½ON,MANSERICHE,AJACHIN
160301,LORETO,LORETO,NAUTA,SAN MARTIN
160505,LORETO,REQUENA,MAQUIA,ENCANTO SIUCA CAÏ¿½O
160801,LORETO,PUTUMAYO,PUTUMAYO,SANTA LUCIA
160703,LORETO,DATEM DEL MARAÏ¿½ON,MANSERICHE,ALIANZA QDA. SARAMIRIZA
160404,LORETO,MARISCAL RAMON CASTILLA,SAN PABLO,SANTA ELENA (IMASA)
160503,LORETO,REQUENA,CAPELO,NUEVO IQUITOS
160507,LORETO,REQUENA,SAQUENA,SAQUENA
160202,LORETO,ALTO AMAZONAS,BALSAPUERTO,IRAPAY
160201,LORETO,ALTO AMAZONAS,YURIMAGUAS,PANDISHAL
160603,LORETO,UCAYALI,PADRE MARQUEZ,PUERTO ISLANDIA
160211,LORETO,ALTO AMAZONAS,TENIENTE CESAR LOPEZ ROJAS,NUEVO PORVENIR
160112,LORETO,MAYNAS,BELEN,MOHENA CAÏ¿½O
160601,LORETO,UCAYALI,CONTAMANA,ALAN GARCIA
160303,LORETO,LORETO,TIGRE,SANTA CLARA DE YARINAL
160601,LORETO,UCAYALI,CONTAMANA,SAN JUAN CHIATIPISHCA
160601,LORETO,UCAYALI,CONTAMANA,ARCO IRIS
160705,LORETO,DATEM DEL MARAÏ¿½ON,PASTAZA,ULLPAYACU
160703,LORETO,DATEM DEL MARAÏ¿½ON,MANSERICHE,NUEVA ALEGRIA
160601,LORETO,UCAYALI,CONTAMANA,NUEVO PARAISO
160301,LORETO,LORETO,NAUTA,BUENA UNION
160601,LORETO,UCAYALI,CONTAMANA,SAN MARCOS
160705,LORETO,DATEM DEL MARAÏ¿½ON,PASTAZA,NUEVA YARINA
160112,LORETO,MAYNAS,BELEN,PEÏ¿½A BLANCA
160504,LORETO,REQUENA,EMILIO SAN MARTIN,SAN JUAN DE CUMACEVA
160601,LORETO,UCAYALI,CONTAMANA,AGUAS CALIENTES
160401,LORETO,MARISCAL RAMON CASTILLA,RAMON CASTILLA,TANGARANA
160605,LORETO,UCAYALI,SARAYACU,RAMON CASTILLA
160201,LORETO,ALTO AMAZONAS,YURIMAGUAS,AGUA BLANCA
160108,LORETO,MAYNAS,PUNCHANA,SANTA CLARA I ZONA
160701,LORETO,DATEM DEL MARAÏ¿½ON,BARRANCA,ANGAMOS
160601,LORETO,UCAYALI,CONTAMANA,ISLA BAÏ¿½OS
160507,LORETO,REQUENA,SAQUENA,TIBI PLAYA II ZONA
160701,LORETO,DATEM DEL MARAÏ¿½ON,BARRANCA,NUEVO MILAGRO
160201,LORETO,ALTO AMAZONAS,YURIMAGUAS,EL ARENAL
160603,LORETO,UCAYALI,PADRE MARQUEZ,PAOYHAN
160101,LORETO,MAYNAS,IQUITOS,MICAELA BASTIDA
160703,LORETO,DATEM DEL MARAÏ¿½ON,MANSERICHE,ATAHUALPA
160601,LORETO,UCAYALI,CONTAMANA,SHANAYLLO
160705,LORETO,DATEM DEL MARAÏ¿½ON,PASTAZA,NUEVO EGIPTO
160201,LORETO,ALTO AMAZONAS,YURIMAGUAS,CHAMBIRA   1
160702,LORETO,DATEM DEL MARAÏ¿½ON,CAHUAPANAS,CHACATAN
160106,LORETO,MAYNAS,MAZAN,AUCA POZA
160104,LORETO,MAYNAS,INDIANA,YANAYACU   TIMICURO
160705,LORETO,DATEM DEL MARAÏ¿½ON,PASTAZA,COCHA PURAHUA
160105,LORETO,MAYNAS,LAS AMAZONAS,NUEVA ESPERANZA
160404,LORETO,MARISCAL RAMON CASTILLA,SAN PABLO,BEIRUTH
160301,LORETO,LORETO,NAUTA,9 DE OCTUBRE
160103,LORETO,MAYNAS,FERNANDO LORES,ALIANZA
160210,LORETO,ALTO AMAZONAS,SANTA CRUZ,BELLO HORIZONTE
160103,LORETO,MAYNAS,FERNANDO LORES,NUEVO SAN JUAN
160606,LORETO,UCAYALI,VARGAS GUERRA,CAHUIDE
160106,LORETO,MAYNAS,MAZAN,URCO MIRAÏ¿½O
160401,LORETO,MARISCAL RAMON CASTILLA,RAMON CASTILLA,PUERTO BRASIL
160401,LORETO,MARISCAL RAMON CASTILLA,RAMON CASTILLA,SANTA RITA DE MOCHILA
160705,LORETO,DATEM DEL MARAÏ¿½ON,PASTAZA,PUERTO GALILEA
160704,LORETO,DATEM DEL MARAÏ¿½ON,MORONA,UNANCHAY
160403,LORETO,MARISCAL RAMON CASTILLA,YAVARI,SANTA TERESA II ZONA
160701,LORETO,DATEM DEL MARAÏ¿½ON,BARRANCA,ISLA DEL GALLO
160105,LORETO,MAYNAS,LAS AMAZONAS,CAMALEON II ZONA
160508,LORETO,REQUENA,SOPLIN,CAPANAHUA
160106,LORETO,MAYNAS,MAZAN,NUEVO TRIUNFO
160704,LORETO,DATEM DEL MARAÏ¿½ON,MORONA,SAN SALVADOR
160701,LORETO,DATEM DEL MARAÏ¿½ON,BARRANCA,SANTA ROSA DE SABALO
160210,LORETO,ALTO AMAZONAS,SANTA CRUZ,YAHUAR   HUACA
160202,LORETO,ALTO AMAZONAS,BALSAPUERTO,MARANATHA
160211,LORETO,ALTO AMAZONAS,TENIENTE CESAR LOPEZ ROJAS,SONAPI
160701,LORETO,DATEM DEL MARAÏ¿½ON,BARRANCA,HUAMACHUCO
160404,LORETO,MARISCAL RAMON CASTILLA,SAN PABLO,SAN JOSE DE PROSPERIDAD
160301,LORETO,LORETO,NAUTA,SAN JUAN DE LAGUNILLAS
160701,LORETO,DATEM DEL MARAÏ¿½ON,BARRANCA,NUEVA ISLANDIA
160303,LORETO,LORETO,TIGRE,7 DE MARZO
170102,MADRE DE DIOS,TAMBOPATA,INAMBARI,PRIMAVERA ALTA
170301,MADRE DE DIOS,TAHUAMANU,IÏ¿½APARI,VILLA PRIMAVERA
170201,MADRE DE DIOS,MANU,MANU,MANSILLA I
170103,MADRE DE DIOS,TAMBOPATA,LAS PIEDRAS,CAFETAL
170202,MADRE DE DIOS,MANU,FITZCARRALD,BARRACA
170103,MADRE DE DIOS,TAMBOPATA,LAS PIEDRAS,BOCA PARIAMANU
170202,MADRE DE DIOS,MANU,FITZCARRALD,DIAMANTE
190306,PASCO,OXAPAMPA,PUERTO BERMUDEZ,KIMPIRARI
100905,HUANUCO,PUERTO INCA,YUYAPICHIS,MCAMANTARMA
190305,PASCO,OXAPAMPA,POZUZO,VICTORIA
100905,HUANUCO,PUERTO INCA,YUYAPICHIS,SAN JORGE
190305,PASCO,OXAPAMPA,POZUZO,ALTO HUIPUS
190306,PASCO,OXAPAMPA,PUERTO BERMUDEZ,FLOR DE IRIARTE
190306,PASCO,OXAPAMPA,PUERTO BERMUDEZ,MATIRISHARI
190307,PASCO,OXAPAMPA,VILLA RICA,ALTO ENTAZ
190304,PASCO,OXAPAMPA,PALCAZU,NUEVA ESPERANZA
120304,JUNIN,CHANCHAMAYO,SAN LUIS DE SHUARO,PAMPA HERMOSA
190304,PASCO,OXAPAMPA,PALCAZU,PUERTO MAIRO
190304,PASCO,OXAPAMPA,PALCAZU,CONVENTO DE PALCAZU
190306,PASCO,OXAPAMPA,PUERTO BERMUDEZ,ALDEA NATIVA ALTO CHIVIS
190304,PASCO,OXAPAMPA,PALCAZU,ALDEA NATIVA VILLA AMERIC
190304,PASCO,OXAPAMPA,PALCAZU,ALDEA NATIVA PUERTO LAGUN
190306,PASCO,OXAPAMPA,PUERTO BERMUDEZ,ALDEA NATIVA UNION SIRIA
190306,PASCO,OXAPAMPA,PUERTO BERMUDEZ,CHINCHIHUAQUI
190306,PASCO,OXAPAMPA,PUERTO BERMUDEZ,ALDEA NATIVA PLAYA PAMPA
190306,PASCO,OXAPAMPA,PUERTO BERMUDEZ,ALDEA NATIVA AMANBAY
190306,PASCO,OXAPAMPA,PUERTO BERMUDEZ,ALDEA NATIVA KIMPIRARI
190305,PASCO,OXAPAMPA,POZUZO,SESSO
190306,PASCO,OXAPAMPA,PUERTO BERMUDEZ,LA RAMPA
190305,PASCO,OXAPAMPA,POZUZO,SANTA ROSA
190304,PASCO,OXAPAMPA,PALCAZU,ALDEA NATIVA SANTA ROSA D
190302,PASCO,OXAPAMPA,CHONTABAMBA,SAN ANTONIO DE PUCUY
190304,PASCO,OXAPAMPA,PALCAZU,FLOR DE UN DIA
220510,SAN MARTIN,LAMAS,TABALOSOS,PANJUI
220505,SAN MARTIN,LAMAS,CUÏ¿½UMBUQUI,CUÏ¿½UMBUQUE
220504,SAN MARTIN,LAMAS,CAYNARACHI,SANTA ROSA DE TIOYACU
220503,SAN MARTIN,LAMAS,BARRANQUITA,SANTA CLARA
220904,SAN MARTIN,SAN MARTIN,CHAZUTA,RAMON CASTILLA CHAZUTA
220906,SAN MARTIN,SAN MARTIN,EL PORVENIR,PAMPLONA
220904,SAN MARTIN,SAN MARTIN,CHAZUTA,RAMON CASTILLA
220803,SAN MARTIN,RIOJA,ELIAS SOPLIN VARGAS,SEGUNDA JERUSALEN
220701,SAN MARTIN,PICOTA,PICOTA,NUEVO CHAMCHAMAYO
221003,SAN MARTIN,TOCACHE,POLVORA,CHALLUAYACU
221001,SAN MARTIN,TOCACHE,TOCACHE,BALSA PROBANA
221002,SAN MARTIN,TOCACHE,NUEVO PROGRESO,LA UNION
220705,SAN MARTIN,PICOTA,PUCACACA,NUEVO CODO
221003,SAN MARTIN,TOCACHE,POLVORA,NUEVO SAN MARTIN
221003,SAN MARTIN,TOCACHE,POLVORA,PUERTO PISANA
220102,SAN MARTIN,MOYOBAMBA,CALZADA,BAJO TANGUMI
220304,SAN MARTIN,EL DORADO,SANTA ROSA,NUEVO SANTA ROSA
221003,SAN MARTIN,TOCACHE,POLVORA,BELLO ORIENTE
221005,SAN MARTIN,TOCACHE,UCHIZA,NUEVA LIBERTAD
220511,SAN MARTIN,LAMAS,ZAPATERO,SHABANA
220911,SAN MARTIN,SAN MARTIN,PAPAPLAYA,PAPA PLAYA
221001,SAN MARTIN,TOCACHE,TOCACHE,CENTRO POBLADO LIMON (LIM
220105,SAN MARTIN,MOYOBAMBA,SORITOR,SANTA ROSA
220104,SAN MARTIN,MOYOBAMBA,JEPELACIO,LAHUARPIA
220709,SAN MARTIN,PICOTA,TINGO DE PONASA,AYPENA
220710,SAN MARTIN,PICOTA,TRES UNIDOS,MIJARILLO
220801,SAN MARTIN,RIOJA,RIOJA,NUEVA SALABAMBA
221001,SAN MARTIN,TOCACHE,TOCACHE,LA CHORRERA
220401,SAN MARTIN,HUALLAGA,SAPOSOA,SANTA ROSA
221002,SAN MARTIN,TOCACHE,NUEVO PROGRESO,CERRO VERDE
221005,SAN MARTIN,TOCACHE,UCHIZA,SAN JOSE KM 2
220801,SAN MARTIN,RIOJA,RIOJA,LA LIBERTAD
220510,SAN MARTIN,LAMAS,TABALOSOS,SAN MIGUEL DE MAYO
220511,SAN MARTIN,LAMAS,ZAPATERO,ANCHORARCA
220807,SAN MARTIN,RIOJA,SAN FERNANDO,VILLAFLORIDA
220104,SAN MARTIN,MOYOBAMBA,JEPELACIO,SAN MIGUEL
220709,SAN MARTIN,PICOTA,TINGO DE PONASA,PORVENIR
221001,SAN MARTIN,TOCACHE,TOCACHE,SAN AGUSTIN DE HUAQUISHA
220401,SAN MARTIN,HUALLAGA,SAPOSOA,GRAMALOTE
220803,SAN MARTIN,RIOJA,ELIAS SOPLIN VARGAS,SEGUNDA JERUSALEN AZUNGUI
220511,SAN MARTIN,LAMAS,ZAPATERO,LA ESPERANZA
220104,SAN MARTIN,MOYOBAMBA,JEPELACIO,RAMIREZ
220301,SAN MARTIN,EL DORADO,SAN JOSE DE SISA,INTEGRACION
220605,SAN MARTIN,MARISCAL CACERES,PAJARILLO,CAPIRONA
221001,SAN MARTIN,TOCACHE,TOCACHE,EL AGUAJAL
220710,SAN MARTIN,PICOTA,TRES UNIDOS,SAPOTILLO
221005,SAN MARTIN,TOCACHE,UCHIZA,SANTA ROSA DE SHAPAJA
221003,SAN MARTIN,TOCACHE,POLVORA,PRIMAVERA
220101,SAN MARTIN,MOYOBAMBA,MOYOBAMBA,NUEVA MOYOBAMBA
220101,SAN MARTIN,MOYOBAMBA,MOYOBAMBA,SAN PEDRO
221005,SAN MARTIN,TOCACHE,UCHIZA,PUEBLO LIBRE
221003,SAN MARTIN,TOCACHE,POLVORA,NUEVO BAMBAMARCA
220505,SAN MARTIN,LAMAS,CUÏ¿½UMBUQUI,SAN CRISTOBAL DE UPAQUI
220105,SAN MARTIN,MOYOBAMBA,SORITOR,NUEVO HORIZONTE
220101,SAN MARTIN,MOYOBAMBA,MOYOBAMBA,CAÏ¿½ABRAVA
220203,SAN MARTIN,BELLAVISTA,BAJO BIAVO,NUEVO TARAPOTO
220101,SAN MARTIN,MOYOBAMBA,MOYOBAMBA,RAFAEL BELAUNDE
220701,SAN MARTIN,PICOTA,PICOTA,SAMUDIO
220504,SAN MARTIN,LAMAS,CAYNARACHI,SARGENTO LORES
220909,SAN MARTIN,SAN MARTIN,LA BANDA DE SHILCAYO,3 DE OCTUBRE
221003,SAN MARTIN,TOCACHE,POLVORA,PORVENIR DE MISHOLLO
220105,SAN MARTIN,MOYOBAMBA,SORITOR,NUEVA ESPERANZA
220101,SAN MARTIN,MOYOBAMBA,MOYOBAMBA,PUEBLO LIBRE
220503,SAN MARTIN,LAMAS,BARRANQUITA,SANTA ROSA DE CACHIZAPA
220301,SAN MARTIN,EL DORADO,SAN JOSE DE SISA,MIRAFLORES
220505,SAN MARTIN,LAMAS,CUÏ¿½UMBUQUI,CUÏ¿½UMBUQUI
220101,SAN MARTIN,MOYOBAMBA,MOYOBAMBA,HATUMPLAYA
220803,SAN MARTIN,RIOJA,ELIAS SOPLIN VARGAS,ELIAS SOPLIN VARGAS
221005,SAN MARTIN,TOCACHE,UCHIZA,NUEVO PORTUGAL
221003,SAN MARTIN,TOCACHE,POLVORA,SAN JUAN DE CAÏ¿½UTILLO (CU
220303,SAN MARTIN,EL DORADO,SAN MARTIN,CASHNAHUASI
220203,SAN MARTIN,BELLAVISTA,BAJO BIAVO,YANAYACU
220705,SAN MARTIN,PICOTA,PUCACACA,CHINCHA ALTA
220802,SAN MARTIN,RIOJA,AWAJUN,SAN CARLOS
220707,SAN MARTIN,PICOTA,SAN HILARION,SAN LUIS
220101,SAN MARTIN,MOYOBAMBA,MOYOBAMBA,SUGLLAQUIRO
220102,SAN MARTIN,MOYOBAMBA,CALZADA,CALZADA
221001,SAN MARTIN,TOCACHE,TOCACHE,JOSE CARLOS MARIATEGUI
220511,SAN MARTIN,LAMAS,ZAPATERO,VISTOSO GRANDE
220101,SAN MARTIN,MOYOBAMBA,MOYOBAMBA,MARONA
221001,SAN MARTIN,TOCACHE,TOCACHE,CARRICILLO
220801,SAN MARTIN,RIOJA,RIOJA,LAS DELICIAS
220101,SAN MARTIN,MOYOBAMBA,MOYOBAMBA,LA FLOR DE LA PRIMAVERA
220701,SAN MARTIN,PICOTA,PICOTA,NUEVO CELENDIN
220501,SAN MARTIN,LAMAS,LAMAS,COCHAPATA
220905,SAN MARTIN,SAN MARTIN,CHIPURANA,TIPISHCA
220105,SAN MARTIN,MOYOBAMBA,SORITOR,EL LUCERO
220303,SAN MARTIN,EL DORADO,SAN MARTIN,EL PORVENIR
220305,SAN MARTIN,EL DORADO,SHATOJA,PONCIANO
220503,SAN MARTIN,LAMAS,BARRANQUITA,VISTA ALEGRE
221005,SAN MARTIN,TOCACHE,UCHIZA,RAMAL DE CACHIYACU
220912,SAN MARTIN,SAN MARTIN,SAN ANTONIO,SAN ROQUE
220104,SAN MARTIN,MOYOBAMBA,JEPELACIO,SAN MATEO
220702,SAN MARTIN,PICOTA,BUENOS AIRES,SAN ANTONIO DE PAUJILZAPA
220904,SAN MARTIN,SAN MARTIN,CHAZUTA,AGUANOMUYUNA
220913,SAN MARTIN,SAN MARTIN,SAUCE,ALTO SAUCE
220913,SAN MARTIN,SAN MARTIN,SAUCE,SUCE
220801,SAN MARTIN,RIOJA,RIOJA,TAMBO
220802,SAN MARTIN,RIOJA,AWAJUN,AWAJUN
221003,SAN MARTIN,TOCACHE,POLVORA,CHALLHUAYACU
220503,SAN MARTIN,LAMAS,BARRANQUITA,SANANGO
220701,SAN MARTIN,PICOTA,PICOTA,SANTA FE
240101,TUMBES,TUMBES,TUMBES,PACIFICO
250303,UCAYALI,PADRE ABAD,CURIMANA,NUEVA BELLAVISTA
100903,HUANUCO,PUERTO INCA,HONORIA,NUEVA ESPERANZA
250301,UCAYALI,PADRE ABAD,PADRE ABAD,CC.NN. MEBANANU
250301,UCAYALI,PADRE ABAD,PADRE ABAD,CC.NN. NUEVA DELICIA
250301,UCAYALI,PADRE ABAD,PADRE ABAD,CAS. MICAELA BASTIDAS
100904,HUANUCO,PUERTO INCA,TOURNAVISTA,PUEBLO NUEVO
250201,UCAYALI,ATALAYA,RAIMONDI,SIONI
250103,UCAYALI,CORONEL PORTILLO,IPARIA,CURIACO DEL CACO
250101,UCAYALI,CORONEL PORTILLO,CALLERIA,STA ISABEL DE BAHUANISHO
250104,UCAYALI,CORONEL PORTILLO,MASISEA,STA. ROSA DE DINAMARCA
250104,UCAYALI,CORONEL PORTILLO,MASISEA,1 DE MARZO
250104,UCAYALI,CORONEL PORTILLO,MASISEA,INAMAPUYA
250303,UCAYALI,PADRE ABAD,CURIMANA,NUEVA JERUSALEN
250201,UCAYALI,ATALAYA,RAIMONDI,PANDISHARI
250201,UCAYALI,ATALAYA,RAIMONDI,EL YUCAL
250203,UCAYALI,ATALAYA,TAHUANIA,PUNTIJAO
250203,UCAYALI,ATALAYA,TAHUANIA,QUEBRADA CHAUBIRAL
250303,UCAYALI,PADRE ABAD,CURIMANA,VILLA MERCEDES
100903,HUANUCO,PUERTO INCA,HONORIA,SAN MIGUEL DE SEMUYA
250201,UCAYALI,ATALAYA,RAIMONDI,INUYA
250102,UCAYALI,CORONEL PORTILLO,CAMPOVERDE,CAS.9 DE FEBRERO INT 9KM
250101,UCAYALI,CORONEL PORTILLO,CALLERIA,CAS. MIRAFLORES
250104,UCAYALI,CORONEL PORTILLO,MASISEA,RICARDO PALMA
250102,UCAYALI,CORONEL PORTILLO,CAMPOVERDE,SHIHUAHAUCO
250105,UCAYALI,CORONEL PORTILLO,YARINACOCHA,NUEVA ESPERANZA
250201,UCAYALI,ATALAYA,RAIMONDI,PUERTO MANGUALITO
250201,UCAYALI,ATALAYA,RAIMONDI,NUEVO POZO
250101,UCAYALI,CORONEL PORTILLO,CALLERIA,LOS ANGELES
250302,UCAYALI,PADRE ABAD,IRAZOLA,CASERIO PALOMETA
250301,UCAYALI,PADRE ABAD,PADRE ABAD,CENTRO YURAC
250301,UCAYALI,PADRE ABAD,PADRE ABAD,SAPOYACU
250301,UCAYALI,PADRE ABAD,PADRE ABAD,CAS. 10 DE MAYO
250301,UCAYALI,PADRE ABAD,PADRE ABAD,CAS. YAMINO
250101,UCAYALI,CORONEL PORTILLO,CALLERIA,CASERIO SAN FRANCISCO
250301,UCAYALI,PADRE ABAD,PADRE ABAD,CAS. PTO AZUL
250104,UCAYALI,CORONEL PORTILLO,MASISEA,UNION
250301,UCAYALI,PADRE ABAD,PADRE ABAD,CAS. NUEVA UNION
250201,UCAYALI,ATALAYA,RAIMONDI,RAYA
250104,UCAYALI,CORONEL PORTILLO,MASISEA,AGUAS BLANCAS
250303,UCAYALI,PADRE ABAD,CURIMANA,16 DE NOVIEMBRE
250201,UCAYALI,ATALAYA,RAIMONDI,PONCHONI
250102,UCAYALI,CORONEL PORTILLO,CAMPOVERDE,SAN JOSE
250101,UCAYALI,CORONEL PORTILLO,CALLERIA,SAN ANTONIO VIEJO
250105,UCAYALI,CORONEL PORTILLO,YARINACOCHA,NUEVA ESPERANZA DE PANAIL
250302,UCAYALI,PADRE ABAD,IRAZOLA,LA UNION
250101,UCAYALI,CORONEL PORTILLO,CALLERIA,TUPAC AMARU
250103,UCAYALI,CORONEL PORTILLO,IPARIA,CUNCHURI
250101,UCAYALI,CORONEL PORTILLO,CALLERIA,NUEVO ORIENTE DE CHANAJAO
250201,UCAYALI,ATALAYA,RAIMONDI,UNINE
250102,UCAYALI,CORONEL PORTILLO,CAMPOVERDE,PORVENIR
250101,UCAYALI,CORONEL PORTILLO,CALLERIA,ALFONSO UGARTE
250104,UCAYALI,CORONEL PORTILLO,MASISEA,SANTA ROSITA DEL ABUJAO
250102,UCAYALI,CORONEL PORTILLO,CAMPOVERDE,SEÏ¿½OR DE LOS MILAGROS
250105,UCAYALI,CORONEL PORTILLO,YARINACOCHA,CASHIBO COCHA
100904,HUANUCO,PUERTO INCA,TOURNAVISTA,LOS ANGELES
100904,HUANUCO,PUERTO INCA,TOURNAVISTA,ANA ANTONIO
100903,HUANUCO,PUERTO INCA,HONORIA,CAS PARGUYTA
250301,UCAYALI,PADRE ABAD,PADRE ABAD,CAS. TUPAC AMARU
250101,UCAYALI,CORONEL PORTILLO,CALLERIA,SANTO DOMINGO DE MASHANGA
250302,UCAYALI,PADRE ABAD,IRAZOLA,SANTA CRUZ
250101,UCAYALI,CORONEL PORTILLO,CALLERIA,SANTA CARMELA DE MASHANGA
250203,UCAYALI,ATALAYA,TAHUANIA,BOLOGNESI BAJO
250101,UCAYALI,CORONEL PORTILLO,CALLERIA,PUERTO CALLAO
250302,UCAYALI,PADRE ABAD,IRAZOLA,MANCO CAPAC
250104,UCAYALI,CORONEL PORTILLO,MASISEA,SANTA ELISA
250302,UCAYALI,PADRE ABAD,IRAZOLA,VISTA ALEGRE DE CHIA
250201,UCAYALI,ATALAYA,RAIMONDI,UNINI
250301,UCAYALI,PADRE ABAD,PADRE ABAD,JJ.VV. PAMPA YURAC
200114,PIURA,PIURA,TAMBO GRANDE,HUALTACO I
200104,PIURA,PIURA,CASTILLA,CHAPAIRA
200401,PIURA,MORROPON,CHULUCANAS,SANTA TERESITA
200404,PIURA,MORROPON,LA MATANZA,LAS VILLEGAS (NORIA LA VI
200401,PIURA,MORROPON,CHULUCANAS,KM. 48 O SANTA CRUZ
200404,PIURA,MORROPON,LA MATANZA,TIERRAS DURAS ALTAS
200404,PIURA,MORROPON,LA MATANZA,LAYNES
200401,PIURA,MORROPON,CHULUCANAS,CRUZ PAMPA YAPATERA
200109,PIURA,PIURA,LA ARENA,ALTO DE LA CRUZ
200110,PIURA,PIURA,LA UNION,TABLAZO NORTE (TABLAZO)
200404,PIURA,MORROPON,LA MATANZA,YECALA
010702,AMAZONAS,UTCUBAMBA,CAJARURO,NOGAL
010401,AMAZONAS,CONDORCANQUI,NIEVA,YANTAMA ENTSA
010401,AMAZONAS,CONDORCANQUI,NIEVA,AJACHIN
010402,AMAZONAS,CONDORCANQUI,EL CENEPA,WAEAIM
010202,AMAZONAS,BAGUA,ARAMANGO,EL MUYO
010401,AMAZONAS,CONDORCANQUI,NIEVA,P. S NAPURUKA
010401,AMAZONAS,CONDORCANQUI,NIEVA,PUTUYAKAT
010401,AMAZONAS,CONDORCANQUI,NIEVA,DEKUNTUI
010401,AMAZONAS,CONDORCANQUI,NIEVA,JUAN VELASCO A.
010403,AMAZONAS,CONDORCANQUI,RIO SANTIAGO,SANTIAGO
010403,AMAZONAS,CONDORCANQUI,RIO SANTIAGO,ACHUIN
010205,AMAZONAS,BAGUA,IMAZA,JERUSALEN
010401,AMAZONAS,CONDORCANQUI,NIEVA,QDA. JAPAIME
010701,AMAZONAS,UTCUBAMBA,BAGUA GRANDE,LA UNION
010401,AMAZONAS,CONDORCANQUI,NIEVA,JOSE OLAYA
010201,AMAZONAS,BAGUA,BAGUA,EL PARCO
010403,AMAZONAS,CONDORCANQUI,RIO SANTIAGO,KAMIENTSA
010704,AMAZONAS,UTCUBAMBA,EL MILAGRO,SIEMPRE VIVA
010205,AMAZONAS,BAGUA,IMAZA,BICHANAK
010205,AMAZONAS,BAGUA,IMAZA,LISTRA
010205,AMAZONAS,BAGUA,IMAZA,KUZU
010401,AMAZONAS,CONDORCANQUI,NIEVA,ALTO PUPUNTAS
010402,AMAZONAS,CONDORCANQUI,EL CENEPA,SUWA
010103,AMAZONAS,CHACHAPOYAS,BALSAS,GOLLON
010205,AMAZONAS,BAGUA,IMAZA,CENTRO DE WAWIK
010205,AMAZONAS,BAGUA,IMAZA,TUPAC AMARU I
010702,AMAZONAS,UTCUBAMBA,CAJARURO,EL RON
010205,AMAZONAS,BAGUA,IMAZA,TEMASHNUM
010201,AMAZONAS,BAGUA,BAGUA,ACHAHUAY BAJO
010703,AMAZONAS,UTCUBAMBA,CUMBA,VISTA ALEGRE
010403,AMAZONAS,CONDORCANQUI,RIO SANTIAGO,AINTAN
010602,AMAZONAS,RODRIGUEZ DE MENDOZA,CHIRIMOTO,CHIRIMOTO
010608,AMAZONAS,RODRIGUEZ DE MENDOZA,MILPUCC,MILPUC
010401,AMAZONAS,CONDORCANQUI,NIEVA,SAASA
010403,AMAZONAS,CONDORCANQUI,RIO SANTIAGO,KAMI ENTSA
010205,AMAZONAS,BAGUA,IMAZA,YAMAYAKAT
010403,AMAZONAS,CONDORCANQUI,RIO SANTIAGO,CHIRINGA
010205,AMAZONAS,BAGUA,IMAZA,INAYO
060906,CAJAMARCA,SAN IGNACIO,SAN JOSE DE LOURDES,DIAMANTE
060804,CAJAMARCA,JAEN,COLASAY,COLASAY
060801,CAJAMARCA,JAEN,JAEN,JAEN CENTRO
060808,CAJAMARCA,JAEN,PUCARA,LISHINAS
060811,CAJAMARCA,JAEN,SAN JOSE DEL ALTO,COCHALAN
060806,CAJAMARCA,JAEN,LAS PIRIAS,TUMBILLAN
060801,CAJAMARCA,JAEN,JAEN,TABACAL
060811,CAJAMARCA,JAEN,SAN JOSE DEL ALTO,VALLE LA PRIMAVERA
060902,CAJAMARCA,SAN IGNACIO,CHIRINOS,SAN MIGUEL DE LOS HUARANG
060607,CAJAMARCA,CUTERVO,QUEROCOTILLO,CHAUPE
060603,CAJAMARCA,CUTERVO,CHOROS,CHOROS
060802,CAJAMARCA,JAEN,BELLAVISTA,SANTA CRUZ II
060807,CAJAMARCA,JAEN,POMAHUACA,SAN ANTONIO
060906,CAJAMARCA,SAN IGNACIO,SAN JOSE DE LOURDES,FRONTERA SAN FRANCISCO
060807,CAJAMARCA,JAEN,POMAHUACA,LAS JUNTAS
140202,LAMBAYEQUE,FERREÏ¿½AFE,CAÏ¿½ARIS,MOYEPAMPA
060903,CAJAMARCA,SAN IGNACIO,HUARANGO,ZAPOTAL
060801,CAJAMARCA,JAEN,JAEN,CHAMBAMONTERA
060902,CAJAMARCA,SAN IGNACIO,CHIRINOS,EL HIGUERON
060807,CAJAMARCA,JAEN,POMAHUACA,CALABOZO
060903,CAJAMARCA,SAN IGNACIO,HUARANGO,PUERTO CIRUELO
060905,CAJAMARCA,SAN IGNACIO,NAMBALLE,NEGRITOS
060807,CAJAMARCA,JAEN,POMAHUACA,NARANJITOS
060805,CAJAMARCA,JAEN,HUABAL,SANTO DOMINGO DE GUZMAN
150109,LIMA,LIMA,CIENEGUILLA,TAMBO VIEJO
150717,LIMA,HUAROCHIRI,SAN BARTOLOME,LA MERCED DE CHAUTE (CHAU
150203,LIMA,BARRANCA,PATIVILCA,HUAYTO
150203,LIMA,BARRANCA,PATIVILCA,PATIVILCA
150201,LIMA,BARRANCA,BARRANCA,ARAYA GRANDE
150812,LIMA,HUAURA,VEGUETA,M.MUNDO   CAMAY
021706,ANCASH,RECUAY,MARCA,MARCA
021405,ANCASH,OCROS,COCHAS,ALPAS
021708,ANCASH,RECUAY,PARARIN,PARARIN
150802,LIMA,HUAURA,AMBAR,AYNACA
150203,LIMA,BARRANCA,PATIVILCA,EL MILAGRO
150202,LIMA,BARRANCA,PARAMONGA,HOYA CHICO
150204,LIMA,BARRANCA,SUPE,SANTA ELENA
151003,LIMA,YAUYOS,ALLAUCA,CALACHOTA
150802,LIMA,HUAURA,AMBAR,AMBAR
150201,LIMA,BARRANCA,BARRANCA,LIMONCILLO
150203,LIMA,BARRANCA,PATIVILCA,SAN MIGUEL DE OTOPONGO
150809,LIMA,HUAURA,SANTA LEONOR,CHIUCHIN
150201,LIMA,BARRANCA,BARRANCA,BUENA VISTA
150202,LIMA,BARRANCA,PARAMONGA,LAMPAY
150204,LIMA,BARRANCA,SUPE,PURMACANA
150511,LIMA,CAÏ¿½ETE,PACARAN,PACARAN
150204,LIMA,BARRANCA,SUPE,LAS MINAS
151006,LIMA,YAUYOS,CACRA,VILLAFRANCA
151032,LIMA,YAUYOS,VIÏ¿½AC,LLANGAS TAMBO
150201,LIMA,BARRANCA,BARRANCA,LA HOYADA (LOS ANITOS)
150301,LIMA,CAJATAMBO,CAJATAMBO,ASTOBAMBA
150806,LIMA,HUAURA,HUAURA,HUMAYA   EL TRIUNFO
150201,LIMA,BARRANCA,BARRANCA,CHIU CHIU
060611,CAJAMARCA,CUTERVO,SANTA CRUZ,CHURUMAYO
060602,CAJAMARCA,CUTERVO,CALLAYUC,LA CONGA (TUNAS)
060602,CAJAMARCA,CUTERVO,CALLAYUC,LAS JUNTAS
060607,CAJAMARCA,CUTERVO,QUEROCOTILLO,LIMON
060607,CAJAMARCA,CUTERVO,QUEROCOTILLO,CALUCAN
021701,ANCASH,RECUAY,RECUAY,RECUAY
080909,CUSCO,LA CONVENCION,VILCABAMBA,COSHIRENI
081203,CUSCO,QUISPICANCHI,CAMANTI,SANTA ISIDORA
080902,CUSCO,LA CONVENCION,ECHARATE,VIRACOCHASI
080902,CUSCO,LA CONVENCION,ECHARATE,BAJO KORIMANI
080902,CUSCO,LA CONVENCION,ECHARATE,PIEDRA PINTADA
080906,CUSCO,LA CONVENCION,QUELLOUNO,ANCHIHUAY ALTO
080903,CUSCO,LA CONVENCION,HUAYOPATA,PEDREGAL
080903,CUSCO,LA CONVENCION,HUAYOPATA,SANTA ROSA
080902,CUSCO,LA CONVENCION,ECHARATE,PAKICHARI
080903,CUSCO,LA CONVENCION,HUAYOPATA,YANAYACU CHICO
080902,CUSCO,LA CONVENCION,ECHARATE,PALOMANI
080902,CUSCO,LA CONVENCION,ECHARATE,MASOQUIATO
080902,CUSCO,LA CONVENCION,ECHARATE,CENSA
080902,CUSCO,LA CONVENCION,ECHARATE,OCHIGOTENI
080902,CUSCO,LA CONVENCION,ECHARATE,SAN AGUSTIN
080906,CUSCO,LA CONVENCION,QUELLOUNO,JAVITENI
080906,CUSCO,LA CONVENCION,QUELLOUNO,CHAPO BOYERO
080905,CUSCO,LA CONVENCION,OCOBAMBA,TABLAHUASI
080906,CUSCO,LA CONVENCION,QUELLOUNO,TUPAC AMARU
100605,HUANUCO,LEONCIO PRADO,LUYANDO,JOSE CARLOS MARIATEGUI
100601,HUANUCO,LEONCIO PRADO,RUPA-RUPA,GERVACIO SANTILLANA
100601,HUANUCO,LEONCIO PRADO,RUPA-RUPA,CHONTAYACU
100602,HUANUCO,LEONCIO PRADO,DANIEL ALOMIA ROBLES,HUAYHUANTE
100904,HUANUCO,PUERTO INCA,TOURNAVISTA,SAN JUAN DE MACUYA ALTO
100601,HUANUCO,LEONCIO PRADO,RUPA-RUPA,JULIO CESAR TELLO
100902,HUANUCO,PUERTO INCA,CODO DEL POZUZO,ALTO CAMANTARMA
100604,HUANUCO,LEONCIO PRADO,JOSE CRESPO Y CASTILLO,EL ARABE
221002,SAN MARTIN,TOCACHE,NUEVO PROGRESO,MADREMIA
100602,HUANUCO,LEONCIO PRADO,DANIEL ALOMIA ROBLES,LA COLORADA
100702,HUANUCO,MARAÏ¿½ON,CHOLON,SECTOR PLAYA
100507,HUANUCO,HUAMALIES,MONZON,ALMENDRA
100604,HUANUCO,LEONCIO PRADO,JOSE CRESPO Y CASTILLO,LA COLPA
100901,HUANUCO,PUERTO INCA,PUERTO INCA,CC.NN. SANTA TERESA (SANTA TERESA)
100903,HUANUCO,PUERTO INCA,HONORIA,NUEVO AMANECER
100606,HUANUCO,LEONCIO PRADO,MARIANO DAMASO BERAUN,SAN ANTONIO
100602,HUANUCO,LEONCIO PRADO,DANIEL ALOMIA ROBLES,PENDENCIA ALTA
100901,HUANUCO,PUERTO INCA,PUERTO INCA,QUIMPICHARI
100902,HUANUCO,PUERTO INCA,CODO DEL POZUZO,LA HUANCA
100905,HUANUCO,PUERTO INCA,YUYAPICHIS,SAN JUAN DE PACHITEA
100904,HUANUCO,PUERTO INCA,TOURNAVISTA,MONTE HOREB (TAHUADILLO)
250301,UCAYALI,PADRE ABAD,PADRE ABAD,DIVISORIA
100601,HUANUCO,LEONCIO PRADO,RUPA-RUPA,TUPAC YUPANQUI
100902,HUANUCO,PUERTO INCA,CODO DEL POZUZO,AGUA BLANCA
100902,HUANUCO,PUERTO INCA,CODO DEL POZUZO,LA UNION
100603,HUANUCO,LEONCIO PRADO,HERMILIO VALDIZAN,SAN AGUSTIN
100904,HUANUCO,PUERTO INCA,TOURNAVISTA,SEGUNDO LOTE LOS ANGELES DERECHA
100902,HUANUCO,PUERTO INCA,CODO DEL POZUZO,CC.NN. SANTA MARTHA (SANTA MARTA)
100902,HUANUCO,PUERTO INCA,CODO DEL POZUZO,SANTA TERESA DE HUITO
100901,HUANUCO,PUERTO INCA,PUERTO INCA,SAN PABLO DE SINAI
100702,HUANUCO,MARAÏ¿½ON,CHOLON,ZONA B
110503,ICA,PISCO,HUMAY,HUMAY
110109,ICA,ICA,SAN JOSE DE LOS MOLINOS,SAN JOSE DE LOS MOLINOS
120606,JUNIN,SATIPO,PANGOA,SAN LUIS
120605,JUNIN,SATIPO,PAMPA HERMOSA,PACASUMAYO
120603,JUNIN,SATIPO,LLAYLLA,CHAMAYRO
120607,JUNIN,SATIPO,RIO NEGRO,SHINCHIJAROQUI
120303,JUNIN,CHANCHAMAYO,PICHANAQUI,CONDADO PICHIQUIARI (PICHIQUIARI)
120303,JUNIN,CHANCHAMAYO,PICHANAQUI,PUENTE IPOQUI
120302,JUNIN,CHANCHAMAYO,PERENE,SANTA ROSA RIO AMARRILLO
120302,JUNIN,CHANCHAMAYO,PERENE,ALTO VISTA ALEGRE
120606,JUNIN,SATIPO,PANGOA,SAN CRISTOBAL
120606,JUNIN,SATIPO,PANGOA,SANTA ROSA DE ALTO KIATARI
120302,JUNIN,CHANCHAMAYO,PERENE,CENTRO ALADINO
120608,JUNIN,SATIPO,RIO TAMBO,SANTA ROSITA DE SHIRINTIARI
120606,JUNIN,SATIPO,PANGOA,CIUDAD DE DIOS
120606,JUNIN,SATIPO,PANGOA,CAIPIRUSHARI
120302,JUNIN,CHANCHAMAYO,PERENE,PUEBLO LIBRE BAJO UBIRIKE (PUEBLO LIBRE)
120303,JUNIN,CHANCHAMAYO,PICHANAQUI,LA ESMERALDA
120608,JUNIN,SATIPO,RIO TAMBO,PUERTO CHATA
120303,JUNIN,CHANCHAMAYO,PICHANAQUI,EL MILAGRO
120303,JUNIN,CHANCHAMAYO,PICHANAQUI,SANTO DOMINGO DE HUACHIRIKI
120303,JUNIN,CHANCHAMAYO,PICHANAQUI,CRISTO REY
120303,JUNIN,CHANCHAMAYO,PICHANAQUI,BAJO AGUA DULCE
120302,JUNIN,CHANCHAMAYO,PERENE,SANTA ROSA DE CAMONASHARI (CAMONASHARI)
120304,JUNIN,CHANCHAMAYO,SAN LUIS DE SHUARO,LA UNION PALOMAR
120606,JUNIN,SATIPO,PANGOA,JERUSALEN DE MEÑARO
120305,JUNIN,CHANCHAMAYO,SAN RAMON,EVITA
120607,JUNIN,SATIPO,RIO NEGRO,CERRO VERDE
120608,JUNIN,SATIPO,RIO TAMBO,PAUTI
120303,JUNIN,CHANCHAMAYO,PICHANAQUI,CERRO PICAFLOR ORITO BAJO
120608,JUNIN,SATIPO,RIO TAMBO,PIRIARI
120302,JUNIN,CHANCHAMAYO,PERENE,BAJO ALDEA
120302,JUNIN,CHANCHAMAYO,PERENE,BAYOS
120303,JUNIN,CHANCHAMAYO,PICHANAQUI,SANTO DOMINGO DE KOKARI
130207,LA LIBERTAD,ASCOPE,SANTIAGO DE CAO,CHIQUITOY
060501,CAJAMARCA,CONTUMAZA,CONTUMAZA,EL GUAYO
060507,CAJAMARCA,CONTUMAZA,TANTARICA,CHOLOL ALTO
061110,CAJAMARCA,SAN MIGUEL,SAN GREGORIO,MIRADORCITO
130701,LA LIBERTAD,PACASMAYO,SAN PEDRO DE LLOC,SAN DEMETRIO
131102,LA LIBERTAD,GRAN CHIMU,LUCMA,AGUA AGRIA
130703,LA LIBERTAD,PACASMAYO,JEQUETEPEQUE,HUASCAR (EL HUASCAR)
131201,LA LIBERTAD,VIRU,VIRU,EL NIÑO
130205,LA LIBERTAD,ASCOPE,PAIJAN,NUEVA ARENITA
130401,LA LIBERTAD,CHEPEN,CHEPEN,MARISCAL LA MAR
130108,LA LIBERTAD,TRUJILLO,POROTO,CAMPO DE PIURA
130601,LA LIBERTAD,OTUZCO,OTUZCO,SAMNE
130811,LA LIBERTAD,PATAZ,SANTIAGO DE CHALLAS,TUCTOHUAYUNGA (PARIA)
131201,LA LIBERTAD,VIRU,VIRU,CHANQUIN BAJO
140304,LAMBAYEQUE,LAMBAYEQUE,JAYANCA,EL MARCO
140204,LAMBAYEQUE,FERREÏ¿½AFE,MANUEL ANTONIO MESONES MURO,LA PARED
140107,LAMBAYEQUE,CHICLAYO,LAGUNAS,MOCUPE
140312,LAMBAYEQUE,LAMBAYEQUE,TUCUME,GRANJA SASAPE (GRANJA MILITAR SASAPE)
200201,PIURA,AYABACA,AYABACA,EL SAUCE
140308,LAMBAYEQUE,LAMBAYEQUE,OLMOS,QUERPON
060409,CAJAMARCA,CHOTA,HUAMBOS,CHONTABAMBA
160105,LORETO,MAYNAS,LAS AMAZONAS,SANTA ROSA DE OROZA
160402,LORETO,MARISCAL RAMON CASTILLA,PEBAS,SAN JUAN DE OROSA
160402,LORETO,MARISCAL RAMON CASTILLA,PEBAS,NUEVO NAZARETH
160102,LORETO,MAYNAS,ALTO NANAY,SAN JUAN DE RAYA
160202,LORETO,ALTO AMAZONAS,BALSAPUERTO,REINO UNIDO
160206,LORETO,ALTO AMAZONAS,LAGUNAS,NUEVA CORINA
160604,LORETO,UCAYALI,PAMPA HERMOSA,NUEVO PUERTO ADELINA
160702,LORETO,DATEM DEL MARAÏ¿½ON,CAHUAPANAS,CAHUAPANAS
160201,LORETO,ALTO AMAZONAS,YURIMAGUAS,SAN JUAN CURIYACU
160202,LORETO,ALTO AMAZONAS,BALSAPUERTO,NUEVA CHAZUTA
160210,LORETO,ALTO AMAZONAS,SANTA CRUZ,SANTA ROSA
160401,LORETO,MARISCAL RAMON CASTILLA,RAMON CASTILLA,RONDIÑA II ZONA
160202,LORETO,ALTO AMAZONAS,BALSAPUERTO,TRES UNIDOS
160401,LORETO,MARISCAL RAMON CASTILLA,RAMON CASTILLA,SAN SALVADOR I ZONA
160202,LORETO,ALTO AMAZONAS,BALSAPUERTO,PROGRESO
160703,LORETO,DATEM DEL MARAÏ¿½ON,MANSERICHE,ATLANTIDA
160107,LORETO,MAYNAS,NAPO,TUTA PISHCO
160401,LORETO,MARISCAL RAMON CASTILLA,RAMON CASTILLA,PUERTO ALEGRIA II ZONA
160402,LORETO,MARISCAL RAMON CASTILLA,PEBAS,SAN JUAN DE MISHAHUARI
160702,LORETO,DATEM DEL MARAÏ¿½ON,CAHUAPANAS,FERNANDO ROSAS
160103,LORETO,MAYNAS,FERNANDO LORES,TAPIRA NUEVO II ZONA
160106,LORETO,MAYNAS,MAZAN,QUEBRADA MAYURUNA
160210,LORETO,ALTO AMAZONAS,SANTA CRUZ,SELVA ALEGRE
160702,LORETO,DATEM DEL MARAÏ¿½ON,CAHUAPANAS,KAUPAN
160705,LORETO,DATEM DEL MARAÏ¿½ON,PASTAZA,ACHUAR ANATICO
160502,LORETO,REQUENA,ALTO TAPICHE,JUNIN
160705,LORETO,DATEM DEL MARAÏ¿½ON,PASTAZA,WIJINT
160605,LORETO,UCAYALI,SARAYACU,MONTE BELLO
160704,LORETO,DATEM DEL MARAÏ¿½ON,MORONA,PUERTO PIJUAYAL
160507,LORETO,REQUENA,SAQUENA,JORGE CHAVEZ
160705,LORETO,DATEM DEL MARAÏ¿½ON,PASTAZA,HORTENSIA COCHA
160705,LORETO,DATEM DEL MARAÏ¿½ON,PASTAZA,CHINTO
160206,LORETO,ALTO AMAZONAS,LAGUNAS,NUEVO MUNDO
160104,LORETO,MAYNAS,INDIANA,TIMICURILLO III - ZONA
160104,LORETO,MAYNAS,INDIANA,SUNI CAÑO
160211,LORETO,ALTO AMAZONAS,TENIENTE CESAR LOPEZ ROJAS,TENIENTE CESAR LOPEZ ROJAS
160504,LORETO,REQUENA,EMILIO SAN MARTIN,15 DE JULIO
160606,LORETO,UCAYALI,VARGAS GUERRA,SAN FERNANDO
160508,LORETO,REQUENA,SOPLIN,ESPAÑA
160605,LORETO,UCAYALI,SARAYACU,NUEVO BERLIN
160801,LORETO,PUTUMAYO,PUTUMAYO,NUEVA ANGUSILLA
160110,LORETO,MAYNAS,TORRES CAUSANA,CAMUNGUY
160101,LORETO,MAYNAS,IQUITOS,8 DE OCTUBRE
160105,LORETO,MAYNAS,LAS AMAZONAS,CHONTAYA
160113,LORETO,MAYNAS,SAN JUAN BAUTISTA,CIUDAD SALTELITE
160104,LORETO,MAYNAS,INDIANA,SANTA ROSA
160301,LORETO,LORETO,NAUTA,LEONCIO VELA
160102,LORETO,MAYNAS,ALTO NANAY,NUEVO LORETO
160605,LORETO,UCAYALI,SARAYACU,SANTA ROSA
160505,LORETO,REQUENA,MAQUIA,OBRERO I ZONA
160701,LORETO,DATEM DEL MARAÏ¿½ON,BARRANCA,SAN JUAN DE SASIPAHUA
160303,LORETO,LORETO,TIGRE,SANTA CRUZ
160501,LORETO,REQUENA,REQUENA,NUEVA REFORMA
160106,LORETO,MAYNAS,MAZAN,LEGUIZAMO
160112,LORETO,MAYNAS,BELEN,NUEVO JERUSALEN
160503,LORETO,REQUENA,CAPELO,NUEVO REQUENA
160702,LORETO,DATEM DEL MARAÏ¿½ON,CAHUAPANAS,LUZ DEL ORIENTE
160706,LORETO,DATEM DEL MARAÏ¿½ON,ANDOAS,ANDOAS VIEJO
160106,LORETO,MAYNAS,MAZAN,SAN ANTONIO  DE MIRAÑO
160106,LORETO,MAYNAS,MAZAN,SAN FRANCISCO DE BUEN PASO
160107,LORETO,MAYNAS,NAPO,MONTE VERDE
160202,LORETO,ALTO AMAZONAS,BALSAPUERTO,PUERTO LIBRE
160401,LORETO,MARISCAL RAMON CASTILLA,RAMON CASTILLA,PANCHO COCHA
160503,LORETO,REQUENA,CAPELO,NUEVO MILAN
160201,LORETO,ALTO AMAZONAS,YURIMAGUAS,CACHIHUAÃUSCA
160501,LORETO,REQUENA,REQUENA,BELEN DE URCO
160105,LORETO,MAYNAS,LAS AMAZONAS,CABALLO COCHILLO
160702,LORETO,DATEM DEL MARAÏ¿½ON,CAHUAPANAS,PUEBLO CHAYAHUITAS
160105,LORETO,MAYNAS,LAS AMAZONAS,3 DE MAYO
160106,LORETO,MAYNAS,MAZAN,TRIUNFO CENTRO VARADERILLO
160211,LORETO,ALTO AMAZONAS,TENIENTE CESAR LOPEZ ROJAS,NUEVO ORIENTE
160706,LORETO,DATEM DEL MARAÏ¿½ON,ANDOAS,SAN FERNANDO
160201,LORETO,ALTO AMAZONAS,YURIMAGUAS,ARENALES
160210,LORETO,ALTO AMAZONAS,SANTA CRUZ,HUATAPI
160301,LORETO,LORETO,NAUTA,SAN JACINTO
160305,LORETO,LORETO,URARINAS,TRIUNFO
160703,LORETO,DATEM DEL MARAÏ¿½ON,MANSERICHE,PROGRESO
160703,LORETO,DATEM DEL MARAÏ¿½ON,MANSERICHE,ALFONSO UGARTE
160504,LORETO,REQUENA,EMILIO SAN MARTIN,LAGO SAN MARCOS
160801,LORETO,PUTUMAYO,PUTUMAYO,NUEVO PORVENIR
160706,LORETO,DATEM DEL MARAÏ¿½ON,ANDOAS,WISUM
160701,LORETO,DATEM DEL MARAÏ¿½ON,BARRANCA,UTCO
160701,LORETO,DATEM DEL MARAÏ¿½ON,BARRANCA,PUERTO ALEGRE
160206,LORETO,ALTO AMAZONAS,LAGUNAS,PUERTO ALEGRE
160113,LORETO,MAYNAS,SAN JUAN BAUTISTA,NUEVA ESPERANZA
160301,LORETO,LORETO,NAUTA,NUEVO SAN JUAN
160104,LORETO,MAYNAS,INDIANA,NUEVO MIRAFLORES
160205,LORETO,ALTO AMAZONAS,JEBEROS,PUNCHANA
160202,LORETO,ALTO AMAZONAS,BALSAPUERTO,DAMASCO
160201,LORETO,ALTO AMAZONAS,YURIMAGUAS,SAN ROQUE
160107,LORETO,MAYNAS,NAPO,NUEVA FLORIDA
160402,LORETO,MARISCAL RAMON CASTILLA,PEBAS,TIERRA FIRME
160301,LORETO,LORETO,NAUTA,NUEVO MUNDO
160106,LORETO,MAYNAS,MAZAN,VISTO BUENO
160202,LORETO,ALTO AMAZONAS,BALSAPUERTO,SABALOYACU
160206,LORETO,ALTO AMAZONAS,LAGUNAS,NUEVO SAN JOSE DE PACHARACO
160205,LORETO,ALTO AMAZONAS,JEBEROS,SAN ANTONIO RUMIYACU
160701,LORETO,DATEM DEL MARAÏ¿½ON,BARRANCA,SAN SEBASTIAN
160706,LORETO,DATEM DEL MARAÏ¿½ON,ANDOAS,MAMUS
160402,LORETO,MARISCAL RAMON CASTILLA,PEBAS,DOS DE MAYO
160504,LORETO,REQUENA,EMILIO SAN MARTIN,JERUSALEN
160206,LORETO,ALTO AMAZONAS,LAGUNAS,SANTA ISABEL MARAÃON
170101,MADRE DE DIOS,TAMBOPATA,TAMBOPATA,PUERTO UNION
100801,HUANUCO,PACHITEA,PANAO,SANTA CRUZ
190306,PASCO,OXAPAMPA,PUERTO BERMUDEZ,ALDEA NATIVA SAN JUAN
190305,PASCO,OXAPAMPA,POZUZO,CHINIZO BAJO
190304,PASCO,OXAPAMPA,PALCAZU,ALDEA NATIVA VILLA AMERICA (7 DE JUNIO)
190306,PASCO,OXAPAMPA,PUERTO BERMUDEZ,ALDEA NATIVA PUERTO PORVENIR
190306,PASCO,OXAPAMPA,PUERTO BERMUDEZ,ALDEA NATIVA SAN JUAN DE DIOS
190306,PASCO,OXAPAMPA,PUERTO BERMUDEZ,ALDEA NATIVA PUERTO LETICIA
190306,PASCO,OXAPAMPA,PUERTO BERMUDEZ,ALDEA NATIVA SAN FRANCISCO PALOMAR DEL SIRA
190306,PASCO,OXAPAMPA,PUERTO BERMUDEZ,CIUDAD CONSTITUCION - V ETAPA
190306,PASCO,OXAPAMPA,PUERTO BERMUDEZ,ALDEA NATIVA SANTA ELENA
190304,PASCO,OXAPAMPA,PALCAZU,ALDEA NATIVA PUERTO LAGUNA
190306,PASCO,OXAPAMPA,PUERTO BERMUDEZ,ALDEA NATIVA CHIMIARI
190306,PASCO,OXAPAMPA,PUERTO BERMUDEZ,ALDEA NATIVA SANTA ROSA DE CHIVIS
190302,PASCO,OXAPAMPA,CHONTABAMBA,LA VICTORIA
190306,PASCO,OXAPAMPA,PUERTO BERMUDEZ,ALDEA NATIVA ANACAYALI
190306,PASCO,OXAPAMPA,PUERTO BERMUDEZ,ALDEA NATIVA ALVARIÑO
190306,PASCO,OXAPAMPA,PUERTO BERMUDEZ,ALDEA NATIVA PUERTO LIBRE
190306,PASCO,OXAPAMPA,PUERTO BERMUDEZ,ALDEA NATIVA FLOR DE UN DIA
190305,PASCO,OXAPAMPA,POZUZO,ALTO PRUSIA
190304,PASCO,OXAPAMPA,PALCAZU,ALDEA NATIVA NUEVA ALDEA
190304,PASCO,OXAPAMPA,PALCAZU,ALDEA NATIVA RAYA
190304,PASCO,OXAPAMPA,PALCAZU,LOS ANGELES
190307,PASCO,OXAPAMPA,VILLA RICA,SANTA ROSA DE UBIRIKI
190306,PASCO,OXAPAMPA,PUERTO BERMUDEZ,ALDEA NATIVA BOCA SAMAYA
190302,PASCO,OXAPAMPA,CHONTABAMBA,TORREBAMBA
190306,PASCO,OXAPAMPA,PUERTO BERMUDEZ,HAWAY
190306,PASCO,OXAPAMPA,PUERTO BERMUDEZ,ALDEA NATIVA HASHUAR
190305,PASCO,OXAPAMPA,POZUZO,YULITUNQUI
211209,PUNO,SANDIA,ALTO INAMBARI,MALLQUITIRA
211209,PUNO,SANDIA,ALTO INAMBARI,PUCARMAYO
211209,PUNO,SANDIA,ALTO INAMBARI,CAMARON
220904,SAN MARTIN,SAN MARTIN,CHAZUTA,LLUCANAYACU
220709,SAN MARTIN,PICOTA,TINGO DE PONASA,AGUANAL
220709,SAN MARTIN,PICOTA,TINGO DE PONASA,PANCHILLA
220913,SAN MARTIN,SAN MARTIN,SAUCE,CANOAYACU
220506,SAN MARTIN,LAMAS,PINTO RECODO,VENCEDOR
221001,SAN MARTIN,TOCACHE,TOCACHE,PUSHURUMBO
220701,SAN MARTIN,PICOTA,PICOTA,VILLANUEVA DEL RIO
221005,SAN MARTIN,TOCACHE,UCHIZA,8 DE JULIO
220505,SAN MARTIN,LAMAS,CUÏ¿½UMBUQUI,CUÑUMBUQUI
221003,SAN MARTIN,TOCACHE,POLVORA,MANA HERMOSO
220301,SAN MARTIN,EL DORADO,SAN JOSE DE SISA,HUAJA
220203,SAN MARTIN,BELLAVISTA,BAJO BIAVO,LA UNION
220101,SAN MARTIN,MOYOBAMBA,MOYOBAMBA,VALLE DE LA CONSQUISTA
220506,SAN MARTIN,LAMAS,PINTO RECODO,LA LIBERTAD DEL MAYO
220805,SAN MARTIN,RIOJA,PARDO MIGUEL,TUMBARO
220104,SAN MARTIN,MOYOBAMBA,JEPELACIO,VISTA ALEGRE
220808,SAN MARTIN,RIOJA,YORONGOS,NUEVA TABALOSOS
220805,SAN MARTIN,RIOJA,PARDO MIGUEL,AGUAS CLARAS
221002,SAN MARTIN,TOCACHE,NUEVO PROGRESO,BUENOS AIRES
221005,SAN MARTIN,TOCACHE,UCHIZA,JORGE CHAVEZ
221005,SAN MARTIN,TOCACHE,UCHIZA,LA FLORIDA
220708,SAN MARTIN,PICOTA,SHAMBOYACU,VISTA ALEGRE
221001,SAN MARTIN,TOCACHE,TOCACHE,TIESTO
220104,SAN MARTIN,MOYOBAMBA,JEPELACIO,OCHAME
221005,SAN MARTIN,TOCACHE,UCHIZA,SANTA TEREZA
220104,SAN MARTIN,MOYOBAMBA,JEPELACIO,LA LIMA
220913,SAN MARTIN,SAN MARTIN,SAUCE,HUAYALI
220502,SAN MARTIN,LAMAS,ALONSO DE ALVARADO,VENCEDORES
220805,SAN MARTIN,RIOJA,PARDO MIGUEL,SAN JUAN DEL MAYO
220104,SAN MARTIN,MOYOBAMBA,JEPELACIO,POTRERILLO
220104,SAN MARTIN,MOYOBAMBA,JEPELACIO,PACAYPITE
220201,SAN MARTIN,BELLAVISTA,BELLAVISTA,MERCEDES
221005,SAN MARTIN,TOCACHE,UCHIZA,CHONTAYAQUILLO (OSHITO)
220101,SAN MARTIN,MOYOBAMBA,MOYOBAMBA,MORROYACU
220206,SAN MARTIN,BELLAVISTA,SAN RAFAEL,SANTA CATALINA
220802,SAN MARTIN,RIOJA,AWAJUN,BAJO NARANJILLO
221005,SAN MARTIN,TOCACHE,UCHIZA,ALTO HUAYNABE
221005,SAN MARTIN,TOCACHE,UCHIZA,CAHUIDE
220101,SAN MARTIN,MOYOBAMBA,MOYOBAMBA,CORDILLERA ANDINA
220506,SAN MARTIN,LAMAS,PINTO RECODO,LA PERLA
220205,SAN MARTIN,BELLAVISTA,SAN PABLO,RAMON
220511,SAN MARTIN,LAMAS,ZAPATERO,ÑEJILLA
220106,SAN MARTIN,MOYOBAMBA,YANTALO,NUEVO SAN IGNACIO
220501,SAN MARTIN,LAMAS,LAMAS,URCOPATA
220801,SAN MARTIN,RIOJA,RIOJA,PORVENIR
221001,SAN MARTIN,TOCACHE,TOCACHE,ROCA FUERTE
220906,SAN MARTIN,SAN MARTIN,EL PORVENIR,PELEJO
220506,SAN MARTIN,LAMAS,PINTO RECODO,JESUS DEL MONTE
220506,SAN MARTIN,LAMAS,PINTO RECODO,BETANIA
220203,SAN MARTIN,BELLAVISTA,BAJO BIAVO,DOS UNIDOS
220103,SAN MARTIN,MOYOBAMBA,HABANA,SAN JOSE
220805,SAN MARTIN,RIOJA,PARDO MIGUEL,PERLA DEL MAYO
220503,SAN MARTIN,LAMAS,BARRANQUITA,NUEVO ALEGRIA
220603,SAN MARTIN,MARISCAL CACERES,HUICUNGO,SANTA INES
220801,SAN MARTIN,RIOJA,RIOJA,FLOR DEL VALLE
220506,SAN MARTIN,LAMAS,PINTO RECODO,PAMPAMONTE
220505,SAN MARTIN,LAMAS,CUÏ¿½UMBUQUI,NUEVO PIURA
220506,SAN MARTIN,LAMAS,PINTO RECODO,MISHQUIYACU
220709,SAN MARTIN,PICOTA,TINGO DE PONASA,MARISCAL CASTILLA
220304,SAN MARTIN,EL DORADO,SANTA ROSA,SAN IGNACIO
221002,SAN MARTIN,TOCACHE,NUEVO PROGRESO,15 DE MARZO
221003,SAN MARTIN,TOCACHE,POLVORA,CEDRO
221002,SAN MARTIN,TOCACHE,NUEVO PROGRESO,LAS PALMERAS
220401,SAN MARTIN,HUALLAGA,SAPOSOA,SITULLE
250201,UCAYALI,ATALAYA,RAIMONDI,CHANCOS
250201,UCAYALI,ATALAYA,RAIMONDI,FLORESTA
250201,UCAYALI,ATALAYA,RAIMONDI,AIRIJAS
250201,UCAYALI,ATALAYA,RAIMONDI,OJEAYO
250201,UCAYALI,ATALAYA,RAIMONDI,CENTRO SABALUYO
250204,UCAYALI,ATALAYA,YURUA,YURUA
250201,UCAYALI,ATALAYA,RAIMONDI,ANACAYALI
250201,UCAYALI,ATALAYA,RAIMONDI,MAPALJA
250101,UCAYALI,CORONEL PORTILLO,CALLERIA,SANTA ROSITA
250201,UCAYALI,ATALAYA,RAIMONDI,ALTO COCANI
250102,UCAYALI,CORONEL PORTILLO,CAMPOVERDE,SEÑOR DE LOS MILAGROS
250103,UCAYALI,CORONEL PORTILLO,IPARIA,NUEVO SAMARIA
250105,UCAYALI,CORONEL PORTILLO,YARINACOCHA,FAIENAP
250105,UCAYALI,CORONEL PORTILLO,YARINACOCHA,NUEVO SAN JUAN
250104,UCAYALI,CORONEL PORTILLO,MASISEA,NUEVO ANGAMOS
250301,UCAYALI,PADRE ABAD,PADRE ABAD,MICAELA BASTIDAS
250102,UCAYALI,CORONEL PORTILLO,CAMPOVERDE,TUPAC AMARU LIMON
250101,UCAYALI,CORONEL PORTILLO,CALLERIA,SANTA ROSA DE CAPSINAY
250201,UCAYALI,ATALAYA,RAIMONDI,CENTRO PUCANI
250302,UCAYALI,PADRE ABAD,IRAZOLA,VIRGEN DEL CARMEN
250105,UCAYALI,CORONEL PORTILLO,YARINACOCHA,SANTA CLARA
250201,UCAYALI,ATALAYA,RAIMONDI,PUNTIJAO
250105,UCAYALI,CORONEL PORTILLO,YARINACOCHA,PUERTO FIRMEZA
250101,UCAYALI,CORONEL PORTILLO,CALLERIA,CABO PANTOJA
250203,UCAYALI,ATALAYA,TAHUANIA,DIOBAMBA
250201,UCAYALI,ATALAYA,RAIMONDI,PUCALLPA
250203,UCAYALI,ATALAYA,TAHUANIA,FLOR DE MAYO
250203,UCAYALI,ATALAYA,TAHUANIA,BETIJAY
250101,UCAYALI,CORONEL PORTILLO,CALLERIA,24 DE SETIEMBRE
250301,UCAYALI,PADRE ABAD,PADRE ABAD,IDAYACU
250203,UCAYALI,ATALAYA,TAHUANIA,TUPAC AMARU
250202,UCAYALI,ATALAYA,SEPAHUA,NUEVA ESPERANZA
250301,UCAYALI,PADRE ABAD,PADRE ABAD,RIO BLANCO
250101,UCAYALI,CORONEL PORTILLO,CALLERIA,SAN PEDRO
250103,UCAYALI,CORONEL PORTILLO,IPARIA,ROYA
250201,UCAYALI,ATALAYA,RAIMONDI,SHAANI
250101,UCAYALI,CORONEL PORTILLO,CALLERIA,FLOR NACIENTE
250302,UCAYALI,PADRE ABAD,IRAZOLA,SAN JUAN KM.132
250104,UCAYALI,CORONEL PORTILLO,MASISEA,JACAYA
250202,UCAYALI,ATALAYA,SEPAHUA,SANTA ROSA
250101,UCAYALI,CORONEL PORTILLO,CALLERIA,NUEVA UNION
250104,UCAYALI,CORONEL PORTILLO,MASISEA,CAMETSARI QUIPATSI
250301,UCAYALI,PADRE ABAD,PADRE ABAD,3 DE OCTUBRE
250103,UCAYALI,CORONEL PORTILLO,IPARIA,CACOMACAYA
250301,UCAYALI,PADRE ABAD,PADRE ABAD,CHONTA
250105,UCAYALI,CORONEL PORTILLO,YARINACOCHA,SANTA TERESITA DE CASHIBOCOCHA
250101,UCAYALI,CORONEL PORTILLO,CALLERIA,INDEPENDENCIA
250203,UCAYALI,ATALAYA,TAHUANIA,QUEPACHARI
250203,UCAYALI,ATALAYA,TAHUANIA,SAN JOSE
250103,UCAYALI,CORONEL PORTILLO,IPARIA,NUEVA AHUAYPA
250101,UCAYALI,CORONEL PORTILLO,CALLERIA,TAHUANTINSUYO
200114,PIURA,PIURA,TAMBO GRANDE,NUEVA ESPERANZA
200101,PIURA,PIURA,PIURA,URB. LAS MERCEDES
200802,PIURA,SECHURA,BELLAVISTA DE LA UNION,BELLAVISTA DE LA UNION
200302,PIURA,HUANCABAMBA,CANCHAQUE,LOS RANCHOS
200109,PIURA,PIURA,LA ARENA,CEREZAL
200303,PIURA,HUANCABAMBA,EL CARMEN DE LA FRONTERA,CARMEN
200401,PIURA,MORROPON,CHULUCANAS,RIO SECO BAJO
010401,AMAZONAS,CONDORCANQUI,NIEVA,TAYUNTSA
010403,AMAZONAS,CONDORCANQUI,RIO SANTIAGO,KUGKUKIM
010403,AMAZONAS,CONDORCANQUI,RIO SANTIAGO,MUNCHINQUIS
010401,AMAZONAS,CONDORCANQUI,NIEVA,TUNDUSA ANEXO O PUERTO
010402,AMAZONAS,CONDORCANQUI,EL CENEPA,PAMPA ENTSA
010401,AMAZONAS,CONDORCANQUI,NIEVA,MIRAFLORES
010205,AMAZONAS,BAGUA,IMAZA,PAKUY
010602,AMAZONAS,RODRIGUEZ DE MENDOZA,CHIRIMOTO,SANTO TORIBIO
010401,AMAZONAS,CONDORCANQUI,NIEVA,DATEM ENTSA
010707,AMAZONAS,UTCUBAMBA,YAMON,SAN RAMON
010403,AMAZONAS,CONDORCANQUI,RIO SANTIAGO,ALTO PAPAYACU
010205,AMAZONAS,BAGUA,IMAZA,BAKANTS
010706,AMAZONAS,UTCUBAMBA,LONYA GRANDE,PUCALLPA
010403,AMAZONAS,CONDORCANQUI,RIO SANTIAGO,CATERPISA
010401,AMAZONAS,CONDORCANQUI,NIEVA,BAJO PUPUNTAS
010403,AMAZONAS,CONDORCANQUI,RIO SANTIAGO,ALIANZA PROGRESO
010402,AMAZONAS,CONDORCANQUI,EL CENEPA,SHAIM
010403,AMAZONAS,CONDORCANQUI,RIO SANTIAGO,ACHO
010312,AMAZONAS,BONGARA,YAMBRASBAMBA,SHUCAYACU
010202,AMAZONAS,BAGUA,ARAMANGO,NUMPATKAIM
010514,AMAZONAS,LUYA,PISUQUIA,SAN MIGUEL DE PORO PORO
010403,AMAZONAS,CONDORCANQUI,RIO SANTIAGO,ONANGA
010403,AMAZONAS,CONDORCANQUI,RIO SANTIAGO,NUEVA JERUSALEN
010205,AMAZONAS,BAGUA,IMAZA,LA UNION
010401,AMAZONAS,CONDORCANQUI,NIEVA,ALTO WAISIN
060607,CAJAMARCA,CUTERVO,QUEROCOTILLO,LAS PALMAS
060902,CAJAMARCA,SAN IGNACIO,CHIRINOS,EL TRIUNFO
060903,CAJAMARCA,SAN IGNACIO,HUARANGO,NARANJOS CHACA
060801,CAJAMARCA,JAEN,JAEN,NUEVO DIAMANTE
060807,CAJAMARCA,JAEN,POMAHUACA,YAMBALON
060805,CAJAMARCA,JAEN,HUABAL,EL HUACO
060802,CAJAMARCA,JAEN,BELLAVISTA,PITAYAS
060903,CAJAMARCA,SAN IGNACIO,HUARANGO,PANGOYA
060607,CAJAMARCA,CUTERVO,QUEROCOTILLO,HORNILLAS
060807,CAJAMARCA,JAEN,POMAHUACA,PATACON
060602,CAJAMARCA,CUTERVO,CALLAYUC,MATARA
060801,CAJAMARCA,JAEN,JAEN,GRANADILLA
150407,LIMA,CANTA,SANTA ROSA DE QUIVES,PUCARA
150511,LIMA,CAÏ¿½ETE,PACARAN,JACAYITA
150407,LIMA,CANTA,SANTA ROSA DE QUIVES,YANGAS
060606,CAJAMARCA,CUTERVO,PIMPINGOS,PUCALA
050502,AYACUCHO,LA MAR,ANCO,AGUA DULCE
050407,AYACUCHO,HUANTA,SIVIA,NUEVA UNION
080902,CUSCO,LA CONVENCION,ECHARATE,KIRINGUETI
080908,CUSCO,LA CONVENCION,SANTA TERESA,MESADA
080902,CUSCO,LA CONVENCION,ECHARATE,COCABAMBILLA
081201,CUSCO,QUISPICANCHI,URCOS,CCUNU CUNCA
080906,CUSCO,LA CONVENCION,QUELLOUNO,REMOLINO
080902,CUSCO,LA CONVENCION,ECHARATE,SHIMAA ALTO
080906,CUSCO,LA CONVENCION,QUELLOUNO,MATORIATO
080902,CUSCO,LA CONVENCION,ECHARATE,ALTO POSTAKIATO
080910,CUSCO,LA CONVENCION,PICHARI,PEDRO RUIZ GALLO
080902,CUSCO,LA CONVENCION,ECHARATE,KIMARIATO BAJO
080902,CUSCO,LA CONVENCION,ECHARATE,FLORIDA
080902,CUSCO,LA CONVENCION,ECHARATE,SELVA VERDE
080902,CUSCO,LA CONVENCION,ECHARATE,CURIRIARI SANTA ROSA
080904,CUSCO,LA CONVENCION,MARANURA,MARANURA ALTA
080902,CUSCO,LA CONVENCION,ECHARATE,OSONAMPIATO
080902,CUSCO,LA CONVENCION,ECHARATE,SICLLABAMBA
081203,CUSCO,QUISPICANCHI,CAMANTI,GARRAFON GRANDE
080902,CUSCO,LA CONVENCION,ECHARATE,SHIMAA
080906,CUSCO,LA CONVENCION,QUELLOUNO,CHAPOCHICO
080902,CUSCO,LA CONVENCION,ECHARATE,KITEPAMPANI
090101,HUANCAVELICA,HUANCAVELICA,HUANCAVELICA,CALLQUI CHICO
090715,HUANCAVELICA,TAYACAJA,SALCAHUASI,MUCHCA
090716,HUANCAVELICA,TAYACAJA,SAN MARCOS DE ROCCHAC,SAN MARTIN DE GILAPATA (GILAPATA)
100905,HUANUCO,PUERTO INCA,YUYAPICHIS,LOS ANGELES
100902,HUANUCO,PUERTO INCA,CODO DEL POZUZO,RIO CODO
100901,HUANUCO,PUERTO INCA,PUERTO INCA,NUEVO MONTERRICO
100902,HUANUCO,PUERTO INCA,CODO DEL POZUZO,SAN JUAN DEL  CODO
100604,HUANUCO,LEONCIO PRADO,JOSE CRESPO Y CASTILLO,MOENA
100604,HUANUCO,LEONCIO PRADO,JOSE CRESPO Y CASTILLO,LOS OLIVOS
100604,HUANUCO,LEONCIO PRADO,JOSE CRESPO Y CASTILLO,HUIRACOCHA
100702,HUANUCO,MARAÏ¿½ON,CHOLON,AGUASHI MOLOPE
100904,HUANUCO,PUERTO INCA,TOURNAVISTA,MAY PABLO
100901,HUANUCO,PUERTO INCA,PUERTO INCA,UNION SANTA ROSA DE SHEBONYA
100702,HUANUCO,MARAÏ¿½ON,CHOLON,RIO BLANCO
100702,HUANUCO,MARAÏ¿½ON,CHOLON,ALTO AZUL
100902,HUANUCO,PUERTO INCA,CODO DEL POZUZO,SANTA ISABEL
100901,HUANUCO,PUERTO INCA,PUERTO INCA,SANTA JHULIANA
100905,HUANUCO,PUERTO INCA,YUYAPICHIS,LA LIBERTAD
100507,HUANUCO,HUAMALIES,MONZON,BERDUM
100507,HUANUCO,HUAMALIES,MONZON,NUEVO ORIENTE
100602,HUANUCO,LEONCIO PRADO,DANIEL ALOMIA ROBLES,RIO AZUL
100604,HUANUCO,LEONCIO PRADO,JOSE CRESPO Y CASTILLO,NUEVA AZPUZANA
100602,HUANUCO,LEONCIO PRADO,DANIEL ALOMIA ROBLES,LA PERLA DE TULUMAYO
100601,HUANUCO,LEONCIO PRADO,RUPA-RUPA,PAPAYAL
100603,HUANUCO,LEONCIO PRADO,HERMILIO VALDIZAN,JUAN VELASCO ALVARADO
100902,HUANUCO,PUERTO INCA,CODO DEL POZUZO,BAJO QUINTORA
100606,HUANUCO,LEONCIO PRADO,MARIANO DAMASO BERAUN,CESAR VALLEJO
120302,JUNIN,CHANCHAMAYO,PERENE,7 DE JUNIO
120608,JUNIN,SATIPO,RIO TAMBO,SAN FRANCISCO DE CUSHIRENI
120302,JUNIN,CHANCHAMAYO,PERENE,SAN PEDRO RIO AMARILLO
120303,JUNIN,CHANCHAMAYO,PICHANAQUI,CENTRO KUVIRIANI (CUVIRIANI)
120302,JUNIN,CHANCHAMAYO,PERENE,ALTO HUACAMAYO
120303,JUNIN,CHANCHAMAYO,PICHANAQUI,NUEVA ESPERANZA
120302,JUNIN,CHANCHAMAYO,PERENE,ALTO KIVINAKI
120604,JUNIN,SATIPO,MAZAMARI,CAÑETE
120301,JUNIN,CHANCHAMAYO,CHANCHAMAYO,VISTA ALEGRE
120608,JUNIN,SATIPO,RIO TAMBO,BAJO BUENOS AIRES
120606,JUNIN,SATIPO,PANGOA,BAJO CELENDIN
120302,JUNIN,CHANCHAMAYO,PERENE,MIRICHARO
190301,PASCO,OXAPAMPA,OXAPAMPA,ALTO PLAYA PAMPA
120301,JUNIN,CHANCHAMAYO,CHANCHAMAYO,RIO PENEDO ALIANZA
120302,JUNIN,CHANCHAMAYO,PERENE,SAN FERNANDO DE KIVINAKI
120303,JUNIN,CHANCHAMAYO,PICHANAQUI,SANTA ROSA CENTRO MERITORI
120302,JUNIN,CHANCHAMAYO,PERENE,VILLA SOL
120303,JUNIN,CHANCHAMAYO,PICHANAQUI,SAN PEDRO DE AUTIKI
120304,JUNIN,CHANCHAMAYO,SAN LUIS DE SHUARO,RIO SECO
120608,JUNIN,SATIPO,RIO TAMBO,KIRISHARI
120303,JUNIN,CHANCHAMAYO,PICHANAQUI,C.N. SAN JUAN CENTRO AUTIKI
120303,JUNIN,CHANCHAMAYO,PICHANAQUI,LAS PALMAS CUYANI (BELLA VISTA)
120601,JUNIN,SATIPO,SATIPO,MUSUCLLACTA
120607,JUNIN,SATIPO,RIO NEGRO,NAPOLEON
120608,JUNIN,SATIPO,RIO TAMBO,MAYAPO
120301,JUNIN,CHANCHAMAYO,CHANCHAMAYO,VAQUERIA
120303,JUNIN,CHANCHAMAYO,PICHANAQUI,CERRO PICAFLOR ORITO
131201,LA LIBERTAD,VIRU,VIRU,SAN JUAN
060501,CAJAMARCA,CONTUMAZA,CONTUMAZA,CONTUMAZA
130601,LA LIBERTAD,OTUZCO,OTUZCO,LLAUGUEDA
130601,LA LIBERTAD,OTUZCO,OTUZCO,SURUPAMPA
130206,LA LIBERTAD,ASCOPE,RAZURI,PUERTO DE MALABRIGO
061113,CAJAMARCA,SAN MIGUEL,UNION AGUA BLANCA,LUCMAPAMPA
131101,LA LIBERTAD,GRAN CHIMU,CASCAS,PALO BLANCO
131101,LA LIBERTAD,GRAN CHIMU,CASCAS,TILLAMPU
130203,LA LIBERTAD,ASCOPE,CHOCOPE,MOLINO CHOCOPE
130402,LA LIBERTAD,CHEPEN,PACANGA,SAN JOSE DE MORO (MORO)
061110,CAJAMARCA,SAN MIGUEL,SAN GREGORIO,LA PALMA
061303,CAJAMARCA,SANTA CRUZ,CATACHE,UDIMA
130702,LA LIBERTAD,PACASMAYO,GUADALUPE,CIUDAD DE DIOS
140309,LAMBAYEQUE,LAMBAYEQUE,PACORA,PUENTE MACHUCA
140102,LAMBAYEQUE,CHICLAYO,CHONGOYAPE,PAMPA DE CHAPARRI
160106,LORETO,MAYNAS,MAZAN,FLOR DE AGOSTO
160501,LORETO,REQUENA,REQUENA,PUERTO LORETO
160501,LORETO,REQUENA,REQUENA,LAS MALVINAS
160106,LORETO,MAYNAS,MAZAN,TIMICURILLO
160103,LORETO,MAYNAS,FERNANDO LORES,LIBERTAD
160105,LORETO,MAYNAS,LAS AMAZONAS,NUEVO PROGRESO
160103,LORETO,MAYNAS,FERNANDO LORES,YACAPANA I ZONA
160103,LORETO,MAYNAS,FERNANDO LORES,SAN SALVADOR DE OMAGUA
160801,LORETO,PUTUMAYO,PUTUMAYO,NUEVO HORIZONTE
160107,LORETO,MAYNAS,NAPO,LANCHA CHOZA
160105,LORETO,MAYNAS,LAS AMAZONAS,SAPO PLAYA
160108,LORETO,MAYNAS,PUNCHANA,NUEVO PARAISO
160505,LORETO,REQUENA,MAQUIA,PADRE LOPEZ
160303,LORETO,LORETO,TIGRE,25 DE DICIEMBRE
160402,LORETO,MARISCAL RAMON CASTILLA,PEBAS,PUERTO RICO DE BARRANQUILLA
160403,LORETO,MARISCAL RAMON CASTILLA,YAVARI,RONDIÑA
160103,LORETO,MAYNAS,FERNANDO LORES,YANAYACU INTERIOR
160402,LORETO,MARISCAL RAMON CASTILLA,PEBAS,SAN PEDRO DE SHISHITA
160605,LORETO,UCAYALI,SARAYACU,CURARINA
160103,LORETO,MAYNAS,FERNANDO LORES,BUENAS NUEVAS
160506,LORETO,REQUENA,PUINAHUA,7 DE JUNIO
160301,LORETO,LORETO,NAUTA,GRAN PUNTA
160501,LORETO,REQUENA,REQUENA,ROMPEO
160104,LORETO,MAYNAS,INDIANA,JOSE SICHAR VALDEZ
160103,LORETO,MAYNAS,FERNANDO LORES,8 DE MAYO
160112,LORETO,MAYNAS,BELEN,SAN ANTONIO DE GALLITO
160301,LORETO,LORETO,NAUTA,BETSAIDA
160107,LORETO,MAYNAS,NAPO,ARGENTINA
160104,LORETO,MAYNAS,INDIANA,CATALAN - URCO
160301,LORETO,LORETO,NAUTA,SANTA MARIA DE FATIMA
160103,LORETO,MAYNAS,FERNANDO LORES,NUEVO TRIUNFO
160105,LORETO,MAYNAS,LAS AMAZONAS,PUERTO LIBRE
160103,LORETO,MAYNAS,FERNANDO LORES,YACAPANA II ZONA
160106,LORETO,MAYNAS,MAZAN,SAN PEDRO DE MANGUA
160104,LORETO,MAYNAS,INDIANA,PAPARO
160105,LORETO,MAYNAS,LAS AMAZONAS,HORIZONTE II ZONA
160606,LORETO,UCAYALI,VARGAS GUERRA,VICTOR ANDRES BELAUNDE
160301,LORETO,LORETO,NAUTA,NUEVA ALIANZA
160108,LORETO,MAYNAS,PUNCHANA,PROGRESO II ZONA
160402,LORETO,MARISCAL RAMON CASTILLA,PEBAS,TRIUNFADOR
160801,LORETO,PUTUMAYO,PUTUMAYO,8 DE OCTUBRE
160505,LORETO,REQUENA,MAQUIA,NUEVO SAN JOSE
160505,LORETO,REQUENA,MAQUIA,ENCANTO SIUCA CAÑO
160504,LORETO,REQUENA,EMILIO SAN MARTIN,VISTA ALEGRE I ZONA
160702,LORETO,DATEM DEL MARAÏ¿½ON,CAHUAPANAS,NUEVO PROGRESO
160205,LORETO,ALTO AMAZONAS,JEBEROS,NUEVO JUNIN
160706,LORETO,DATEM DEL MARAÏ¿½ON,ANDOAS,SOPLIN
160202,LORETO,ALTO AMAZONAS,BALSAPUERTO,ALIANZA DE HUITOYACU
160703,LORETO,DATEM DEL MARAÏ¿½ON,MANSERICHE,NUEVA UNION
160706,LORETO,DATEM DEL MARAÏ¿½ON,ANDOAS,NUEVO NAZARETH
160701,LORETO,DATEM DEL MARAÏ¿½ON,BARRANCA,TOPAL
160201,LORETO,ALTO AMAZONAS,YURIMAGUAS,NUEVO PIZANA
160701,LORETO,DATEM DEL MARAÏ¿½ON,BARRANCA,PALPAS
160706,LORETO,DATEM DEL MARAÏ¿½ON,ANDOAS,WAMPINTZA
160706,LORETO,DATEM DEL MARAÏ¿½ON,ANDOAS,SHANSHOCOCHA
160210,LORETO,ALTO AMAZONAS,SANTA CRUZ,POLLERA POZA
160705,LORETO,DATEM DEL MARAÏ¿½ON,PASTAZA,NUEVO PROGRESO
160706,LORETO,DATEM DEL MARAÏ¿½ON,ANDOAS,NUEVO JERUSALEN
160703,LORETO,DATEM DEL MARAÏ¿½ON,MANSERICHE,KUJI
160706,LORETO,DATEM DEL MARAÏ¿½ON,ANDOAS,PURANCHIN
160706,LORETO,DATEM DEL MARAÏ¿½ON,ANDOAS,COCHAPURAHUA
160206,LORETO,ALTO AMAZONAS,LAGUNAS,SAN MANUEL DEL HUALLAGA
160706,LORETO,DATEM DEL MARAÏ¿½ON,ANDOAS,SABALOYACU
160706,LORETO,DATEM DEL MARAÏ¿½ON,ANDOAS,UNION ANTONIETA
160701,LORETO,DATEM DEL MARAÏ¿½ON,BARRANCA,NAYUMPIM
160701,LORETO,DATEM DEL MARAÏ¿½ON,BARRANCA,GALLITO
160703,LORETO,DATEM DEL MARAÏ¿½ON,MANSERICHE,PUERTO  LIMON
160501,LORETO,REQUENA,REQUENA,PUERTO RICO
160404,LORETO,MARISCAL RAMON CASTILLA,SAN PABLO,SAN FELIPE
160702,LORETO,DATEM DEL MARAÏ¿½ON,CAHUAPANAS,YAMAKAY
160702,LORETO,DATEM DEL MARAÏ¿½ON,CAHUAPANAS,CONSUELO
160401,LORETO,MARISCAL RAMON CASTILLA,RAMON CASTILLA,SAN MARTIN DE PORRES
160401,LORETO,MARISCAL RAMON CASTILLA,RAMON CASTILLA,SAN MARTIN DE ARAHUANA
160103,LORETO,MAYNAS,FERNANDO LORES,SANTA ANA DE MUYUY II ZONA
160103,LORETO,MAYNAS,FERNANDO LORES,BUENOS AIRES(QUEBRADA DE TAMSHIYACU)
160704,LORETO,DATEM DEL MARAÏ¿½ON,MORONA,NARANJAL
160201,LORETO,ALTO AMAZONAS,YURIMAGUAS,NUEVO FRANCIA
160105,LORETO,MAYNAS,LAS AMAZONAS,CAMALEON I ZONA
160103,LORETO,MAYNAS,FERNANDO LORES,SAN LORENZO DE MUYUY
160706,LORETO,DATEM DEL MARAÏ¿½ON,ANDOAS,WAYUSENTZA
160301,LORETO,LORETO,NAUTA,BUENOS AIRES
170303,MADRE DE DIOS,TAHUAMANU,TAHUAMANU,NUEVO PACARAN
170104,MADRE DE DIOS,TAMBOPATA,LABERINTO,LAGARTO (BASE NAVAL)
170102,MADRE DE DIOS,TAMBOPATA,INAMBARI,ALTO 2 DE MAYO
170102,MADRE DE DIOS,TAMBOPATA,INAMBARI,KOTSIMBA
170101,MADRE DE DIOS,TAMBOPATA,TAMBOPATA,ISLA ROLIN
190304,PASCO,OXAPAMPA,PALCAZU,ALDEA NATIVA BUENOS AIRES
190302,PASCO,OXAPAMPA,CHONTABAMBA,SAN FRANCISCO
190306,PASCO,OXAPAMPA,PUERTO BERMUDEZ,ALDEA NATIVA SAN FRANCISCO DE CAHUAPANAS
190305,PASCO,OXAPAMPA,POZUZO,RIO SECO
190305,PASCO,OXAPAMPA,POZUZO,TINGO
190307,PASCO,OXAPAMPA,VILLA RICA,ALDEA NATIVA MAIME
190305,PASCO,OXAPAMPA,POZUZO,ALTO CHANCARIZO
190301,PASCO,OXAPAMPA,OXAPAMPA,ALTO CHURUMAZU
190306,PASCO,OXAPAMPA,PUERTO BERMUDEZ,ALDEA NATIVA PUERTO OCOPA
190301,PASCO,OXAPAMPA,OXAPAMPA,MESAPATA
190305,PASCO,OXAPAMPA,POZUZO,AVION PAMPA
190304,PASCO,OXAPAMPA,PALCAZU,ALDEA NATIVA ALTO ISCOZACIN COMUNIDAD
190305,PASCO,OXAPAMPA,POZUZO,TOROPAMPA
190302,PASCO,OXAPAMPA,CHONTABAMBA,SAN JOSE
190305,PASCO,OXAPAMPA,POZUZO,SAN CRISTOBAL DE POZUZO
190305,PASCO,OXAPAMPA,POZUZO,ASCENSION
211201,PUNO,SANDIA,SANDIA,ARICATO
211201,PUNO,SANDIA,SANDIA,CHURINGA
220906,SAN MARTIN,SAN MARTIN,EL PORVENIR,NUEVO SAN JUAN
220805,SAN MARTIN,RIOJA,PARDO MIGUEL,ALTA FLORESTA
220802,SAN MARTIN,RIOJA,AWAJUN,SAN FRANCISCO DEL ALTO MAYO (SAN FRANCISCO)
220709,SAN MARTIN,PICOTA,TINGO DE PONASA,CHONTAL
220801,SAN MARTIN,RIOJA,RIOJA,NUEVA SANTA ROSA
220301,SAN MARTIN,EL DORADO,SAN JOSE DE SISA,EL DORADO
220503,SAN MARTIN,LAMAS,BARRANQUITA,PIÑAL
220801,SAN MARTIN,RIOJA,RIOJA,MOENA
220101,SAN MARTIN,MOYOBAMBA,MOYOBAMBA,CAÑABRAVA
220101,SAN MARTIN,MOYOBAMBA,MOYOBAMBA,FLOR DEL MAYO
220502,SAN MARTIN,LAMAS,ALONSO DE ALVARADO,BUENOS AIRES
220205,SAN MARTIN,BELLAVISTA,SAN PABLO,SAN PABLO
220804,SAN MARTIN,RIOJA,NUEVA CAJAMARCA,SAN JUAN DE RIO SORITOR (SAN JUAN)
220701,SAN MARTIN,PICOTA,PICOTA,SANTA ROSILLO ANTIGUA
220913,SAN MARTIN,SAN MARTIN,SAUCE,LIMONCOCHA
221003,SAN MARTIN,TOCACHE,POLVORA,ALTO PIZANA
220505,SAN MARTIN,LAMAS,CUÏ¿½UMBUQUI,LA PALMERAS
220701,SAN MARTIN,PICOTA,PICOTA,PICAFLOR
220401,SAN MARTIN,HUALLAGA,SAPOSOA,CHAMBIRA
221001,SAN MARTIN,TOCACHE,TOCACHE,MANTENCION
220909,SAN MARTIN,SAN MARTIN,LA BANDA DE SHILCAYO,ALTO POLISH
220105,SAN MARTIN,MOYOBAMBA,SORITOR,SAN MARCOS
220504,SAN MARTIN,LAMAS,CAYNARACHI,CHARAPILLO
220203,SAN MARTIN,BELLAVISTA,BAJO BIAVO,PACASMAYO
220710,SAN MARTIN,PICOTA,TRES UNIDOS,NUEVO PARAISO
220901,SAN MARTIN,SAN MARTIN,TARAPOTO,SAN JUAN DE CUMBAZA
220804,SAN MARTIN,RIOJA,NUEVA CAJAMARCA,BETANIA
220804,SAN MARTIN,RIOJA,NUEVA CAJAMARCA,RICARDO PALMA
221003,SAN MARTIN,TOCACHE,POLVORA,CAÑUTO
220405,SAN MARTIN,HUALLAGA,SACANCHE,POPIN
221003,SAN MARTIN,TOCACHE,POLVORA,SAN JUAN DE CAÑUTILLO (CUEVACHUNCHI)
221001,SAN MARTIN,TOCACHE,TOCACHE,IV SECTOR LIMON
221003,SAN MARTIN,TOCACHE,POLVORA,SARGENTO LORES DE BALSAYACU
221004,SAN MARTIN,TOCACHE,SHUNTE,MONTE CRISTO
220104,SAN MARTIN,MOYOBAMBA,JEPELACIO,CARRIZAL
220206,SAN MARTIN,BELLAVISTA,SAN RAFAEL,PALESTINA
220104,SAN MARTIN,MOYOBAMBA,JEPELACIO,7 DE JUNIO
220503,SAN MARTIN,LAMAS,BARRANQUITA,SAN JUAN DE PACHICILLA
220303,SAN MARTIN,EL DORADO,SAN MARTIN,INCAICO
220911,SAN MARTIN,SAN MARTIN,PAPAPLAYA,ASUNCION
220911,SAN MARTIN,SAN MARTIN,PAPAPLAYA,SANTA ELENA
220105,SAN MARTIN,MOYOBAMBA,SORITOR,SELVA ALEGRE
220904,SAN MARTIN,SAN MARTIN,CHAZUTA,CALLANAYACU
221003,SAN MARTIN,TOCACHE,POLVORA,BOLIVAR
220602,SAN MARTIN,MARISCAL CACERES,CAMPANILLA,PUCARARCA
220601,SAN MARTIN,MARISCAL CACERES,JUANJUI,CAYENA
220602,SAN MARTIN,MARISCAL CACERES,CAMPANILLA,PERLA MAYO
220104,SAN MARTIN,MOYOBAMBA,JEPELACIO,NUEVO SAN MIGUEL
221003,SAN MARTIN,TOCACHE,POLVORA,BAYOVAR
221002,SAN MARTIN,TOCACHE,NUEVO PROGRESO,RAMAL DE ASPUZANA (ASPUZANA)
221001,SAN MARTIN,TOCACHE,TOCACHE,LAS AMERICAS
221003,SAN MARTIN,TOCACHE,POLVORA,VILLA LOS ANGELES
221001,SAN MARTIN,TOCACHE,TOCACHE,JORGE CHAVEZ DEL RIO ESPINO
220405,SAN MARTIN,HUALLAGA,SACANCHE,LA UNION
220602,SAN MARTIN,MARISCAL CACERES,CAMPANILLA,SANTA ROSA
221001,SAN MARTIN,TOCACHE,TOCACHE,NUEVO BAMBAMARCA
221002,SAN MARTIN,TOCACHE,NUEVO PROGRESO,ALTO SANTA CRUZ
220506,SAN MARTIN,LAMAS,PINTO RECODO,MIRAFLORES DEL BAJO MAYO
250201,UCAYALI,ATALAYA,RAIMONDI,SAN ESTEBAN
250201,UCAYALI,ATALAYA,RAIMONDI,SHIRANTA
250201,UCAYALI,ATALAYA,RAIMONDI,TAQUILA
250101,UCAYALI,CORONEL PORTILLO,CALLERIA,TAMAYA
250101,UCAYALI,CORONEL PORTILLO,CALLERIA,NUEVA UTUQUINIA
250201,UCAYALI,ATALAYA,RAIMONDI,PAUTI
250101,UCAYALI,CORONEL PORTILLO,CALLERIA,SANTA CARMELA DE MASHANGAY
250202,UCAYALI,ATALAYA,SEPAHUA,SERJALI
250203,UCAYALI,ATALAYA,TAHUANIA,SAN JUAN
100904,HUANUCO,PUERTO INCA,TOURNAVISTA,PUEBLO NUEVO KM. 22
250104,UCAYALI,CORONEL PORTILLO,MASISEA,BELEN DE JUDA
250301,UCAYALI,PADRE ABAD,PADRE ABAD,SAN PEDRO DE VISTA ALEGRE
250201,UCAYALI,ATALAYA,RAIMONDI,SAN JUAN DE INUYA
250101,UCAYALI,CORONEL PORTILLO,CALLERIA,NUEVO PARAISO DE MASHANGAY
250201,UCAYALI,ATALAYA,RAIMONDI,CATOTENI
250201,UCAYALI,ATALAYA,RAIMONDI,SAN LUIS DE INUYA
250202,UCAYALI,ATALAYA,SEPAHUA,SHEBOJA
250201,UCAYALI,ATALAYA,RAIMONDI,PAMPA HERMOSA
250303,UCAYALI,PADRE ABAD,CURIMANA,NUEVA ALIANZA
250104,UCAYALI,CORONEL PORTILLO,MASISEA,SAN JUAN
100904,HUANUCO,PUERTO INCA,TOURNAVISTA,SAN JUAN DE PACHITEA
250104,UCAYALI,CORONEL PORTILLO,MASISEA,SANTA ROSA DINAMARCA
250102,UCAYALI,CORONEL PORTILLO,CAMPOVERDE,JUVENTUD
250102,UCAYALI,CORONEL PORTILLO,CAMPOVERDE,23 DE OCTUBRE
250101,UCAYALI,CORONEL PORTILLO,CALLERIA,SAN LORENZO
120608,JUNIN,SATIPO,RIO TAMBO,IMPAME QUIARI
250101,UCAYALI,CORONEL PORTILLO,CALLERIA,LIBERAL
250204,UCAYALI,ATALAYA,YURUA,SAWAWO
250201,UCAYALI,ATALAYA,RAIMONDI,BOCA COCANI
250202,UCAYALI,ATALAYA,SEPAHUA,SANTA ELENA
250201,UCAYALI,ATALAYA,RAIMONDI,LIBERTAD CHICOSILLO
250201,UCAYALI,ATALAYA,RAIMONDI,MAÑARINI
250102,UCAYALI,CORONEL PORTILLO,CAMPOVERDE,BUENOS AIRES
250201,UCAYALI,ATALAYA,RAIMONDI,VILLA MERCEDES
250202,UCAYALI,ATALAYA,SEPAHUA,UNION MIRAFLORES CAPIRONA
200306,PIURA,HUANCABAMBA,SAN MIGUEL DE EL FAIQUE,SAN JOSE
200404,PIURA,MORROPON,LA MATANZA,TIERRAS DURAS BAJO
200202,PIURA,AYABACA,FRIAS,FRIAS
200101,PIURA,PIURA,PIURA,URB. SANTA CLARA
200401,PIURA,MORROPON,CHULUCANAS,CHILILIQUE
200803,PIURA,SECHURA,BERNAL,POZO OSCURO ANTIGUO
200108,PIURA,PIURA,EL TALLAN,NUEVO TALLAN
200110,PIURA,PIURA,LA UNION,DOS ALTOS
200305,PIURA,HUANCABAMBA,LALAQUIZ,TUNAL
200104,PIURA,PIURA,CASTILLA,URB. SAN BERNARDO
200803,PIURA,SECHURA,BERNAL,CORONADO
200101,PIURA,PIURA,PIURA,A.H. VICTOR RAUL
061001,CAJAMARCA,SAN MARCOS,PEDRO GALVEZ,HUAYOBAMBA
060501,CAJAMARCA,CONTUMAZA,CONTUMAZA,LAS BOTIJAS
060102,CAJAMARCA,CAJAMARCA,ASUNCION,SAN MIGUEL DE MATARITA
061202,CAJAMARCA,SAN PABLO,SAN BERNARDINO,TUÑAD
061201,CAJAMARCA,SAN PABLO,SAN PABLO,SAN PABLO
010401,AMAZONAS,CONDORCANQUI,NIEVA,WISHISHI
010204,AMAZONAS,BAGUA,EL PARCO,CHEPEN
010705,AMAZONAS,UTCUBAMBA,JAMALCA,CEREZO
010701,AMAZONAS,UTCUBAMBA,BAGUA GRANDE,BUENA VISTA
010401,AMAZONAS,CONDORCANQUI,NIEVA,ATSAKUS
010403,AMAZONAS,CONDORCANQUI,RIO SANTIAGO,NUEVA LUZ
010401,AMAZONAS,CONDORCANQUI,NIEVA,PUNTON
010402,AMAZONAS,CONDORCANQUI,EL CENEPA,PIJUAYAL
010205,AMAZONAS,BAGUA,IMAZA,PUTUIM
010401,AMAZONAS,CONDORCANQUI,NIEVA,PIWAT
010401,AMAZONAS,CONDORCANQUI,NIEVA,SAN JOSE DE JAPAIME
010401,AMAZONAS,CONDORCANQUI,NIEVA,IPACUMA ALTO
010205,AMAZONAS,BAGUA,IMAZA,PUERTO PACUY
010205,AMAZONAS,BAGUA,IMAZA,ACHU
010202,AMAZONAS,BAGUA,ARAMANGO,CHINGANZA
010205,AMAZONAS,BAGUA,IMAZA,TUNTUNGOS
010401,AMAZONAS,CONDORCANQUI,NIEVA,IDEAL
010403,AMAZONAS,CONDORCANQUI,RIO SANTIAGO,NUEVA ESPERANZA
010402,AMAZONAS,CONDORCANQUI,EL CENEPA,NAJEM
010401,AMAZONAS,CONDORCANQUI,NIEVA,TUNDUSA ESCUELA O CENTRO
060407,CAJAMARCA,CHOTA,COCHABAMBA,COCHABAMBA
061301,CAJAMARCA,SANTA CRUZ,SANTA CRUZ,MITOPAMPA
061310,CAJAMARCA,SANTA CRUZ,UTICYACU,UTICYACU
061304,CAJAMARCA,SANTA CRUZ,CHANCAYBAÏ¿½OS,AGUA SALADA
060801,CAJAMARCA,JAEN,JAEN,LA PALMA CENTRAL
060903,CAJAMARCA,SAN IGNACIO,HUARANGO,SAN MIGUEL
060807,CAJAMARCA,JAEN,POMAHUACA,ATOYE
060607,CAJAMARCA,CUTERVO,QUEROCOTILLO,BARBECHOS
060812,CAJAMARCA,JAEN,SANTA ROSA,PARAISO
060805,CAJAMARCA,JAEN,HUABAL,EL PARAISO
060801,CAJAMARCA,JAEN,JAEN,LAUREL LA PAMPA CENTRAL
060808,CAJAMARCA,JAEN,PUCARA,PUENTE TECHINT
060906,CAJAMARCA,SAN IGNACIO,SAN JOSE DE LOURDES,HUARANGUILLO
150305,LIMA,CAJATAMBO,MANAS,MANAS
150203,LIMA,BARRANCA,PATIVILCA,CARAQUEÑO
150503,LIMA,CAÏ¿½ETE,CALANGO,MINAY
020503,ANCASH,BOLOGNESI,ANTONIO RAIMONDI,RAQUIA
150731,LIMA,HUAROCHIRI,SANTO DOMINGO DE LOS OLLEROS,SANTO DOMINGO DE LOS OLLEROS
020507,ANCASH,BOLOGNESI,COLQUIOC,CHASQUITAMBO
150202,LIMA,BARRANCA,PARAMONGA,TUNAN
150802,LIMA,HUAURA,AMBAR,AMBAR - CAPITANA
060612,CAJAMARCA,CUTERVO,SANTO DOMINGO DE LA CAPILLA,MIRAFLORES
060606,CAJAMARCA,CUTERVO,PIMPINGOS,CUYCA
150407,LIMA,CANTA,SANTA ROSA DE QUIVES,SANTA ROSA DE QUIVES
020102,ANCASH,HUARAZ,COCHABAMBA,COCHABAMBA
021809,ANCASH,SANTA,NUEVO CHIMBOTE,TANGAY BAJO
080903,CUSCO,LA CONVENCION,HUAYOPATA,AMAYBAMBA
080902,CUSCO,LA CONVENCION,ECHARATE,NUEVA VIDA
080408,CUSCO,CALCA,YANATILE,MASKA
080902,CUSCO,LA CONVENCION,ECHARATE,KAMANQUIRIATO
080902,CUSCO,LA CONVENCION,ECHARATE,YOMENTORI MARGEN DERECHA
080906,CUSCO,LA CONVENCION,QUELLOUNO,SIMPACHACA
080902,CUSCO,LA CONVENCION,ECHARATE,KAMUNASHIARI
080408,CUSCO,CALCA,YANATILE,YANATILE
080902,CUSCO,LA CONVENCION,ECHARATE,ALTO CORIMANI
080408,CUSCO,CALCA,YANATILE,BELLAVISTA
080902,CUSCO,LA CONVENCION,ECHARATE,ALTO KEPASHIATO
080902,CUSCO,LA CONVENCION,ECHARATE,KUWAIT
080906,CUSCO,LA CONVENCION,QUELLOUNO,PENETRACION YAVERO
080902,CUSCO,LA CONVENCION,ECHARATE,ALTO MANGUARIARI
080903,CUSCO,LA CONVENCION,HUAYOPATA,YAPE CHICO (IYAPE CHICO)
080903,CUSCO,LA CONVENCION,HUAYOPATA,HUAMANMARCA
090714,HUANCAVELICA,TAYACAJA,SALCABAMBA,AYACOCHA
090705,HUANCAVELICA,TAYACAJA,COLCABAMBA,ANDAYMARCA
090705,HUANCAVELICA,TAYACAJA,COLCABAMBA,QUINTAO
100901,HUANUCO,PUERTO INCA,PUERTO INCA,NUEVA VICTORIA
100905,HUANUCO,PUERTO INCA,YUYAPICHIS,NUEVO DANTAS
100702,HUANUCO,MARAÏ¿½ON,CHOLON,NUEVO JAEN
100903,HUANUCO,PUERTO INCA,HONORIA,CARBAJAL
100902,HUANUCO,PUERTO INCA,CODO DEL POZUZO,HUITOYACU
100604,HUANUCO,LEONCIO PRADO,JOSE CRESPO Y CASTILLO,SAN ISIDRO LANGUIMAK
100601,HUANUCO,LEONCIO PRADO,RUPA-RUPA,SHAMIRO ALTO
100702,HUANUCO,MARAÏ¿½ON,CHOLON,SAN MIGUEL
100606,HUANUCO,LEONCIO PRADO,MARIANO DAMASO BERAUN,FLOR DE UMARI
100602,HUANUCO,LEONCIO PRADO,DANIEL ALOMIA ROBLES,DELICIAS
100902,HUANUCO,PUERTO INCA,CODO DEL POZUZO,PALMA PAMPA
100901,HUANUCO,PUERTO INCA,PUERTO INCA,SANTA ROSA DE PATA
100901,HUANUCO,PUERTO INCA,PUERTO INCA,ALIANZA BAÑOS
100604,HUANUCO,LEONCIO PRADO,JOSE CRESPO Y CASTILLO,ALTO MARONA (MARONA)
100604,HUANUCO,LEONCIO PRADO,JOSE CRESPO Y CASTILLO,PUERTO PRADO
120303,JUNIN,CHANCHAMAYO,PICHANAQUI,SAN JOSE DE SHORI
120607,JUNIN,SATIPO,RIO NEGRO,AMBITARINE
120305,JUNIN,CHANCHAMAYO,SAN RAMON,QUIMIRI SUR CENTRO (QUIMIRISUR)
120305,JUNIN,CHANCHAMAYO,SAN RAMON,SAN PEDRO DE CAÑAVERAL (CAÑAVERAL)
120302,JUNIN,CHANCHAMAYO,PERENE,ALTO PUMPURIANI
120301,JUNIN,CHANCHAMAYO,CHANCHAMAYO,VILLA PARADA
120301,JUNIN,CHANCHAMAYO,CHANCHAMAYO,REITER
120604,JUNIN,SATIPO,MAZAMARI,SELVA RICA
120606,JUNIN,SATIPO,PANGOA,TINCABENI
120605,JUNIN,SATIPO,PAMPA HERMOSA,SANTA VIVIANA BAJA
120606,JUNIN,SATIPO,PANGOA,COYENTIMARI
120303,JUNIN,CHANCHAMAYO,PICHANAQUI,SAN JOSE DE ALTO ZOTORANI
120302,JUNIN,CHANCHAMAYO,PERENE,SANTA ROSA DE YAPAZ
120606,JUNIN,SATIPO,PANGOA,KUBANTIA
120305,JUNIN,CHANCHAMAYO,SAN RAMON,LA CODICIADA
120305,JUNIN,CHANCHAMAYO,SAN RAMON,NARANJAL
120607,JUNIN,SATIPO,RIO NEGRO,SAN JUAN DE CHENI
130401,LA LIBERTAD,CHEPEN,CHEPEN,CHEPEN ALTO
060505,CAJAMARCA,CONTUMAZA,SAN BENITO,PIEDRA PRIETA
130301,LA LIBERTAD,BOLIVAR,BOLIVAR,YALEN
130401,LA LIBERTAD,CHEPEN,CHEPEN,SANTA VICTORIA
130402,LA LIBERTAD,CHEPEN,PACANGA,SAN JUAN DE DIOS
130702,LA LIBERTAD,PACASMAYO,GUADALUPE,LIMONCARRO (LIMON CARRO)
140307,LAMBAYEQUE,LAMBAYEQUE,MOTUPE,SAN ISIDRO
160104,LORETO,MAYNAS,INDIANA,PALMERAS II - ZONA
160305,LORETO,LORETO,URARINAS,BELLAVISTA
160503,LORETO,REQUENA,CAPELO,NUEVO BUENA VISTA
160103,LORETO,MAYNAS,FERNANDO LORES,INDEPENDIENTE
160104,LORETO,MAYNAS,INDIANA,TIMICURILLO II - ZONA
160305,LORETO,LORETO,URARINAS,CUNINICO
160506,LORETO,REQUENA,PUINAHUA,ANCASH
160106,LORETO,MAYNAS,MAZAN,NUEVO PORVENIR
160801,LORETO,PUTUMAYO,PUTUMAYO,PUERTO FRANCISCO
160108,LORETO,MAYNAS,PUNCHANA,SAN LUIS DE VISTA ALEGRE
160107,LORETO,MAYNAS,NAPO,PUERTO ARICA
160107,LORETO,MAYNAS,NAPO,MUCHA VISTA
160104,LORETO,MAYNAS,INDIANA,NUEVO PORTAL
160103,LORETO,MAYNAS,FERNANDO LORES,TAPIRA NUEVO I ZONA
160305,LORETO,LORETO,URARINAS,LAGARTO COCHA
160303,LORETO,LORETO,TIGRE,NUEVO ORED
160113,LORETO,MAYNAS,SAN JUAN BAUTISTA,OTORONGO KM.23
160606,LORETO,UCAYALI,VARGAS GUERRA,2 HERMANOS
160401,LORETO,MARISCAL RAMON CASTILLA,RAMON CASTILLA,AMPIYACU
160108,LORETO,MAYNAS,PUNCHANA,SANTA MARIA DE FATIMA
160501,LORETO,REQUENA,REQUENA,SAN SALVADOR
160107,LORETO,MAYNAS,NAPO,TIPICHCA
160404,LORETO,MARISCAL RAMON CASTILLA,SAN PABLO,ACHUAL
160103,LORETO,MAYNAS,FERNANDO LORES,SAN PEDRO DE BLANCO
160301,LORETO,LORETO,NAUTA,PUERTO PERU
160106,LORETO,MAYNAS,MAZAN,COPALILLO
160403,LORETO,MARISCAL RAMON CASTILLA,YAVARI,NUEVA JERUSALEN
160606,LORETO,UCAYALI,VARGAS GUERRA,HUAMANTULLO
160106,LORETO,MAYNAS,MAZAN,SAN ANTONIO DE ZAMBRANO
160112,LORETO,MAYNAS,BELEN,RAFAEL BELAUNDE
160108,LORETO,MAYNAS,PUNCHANA,SANTA CLARA II ZONA
160103,LORETO,MAYNAS,FERNANDO LORES,CENTRO YAPACANA
160505,LORETO,REQUENA,MAQUIA,LAGO TIPISHCA
160505,LORETO,REQUENA,MAQUIA,ALEGRIA DE VIVIR
160505,LORETO,REQUENA,MAQUIA,ARICA VIEJO
160511,LORETO,REQUENA,YAQUERANA,NUEVO SAN JUAN
160505,LORETO,REQUENA,MAQUIA,NUEVO SAN ANTONIO
160103,LORETO,MAYNAS,FERNANDO LORES,NUEVA PRIMAVERA
160404,LORETO,MARISCAL RAMON CASTILLA,SAN PABLO,VERBENA
160113,LORETO,MAYNAS,SAN JUAN BAUTISTA,24 DE JUNIO
160107,LORETO,MAYNAS,NAPO,HUIRIRIMA
160107,LORETO,MAYNAS,NAPO,PORVENIR DE INAYUGA
160401,LORETO,MARISCAL RAMON CASTILLA,RAMON CASTILLA,SAN FRANCISCO DE SUNI
160103,LORETO,MAYNAS,FERNANDO LORES,EL CHINO
160301,LORETO,LORETO,NAUTA,SAN JORGE
160103,LORETO,MAYNAS,FERNANDO LORES,NUEVA PALESTINA
160103,LORETO,MAYNAS,FERNANDO LORES,SAN JUAN DE YANAYACU
160108,LORETO,MAYNAS,PUNCHANA,SAN PEDRO
160404,LORETO,MARISCAL RAMON CASTILLA,SAN PABLO,LAS PALMERAS
160601,LORETO,UCAYALI,CONTAMANA,9 DE OCTUBRE
160703,LORETO,DATEM DEL MARAÏ¿½ON,MANSERICHE,JERUSALEN
160201,LORETO,ALTO AMAZONAS,YURIMAGUAS,NUEVO SHAPAJA
160206,LORETO,ALTO AMAZONAS,LAGUNAS,SANTA ISABEL HUALLAGA
160202,LORETO,ALTO AMAZONAS,BALSAPUERTO,NARANJAL DE YANAYACU
160202,LORETO,ALTO AMAZONAS,BALSAPUERTO,NUEVA BARRANQUITA PARANAPURA
160701,LORETO,DATEM DEL MARAÏ¿½ON,BARRANCA,LINCHES
160704,LORETO,DATEM DEL MARAÏ¿½ON,MORONA,NUEVO MILAGRO
160201,LORETO,ALTO AMAZONAS,YURIMAGUAS,VARADERILLO
160202,LORETO,ALTO AMAZONAS,BALSAPUERTO,SAN FERNANDO
160704,LORETO,DATEM DEL MARAÏ¿½ON,MORONA,TIERRA BLANCA
160704,LORETO,DATEM DEL MARAÏ¿½ON,MORONA,SANTA CRUZ
160202,LORETO,ALTO AMAZONAS,BALSAPUERTO,VILLA ALEGRE
160706,LORETO,DATEM DEL MARAÏ¿½ON,ANDOAS,UWITNZA
160702,LORETO,DATEM DEL MARAÏ¿½ON,CAHUAPANAS,NUEVO TRIUNFO
160701,LORETO,DATEM DEL MARAÏ¿½ON,BARRANCA,TIGRE PLAYA NUEVO
160702,LORETO,DATEM DEL MARAÏ¿½ON,CAHUAPANAS,SANTA MARIA  DE CAHUAPANAS
160211,LORETO,ALTO AMAZONAS,TENIENTE CESAR LOPEZ ROJAS,YASECA
160703,LORETO,DATEM DEL MARAÏ¿½ON,MANSERICHE,CHINOCAÑO
160702,LORETO,DATEM DEL MARAÏ¿½ON,CAHUAPANAS,KATIRENTZA
160211,LORETO,ALTO AMAZONAS,TENIENTE CESAR LOPEZ ROJAS,LAS MERCEDES
160210,LORETO,ALTO AMAZONAS,SANTA CRUZ,CAYALTI
160701,LORETO,DATEM DEL MARAÏ¿½ON,BARRANCA,1607011101
160704,LORETO,DATEM DEL MARAÏ¿½ON,MORONA,SANCHEZ CERRO
160202,LORETO,ALTO AMAZONAS,BALSAPUERTO,PUERTO PORVENIR
160705,LORETO,DATEM DEL MARAÏ¿½ON,PASTAZA,ALIANZA
160705,LORETO,DATEM DEL MARAÏ¿½ON,PASTAZA,IHUAQUICOCHA
160703,LORETO,DATEM DEL MARAÏ¿½ON,MANSERICHE,SETENTA
160706,LORETO,DATEM DEL MARAÏ¿½ON,ANDOAS,BOBONAZA
160706,LORETO,DATEM DEL MARAÏ¿½ON,ANDOAS,NUEVO PERU
160202,LORETO,ALTO AMAZONAS,BALSAPUERTO,SAN CARLOS
160704,LORETO,DATEM DEL MARAÏ¿½ON,MORONA,SHOROYA NUEVO
160704,LORETO,DATEM DEL MARAÏ¿½ON,MORONA,SAN FRANSISCO
160703,LORETO,DATEM DEL MARAÏ¿½ON,MANSERICHE,SINCHI ROCA
160210,LORETO,ALTO AMAZONAS,SANTA CRUZ,SAN MIGUEL DE PUCATE
170303,MADRE DE DIOS,TAHUAMANU,TAHUAMANU,SAN PEDRO
170104,MADRE DE DIOS,TAMBOPATA,LABERINTO,SHIRINGAYOC O VUELTA GRANDE
190304,PASCO,OXAPAMPA,PALCAZU,ALDEA NATIVA SANTA ROSA DE CHUCHURRAS
190304,PASCO,OXAPAMPA,PALCAZU,ALDEA NATIVA SAN FRANCISCO DE CHUCHURRAS
190306,PASCO,OXAPAMPA,PUERTO BERMUDEZ,ALDEA NATIVA NEVATI
190306,PASCO,OXAPAMPA,PUERTO BERMUDEZ,SANTA ANITA
190307,PASCO,OXAPAMPA,VILLA RICA,PURUZ
190306,PASCO,OXAPAMPA,PUERTO BERMUDEZ,NUEVO PERU
190306,PASCO,OXAPAMPA,PUERTO BERMUDEZ,ALDEA NATIVA MOSQUITOPLAYA
190304,PASCO,OXAPAMPA,PALCAZU,BOCA DE CHUCHURRAS
190306,PASCO,OXAPAMPA,PUERTO BERMUDEZ,ALDEA NATIVA SAN FAUSTO
190306,PASCO,OXAPAMPA,PUERTO BERMUDEZ,ALDEA NATIVA ALTO SAN LUIS (CHINCHIRIAQUI)
220504,SAN MARTIN,LAMAS,CAYNARACHI,PINTOYACU
221003,SAN MARTIN,TOCACHE,POLVORA,UNION NUEVA VICTORIA
221005,SAN MARTIN,TOCACHE,UCHIZA,BAJO HUAYNABE
220101,SAN MARTIN,MOYOBAMBA,MOYOBAMBA,EL CONDOR
220401,SAN MARTIN,HUALLAGA,SAPOSOA,PALTAICO
220502,SAN MARTIN,LAMAS,ALONSO DE ALVARADO,NUEVO ORIENTE
220304,SAN MARTIN,EL DORADO,SANTA ROSA,ALTO PALMERAS
220105,SAN MARTIN,MOYOBAMBA,SORITOR,POMALCA
220105,SAN MARTIN,MOYOBAMBA,SORITOR,ALTO PERU
220708,SAN MARTIN,PICOTA,SHAMBOYACU,CHANCHAMAYO
220101,SAN MARTIN,MOYOBAMBA,MOYOBAMBA,EL IMPERIO DE CACHIYACU
220909,SAN MARTIN,SAN MARTIN,LA BANDA DE SHILCAYO,CHONTAMUYO
220203,SAN MARTIN,BELLAVISTA,BAJO BIAVO,DOS DE MAYO
220101,SAN MARTIN,MOYOBAMBA,MOYOBAMBA,NUEVO MILAGRO
220904,SAN MARTIN,SAN MARTIN,CHAZUTA,TUPAC AMARU
221001,SAN MARTIN,TOCACHE,TOCACHE,LAS PALMAS
220904,SAN MARTIN,SAN MARTIN,CHAZUTA,SANTA ROSA DE CHIPAOTA
100604,HUANUCO,LEONCIO PRADO,JOSE CRESPO Y CASTILLO,INCA HUASI
100604,HUANUCO,LEONCIO PRADO,JOSE CRESPO Y CASTILLO,JORGE BASADRE
220104,SAN MARTIN,MOYOBAMBA,JEPELACIO,BARRANQUITA
221003,SAN MARTIN,TOCACHE,POLVORA,ALTO ISCOTE
220303,SAN MARTIN,EL DORADO,SAN MARTIN,BUENA VISTA
220206,SAN MARTIN,BELLAVISTA,SAN RAFAEL,CRISTINO GARCIA CARHUAPOMA
220506,SAN MARTIN,LAMAS,PINTO RECODO,NUEVO SALINAS
220909,SAN MARTIN,SAN MARTIN,LA BANDA DE SHILCAYO,LAS FLORES DE PUCAYACU
220506,SAN MARTIN,LAMAS,PINTO RECODO,SANTA MARIA DEL MAYO
220702,SAN MARTIN,PICOTA,BUENOS AIRES,PROGRESO
220602,SAN MARTIN,MARISCAL CACERES,CAMPANILLA,LA UNION
220203,SAN MARTIN,BELLAVISTA,BAJO BIAVO,LA PERLA DEL PONASILLO
220204,SAN MARTIN,BELLAVISTA,HUALLAGA,AUCARARCA
220506,SAN MARTIN,LAMAS,PINTO RECODO,GOZEN
220206,SAN MARTIN,BELLAVISTA,SAN RAFAEL,SAN RAFAEL
221001,SAN MARTIN,TOCACHE,TOCACHE,NARANJAL
220101,SAN MARTIN,MOYOBAMBA,MOYOBAMBA,CACHIYACU
220102,SAN MARTIN,MOYOBAMBA,CALZADA,SAN FRANCISCO DEL PAJONAL
220101,SAN MARTIN,MOYOBAMBA,MOYOBAMBA,BAÑOS SULFUROSOS DE OROMINA
220601,SAN MARTIN,MARISCAL CACERES,JUANJUI,SAN MARTIN
220507,SAN MARTIN,LAMAS,RUMISAPA,SHAPUMBA
221001,SAN MARTIN,TOCACHE,TOCACHE,YACUSISA
220206,SAN MARTIN,BELLAVISTA,SAN RAFAEL,LA LIBERTAD
221002,SAN MARTIN,TOCACHE,NUEVO PROGRESO,TIPISHCA
220605,SAN MARTIN,MARISCAL CACERES,PAJARILLO,SOLEDAD
220911,SAN MARTIN,SAN MARTIN,PAPAPLAYA,PUERTO MERCEDES
220104,SAN MARTIN,MOYOBAMBA,JEPELACIO,ALTO JERILLO
220106,SAN MARTIN,MOYOBAMBA,YANTALO,LA FLORIDA
220708,SAN MARTIN,PICOTA,SHAMBOYACU,NUEVO LORETO
220503,SAN MARTIN,LAMAS,BARRANQUITA,LAS PALMERAS
220906,SAN MARTIN,SAN MARTIN,EL PORVENIR,PUERTO ALEGRE
220401,SAN MARTIN,HUALLAGA,SAPOSOA,SAN ANDRES
220101,SAN MARTIN,MOYOBAMBA,MOYOBAMBA,SAPOTE
220510,SAN MARTIN,LAMAS,TABALOSOS,PASHAQUILLAL
220303,SAN MARTIN,EL DORADO,SAN MARTIN,PACAYPAMPA
220804,SAN MARTIN,RIOJA,NUEVA CAJAMARCA,PERLA DE DAGUAS
220804,SAN MARTIN,RIOJA,NUEVA CAJAMARCA,LA UNION
220303,SAN MARTIN,EL DORADO,SAN MARTIN,EL TRIUNFO
220101,SAN MARTIN,MOYOBAMBA,MOYOBAMBA,BAÑOS TERMALES DE SAN MATEO
220804,SAN MARTIN,RIOJA,NUEVA CAJAMARCA,LA FLORIDA
220104,SAN MARTIN,MOYOBAMBA,JEPELACIO,GUINEAL
220708,SAN MARTIN,PICOTA,SHAMBOYACU,OJECILLO
220804,SAN MARTIN,RIOJA,NUEVA CAJAMARCA,LA PRIMAVERA
220809,SAN MARTIN,RIOJA,YURACYACU,PLANTANOYACU
220101,SAN MARTIN,MOYOBAMBA,MOYOBAMBA,EL ESPINO
220907,SAN MARTIN,SAN MARTIN,HUIMBAYOC,SANTA ROSILLO
220106,SAN MARTIN,MOYOBAMBA,YANTALO,CRUCE LA UNION
221001,SAN MARTIN,TOCACHE,TOCACHE,SAN CRISTOBAL DE TOMAS
221005,SAN MARTIN,TOCACHE,UCHIZA,CAJATAMBO
250302,UCAYALI,PADRE ABAD,IRAZOLA,PUEBLO NUEVO
250102,UCAYALI,CORONEL PORTILLO,CAMPOVERDE,YERBAS BUENAS
250302,UCAYALI,PADRE ABAD,IRAZOLA,VICTOR RAUL
250102,UCAYALI,CORONEL PORTILLO,CAMPOVERDE,SIMON BOLIVAR
250301,UCAYALI,PADRE ABAD,PADRE ABAD,PACAY
250301,UCAYALI,PADRE ABAD,PADRE ABAD,SHANANTIA
250103,UCAYALI,CORONEL PORTILLO,IPARIA,SEÑOR DE LOS MILAGROS
250106,UCAYALI,CORONEL PORTILLO,NUEVA REQUENA,NUEVE DE FEBRERO
250105,UCAYALI,CORONEL PORTILLO,YARINACOCHA,SANTA ROSA
250301,UCAYALI,PADRE ABAD,PADRE ABAD,PRIMAVERA
250101,UCAYALI,CORONEL PORTILLO,CALLERIA,NUEVA ALEJANDRIA
250103,UCAYALI,CORONEL PORTILLO,IPARIA,VALLADOLID
250103,UCAYALI,CORONEL PORTILLO,IPARIA,NUEVO SAN JUAN
250104,UCAYALI,CORONEL PORTILLO,MASISEA,SANTA MARTHA
250103,UCAYALI,CORONEL PORTILLO,IPARIA,NUEVO JERUSALEN
100904,HUANUCO,PUERTO INCA,TOURNAVISTA,COMUNIDAD NATIVA EL NARANJAL
100903,HUANUCO,PUERTO INCA,HONORIA,SEÑOR DE LOS MILAGROS
250104,UCAYALI,CORONEL PORTILLO,MASISEA,ALTO TAMAYA (SAWETO)
250101,UCAYALI,CORONEL PORTILLO,CALLERIA,NUEVA VIDA
250101,UCAYALI,CORONEL PORTILLO,CALLERIA,AGUA NEGRA
250104,UCAYALI,CORONEL PORTILLO,MASISEA,SEÑOR DE LOS MILAGROS
250303,UCAYALI,PADRE ABAD,CURIMANA,NUEVO SAN JOSE
200110,PIURA,PIURA,LA UNION,MONTE REDONDO
200108,PIURA,PIURA,EL TALLAN,PIEDRAL ANTIGUO (PIEDRAL)
200805,PIURA,SECHURA,VICE,VICE
200402,PIURA,MORROPON,BUENOS AIRES,PIEDRA HERRADA
010401,AMAZONAS,CONDORCANQUI,NIEVA,WAISIN
010205,AMAZONAS,BAGUA,IMAZA,ENTRADA IMACITA
010609,AMAZONAS,RODRIGUEZ DE MENDOZA,OMIA,NUEVO CHIRIMOTO
010401,AMAZONAS,CONDORCANQUI,NIEVA,TAMPE
010402,AMAZONAS,CONDORCANQUI,EL CENEPA,NUEVA KANAM
010609,AMAZONAS,RODRIGUEZ DE MENDOZA,OMIA,LA UNION
010403,AMAZONAS,CONDORCANQUI,RIO SANTIAGO,CAMIT ENTSA
010610,AMAZONAS,RODRIGUEZ DE MENDOZA,SANTA ROSA,TRANCAHUAYCO
010202,AMAZONAS,BAGUA,ARAMANGO,NUEVA ESPERANZA
010202,AMAZONAS,BAGUA,ARAMANGO,MIRANA
010201,AMAZONAS,BAGUA,BAGUA,CHOMZA ALTA
010201,AMAZONAS,BAGUA,BAGUA,ARRAYAN
010609,AMAZONAS,RODRIGUEZ DE MENDOZA,OMIA,TOCUYA
010514,AMAZONAS,LUYA,PISUQUIA,TULIC
010401,AMAZONAS,CONDORCANQUI,NIEVA,CENTRO IPACUMA
010503,AMAZONAS,LUYA,COCABAMBA,QUISQUIS
010403,AMAZONAS,CONDORCANQUI,RIO SANTIAGO,SAN JUAN
010609,AMAZONAS,RODRIGUEZ DE MENDOZA,OMIA,EL LIBANO
010606,AMAZONAS,RODRIGUEZ DE MENDOZA,LONGAR,LONGAR
010202,AMAZONAS,BAGUA,ARAMANGO,NAJEN
010703,AMAZONAS,UTCUBAMBA,CUMBA,OTUCCHO
010706,AMAZONAS,UTCUBAMBA,LONYA GRANDE,RODRIGUEZ TAFUR
060801,CAJAMARCA,JAEN,JAEN,LA CORONA
060811,CAJAMARCA,JAEN,SAN JOSE DEL ALTO,PEÑA BLANCA
060906,CAJAMARCA,SAN IGNACIO,SAN JOSE DE LOURDES,APANGOYA
060805,CAJAMARCA,JAEN,HUABAL,LA HUACA
140202,LAMBAYEQUE,FERREÏ¿½AFE,CAÏ¿½ARIS,ILLAMBE
060905,CAJAMARCA,SAN IGNACIO,NAMBALLE,MIAMI ALTO
060611,CAJAMARCA,CUTERVO,SANTA CRUZ,MICHIGO
060905,CAJAMARCA,SAN IGNACIO,NAMBALLE,LAGUNAS
060801,CAJAMARCA,JAEN,JAEN,BALSILLAS
060903,CAJAMARCA,SAN IGNACIO,HUARANGO,BURGOS
150812,LIMA,HUAURA,VEGUETA,J.C.M. - SAN FELIPE
150806,LIMA,HUAURA,HUAURA,PENICO - MONGUETE
151008,LIMA,YAUYOS,CATAHUASI,CATAHUASI
150202,LIMA,BARRANCA,PARAMONGA,CERRO BLANCO
150201,LIMA,BARRANCA,BARRANCA,SANTA ELENA NORTE
151003,LIMA,YAUYOS,ALLAUCA,CAPILLUCAS
060604,CAJAMARCA,CUTERVO,CUJILLO,SAN FRANCISCO
060615,CAJAMARCA,CUTERVO,TORIBIO CASANOVA,PERLAMAYO
060602,CAJAMARCA,CUTERVO,CALLAYUC,SAN JUAN BAUTISTA (LA PALMA)
080902,CUSCO,LA CONVENCION,ECHARATE,SANTA TERESITA
080907,CUSCO,LA CONVENCION,KIMBIRI,CAMONIATO
080902,CUSCO,LA CONVENCION,ECHARATE,BAJO POSTAKIATO
080909,CUSCO,LA CONVENCION,VILCABAMBA,APUTINYA
080903,CUSCO,LA CONVENCION,HUAYOPATA,CALQUIÑA
080908,CUSCO,LA CONVENCION,SANTA TERESA,ACHIRAYOC
080909,CUSCO,LA CONVENCION,VILCABAMBA,CHANCAVINE
080307,CUSCO,ANTA,MOLLEPATA,MOLLEPATA
080910,CUSCO,LA CONVENCION,PICHARI,SANKIROSHI
080901,CUSCO,LA CONVENCION,SANTA ANA,CHAUPIMAYO B
090705,HUANCAVELICA,TAYACAJA,COLCABAMBA,QUICHUAS
090202,HUANCAVELICA,ACOBAMBA,ANDABAMBA,ANDABAMBA
090714,HUANCAVELICA,TAYACAJA,SALCABAMBA,DANIEL HERNANDEZ DE LAMBRAS
090705,HUANCAVELICA,TAYACAJA,COLCABAMBA,OCORO
090718,HUANCAVELICA,TAYACAJA,TINTAY PUNCU,UCHUYSIHUIS
100903,HUANUCO,PUERTO INCA,HONORIA,EL TRIUNFO
100507,HUANUCO,HUAMALIES,MONZON,TINGO CHICO
100501,HUANUCO,HUAMALIES,LLATA,LLATA
100606,HUANUCO,LEONCIO PRADO,MARIANO DAMASO BERAUN,BEJUCAL
100507,HUANUCO,HUAMALIES,MONZON,ANAYUNGA
100601,HUANUCO,LEONCIO PRADO,RUPA-RUPA,SUPTE CHICO ALTO
100606,HUANUCO,LEONCIO PRADO,MARIANO DAMASO BERAUN,JAVIER PEREZ DE CUELLAR
100604,HUANUCO,LEONCIO PRADO,JOSE CRESPO Y CASTILLO,SAN FRANCISCO
100901,HUANUCO,PUERTO INCA,PUERTO INCA,EL PARAISO
100905,HUANUCO,PUERTO INCA,YUYAPICHIS,BOCA DE YANAYACU (YANAYACU)
100902,HUANUCO,PUERTO INCA,CODO DEL POZUZO,CENTRO HUAMPOMAYO
100903,HUANUCO,PUERTO INCA,HONORIA,SARGENTO LORES
120303,JUNIN,CHANCHAMAYO,PICHANAQUI,LAS PALMAS - IPOKI (LAS PALMAS)
120608,JUNIN,SATIPO,RIO TAMBO,BOCA CHEMBO
120601,JUNIN,SATIPO,SATIPO,CAPIRO BAJO
120303,JUNIN,CHANCHAMAYO,PICHANAQUI,SAN JUAN VILLA CHICARIATO
120604,JUNIN,SATIPO,MAZAMARI,LOS ANGELES DE EDEN
120608,JUNIN,SATIPO,RIO TAMBO,BUENOS AIRES
120306,JUNIN,CHANCHAMAYO,VITOC,VITOC
120302,JUNIN,CHANCHAMAYO,PERENE,COMAVISHIKI
120303,JUNIN,CHANCHAMAYO,PICHANAQUI,CENTRO MIRITARINI
120302,JUNIN,CHANCHAMAYO,PERENE,SAN MIGUEL DE BUENOS AIRES
120607,JUNIN,SATIPO,RIO NEGRO,SINCHIJAROQUI
120305,JUNIN,CHANCHAMAYO,SAN RAMON,CHUNCHUYACU
120608,JUNIN,SATIPO,RIO TAMBO,TSO MAVENI
190306,PASCO,OXAPAMPA,PUERTO BERMUDEZ,PLATANILLO
120303,JUNIN,CHANCHAMAYO,PICHANAQUI,SAN ANTONIO DE ZUTZIKI (ZUTZIKI)
120303,JUNIN,CHANCHAMAYO,PICHANAQUI,SAN MARTIN DE BAJO ZOTARARI (BAJO ZOTARANI)
120602,JUNIN,SATIPO,COVIRIALI,PALMAPAMPA
120604,JUNIN,SATIPO,MAZAMARI,SAN JOSE MIRAFLORES
120601,JUNIN,SATIPO,SATIPO,TIMARINI ALTO
120601,JUNIN,SATIPO,SATIPO,SANTA IRENE ALTO
120602,JUNIN,SATIPO,COVIRIALI,LA FLORIDA
120302,JUNIN,CHANCHAMAYO,PERENE,SAN JUAN 71
120602,JUNIN,SATIPO,COVIRIALI,SAN PEDRO ALTO
120303,JUNIN,CHANCHAMAYO,PICHANAQUI,AMAUTA
120302,JUNIN,CHANCHAMAYO,PERENE,SAN ANTONIO ALTO PICHANAKI (ALTO PICHANAKI)
120606,JUNIN,SATIPO,PANGOA,INTERANDINO
120601,JUNIN,SATIPO,SATIPO,BAJO MARANQUIARI
120302,JUNIN,CHANCHAMAYO,PERENE,PUERTO YURINAKI (BAJO YURINAQUI)
120302,JUNIN,CHANCHAMAYO,PERENE,HUACAMAYO BAJO (HUACAMAYO)
120306,JUNIN,CHANCHAMAYO,VITOC,UTCUYACU
120303,JUNIN,CHANCHAMAYO,PICHANAQUI,CAPATZARI
120302,JUNIN,CHANCHAMAYO,PERENE,SAN JUAN DE UBIRIKE (PUERTO UBIRIKE)
130402,LA LIBERTAD,CHEPEN,PACANGA,HUACA BLANCA
130601,LA LIBERTAD,OTUZCO,OTUZCO,CASMICHE
130705,LA LIBERTAD,PACASMAYO,SAN JOSE,JAGUEY (EL JAGUEY)
130108,LA LIBERTAD,TRUJILLO,POROTO,PLATANAL
130108,LA LIBERTAD,TRUJILLO,POROTO,CON CON
130611,LA LIBERTAD,OTUZCO,SALPO,PAGASH ALTO
130601,LA LIBERTAD,OTUZCO,OTUZCO,HUANGAMARCA
131104,LA LIBERTAD,GRAN CHIMU,SAYAPULLO,MUNDO NUEVO
130106,LA LIBERTAD,TRUJILLO,LAREDO,QUIRIHUAC ALTO
131202,LA LIBERTAD,VIRU,CHAO,CASA BLANCA
131101,LA LIBERTAD,GRAN CHIMU,CASCAS,PIDEN
131201,LA LIBERTAD,VIRU,VIRU,MAYASGO
140205,LAMBAYEQUE,FERREÏ¿½AFE,PITIPO,PATIVILCA
140308,LAMBAYEQUE,LAMBAYEQUE,OLMOS,EL PARAISO
140117,LAMBAYEQUE,CHICLAYO,PATAPO,POSOPE BAJO
140120,LAMBAYEQUE,CHICLAYO,TUMAN,VICHAYAL
160201,LORETO,ALTO AMAZONAS,YURIMAGUAS,PUERTO LIBRE
160706,LORETO,DATEM DEL MARAÏ¿½ON,ANDOAS,KUYUNTZA
160102,LORETO,MAYNAS,ALTO NANAY,SABOYA
160112,LORETO,MAYNAS,BELEN,NUEVO AMAZONAS
160706,LORETO,DATEM DEL MARAÏ¿½ON,ANDOAS,LIMON COCHA O MAMUS
160106,LORETO,MAYNAS,MAZAN,QUEBRADA LAURIANO
160605,LORETO,UCAYALI,SARAYACU,SAN JOSE
160703,LORETO,DATEM DEL MARAÏ¿½ON,MANSERICHE,NUEVO ISRAEL
160103,LORETO,MAYNAS,FERNANDO LORES,MAGDALENA
160511,LORETO,REQUENA,YAQUERANA,FRAY PEDRO
160511,LORETO,REQUENA,YAQUERANA,UMAR. 2
160201,LORETO,ALTO AMAZONAS,YURIMAGUAS,NUEVO TRIUNFO
160701,LORETO,DATEM DEL MARAÏ¿½ON,BARRANCA,PAPA YACU
160706,LORETO,DATEM DEL MARAÏ¿½ON,ANDOAS,KUNAMENTZA
160101,LORETO,MAYNAS,IQUITOS,MISHANA
160112,LORETO,MAYNAS,BELEN,SANTA ROSA DE AMAZONAS
160402,LORETO,MARISCAL RAMON CASTILLA,PEBAS,SANTA MARIA DE BREO
160601,LORETO,UCAYALI,CONTAMANA,NUEVO SAN JOSE
160103,LORETO,MAYNAS,FERNANDO LORES,NUEVO JERUSALEN
160107,LORETO,MAYNAS,NAPO,SUNU LLACTA
160601,LORETO,UCAYALI,CONTAMANA,NUEVO JERUSALEN
160107,LORETO,MAYNAS,NAPO,PALETA
160103,LORETO,MAYNAS,FERNANDO LORES,SANTA ANA I ZONA
160103,LORETO,MAYNAS,FERNANDO LORES,SANTA CATALINA
160502,LORETO,REQUENA,ALTO TAPICHE,BARCELONA
160705,LORETO,DATEM DEL MARAÏ¿½ON,PASTAZA,NUEVO CHINGANA
160706,LORETO,DATEM DEL MARAÏ¿½ON,ANDOAS,KUSUIN
160205,LORETO,ALTO AMAZONAS,JEBEROS,LAGUNILLO
160508,LORETO,REQUENA,SOPLIN,NUEVA ALEJANDRIA (CURINGA)
160705,LORETO,DATEM DEL MARAÏ¿½ON,PASTAZA,PUERTO  UWICHI
160206,LORETO,ALTO AMAZONAS,LAGUNAS,PROGRESO
160511,LORETO,REQUENA,YAQUERANA,SANTA ROSA
160102,LORETO,MAYNAS,ALTO NANAY,ANGUILLA
160601,LORETO,UCAYALI,CONTAMANA,SAN MIGUEL
160705,LORETO,DATEM DEL MARAÏ¿½ON,PASTAZA,PUERTO BARRANQUILLO
160105,LORETO,MAYNAS,LAS AMAZONAS,TIGRILLO
160106,LORETO,MAYNAS,MAZAN,QUEBRADA CHORO
160210,LORETO,ALTO AMAZONAS,SANTA CRUZ,SAN PABLO DE LA CRUZ
160702,LORETO,DATEM DEL MARAÏ¿½ON,CAHUAPANAS,PUERTO LIBRE
160703,LORETO,DATEM DEL MARAÏ¿½ON,MANSERICHE,HUASCAR
160706,LORETO,DATEM DEL MARAÏ¿½ON,ANDOAS,PANKINTZA
160706,LORETO,DATEM DEL MARAÏ¿½ON,ANDOAS,SAN PEDRO DE CHAMBIRA
160106,LORETO,MAYNAS,MAZAN,LAGO YURAC YACU
160205,LORETO,ALTO AMAZONAS,JEBEROS,NUEVO CUSCO
160501,LORETO,REQUENA,REQUENA,VILLA MONTE SINAI
160107,LORETO,MAYNAS,NAPO,LIBERTAD
160106,LORETO,MAYNAS,MAZAN,CENTRO UNION PARAISO
160112,LORETO,MAYNAS,BELEN,SANTA ELOISA
160508,LORETO,REQUENA,SOPLIN,NUEVO CAPANAHUA
160210,LORETO,ALTO AMAZONAS,SANTA CRUZ,YAHUARHUACA
160501,LORETO,REQUENA,REQUENA,LAGO PRADO
160107,LORETO,MAYNAS,NAPO,ESPERANZA
160601,LORETO,UCAYALI,CONTAMANA,SAN JUAN DE AMAQUIRIA
160104,LORETO,MAYNAS,INDIANA,SINCHICUY
160701,LORETO,DATEM DEL MARAÏ¿½ON,BARRANCA,NUEVO PONGO
160702,LORETO,DATEM DEL MARAÏ¿½ON,CAHUAPANAS,UNGURAHUI
160211,LORETO,ALTO AMAZONAS,TENIENTE CESAR LOPEZ ROJAS,SAN JOSE VARADERO
160705,LORETO,DATEM DEL MARAÏ¿½ON,PASTAZA,NUEVA AMERICA
160206,LORETO,ALTO AMAZONAS,LAGUNAS,ESPERANZA
160103,LORETO,MAYNAS,FERNANDO LORES,YARINACOCHA
160103,LORETO,MAYNAS,FERNANDO LORES,PUNGA
160112,LORETO,MAYNAS,BELEN,BUENOS AIRES
160701,LORETO,DATEM DEL MARAÏ¿½ON,BARRANCA,INDIO DEL PERU
160508,LORETO,REQUENA,SOPLIN,EL LOBO
160112,LORETO,MAYNAS,BELEN,SAN PEDRO
160107,LORETO,MAYNAS,NAPO,SAN JUAN DE YANAYACU
160206,LORETO,ALTO AMAZONAS,LAGUNAS,SAN PEDRO DEL ESTRENO
160704,LORETO,DATEM DEL MARAÏ¿½ON,MORONA,PARAGUA VIEJO
160604,LORETO,UCAYALI,PAMPA HERMOSA,ISOLAYA
160106,LORETO,MAYNAS,MAZAN,MAUCALLACTA
160106,LORETO,MAYNAS,MAZAN,SAN PEDRO CAYAPOSA
160506,LORETO,REQUENA,PUINAHUA,LAS PALMAS
160704,LORETO,DATEM DEL MARAÏ¿½ON,MORONA,KUSUIMI
160107,LORETO,MAYNAS,NAPO,PUERTO AURORA
160201,LORETO,ALTO AMAZONAS,YURIMAGUAS,NUEVA ERA
160401,LORETO,MARISCAL RAMON CASTILLA,RAMON CASTILLA,NUEVA ALIANZA
160704,LORETO,DATEM DEL MARAÏ¿½ON,MORONA,CUSUIMI
160704,LORETO,DATEM DEL MARAÏ¿½ON,MORONA,CONSUELO
160205,LORETO,ALTO AMAZONAS,JEBEROS,BETHEL
170201,MADRE DE DIOS,MANU,MANU,ADANRAYO
190304,PASCO,OXAPAMPA,PALCAZU,PUERTO PRUSIA
190304,PASCO,OXAPAMPA,PALCAZU,ALTO ULPUS
190306,PASCO,OXAPAMPA,PUERTO BERMUDEZ,PUERTO PASCUALA
190306,PASCO,OXAPAMPA,PUERTO BERMUDEZ,ALDEA NATIVA PAUGIL
190306,PASCO,OXAPAMPA,PUERTO BERMUDEZ,ALDEA NATIVA LA CAMPIÑA
190306,PASCO,OXAPAMPA,PUERTO BERMUDEZ,ALDEA NATIVA SAN JOSE DE SANTARIANI
190307,PASCO,OXAPAMPA,VILLA RICA,PUELLAS YUNCULLMAS (YUNCULMAS)
190307,PASCO,OXAPAMPA,VILLA RICA,BELLA ESPERANZA
190306,PASCO,OXAPAMPA,PUERTO BERMUDEZ,SAN CRISTOBAL
190306,PASCO,OXAPAMPA,PUERTO BERMUDEZ,HUACAMAYO I
190307,PASCO,OXAPAMPA,VILLA RICA,CANAL DE PIEDRA
190304,PASCO,OXAPAMPA,PALCAZU,ISLA DE PATMOS
190307,PASCO,OXAPAMPA,VILLA RICA,SAN PEDRO DE PICHANAS
190301,PASCO,OXAPAMPA,OXAPAMPA,MIRAFLORES NÂª 2
220101,SAN MARTIN,MOYOBAMBA,MOYOBAMBA,SAN JOSE DEL ALTO MAYO (SAN JOSE)
220102,SAN MARTIN,MOYOBAMBA,CALZADA,MOYOBAMBA
220104,SAN MARTIN,MOYOBAMBA,JEPELACIO,LOS NARANJOS
221003,SAN MARTIN,TOCACHE,POLVORA,NUEVO PORVENIR
220104,SAN MARTIN,MOYOBAMBA,JEPELACIO,JORGE CHAVEZ
220104,SAN MARTIN,MOYOBAMBA,JEPELACIO,JERICO
220106,SAN MARTIN,MOYOBAMBA,YANTALO,PASAMAYO
220104,SAN MARTIN,MOYOBAMBA,JEPELACIO,SAN VICENTE
221003,SAN MARTIN,TOCACHE,POLVORA,CEPESA
220601,SAN MARTIN,MARISCAL CACERES,JUANJUI,HUINGUILLO
220404,SAN MARTIN,HUALLAGA,PISCOYACU,LA PEDRERA
220502,SAN MARTIN,LAMAS,ALONSO DE ALVARADO,ALONSO DE ALVARADO
220708,SAN MARTIN,PICOTA,SHAMBOYACU,FLOR DE CAFE
220804,SAN MARTIN,RIOJA,NUEVA CAJAMARCA,VISTA ALEGRE
220902,SAN MARTIN,SAN MARTIN,ALBERTO LEVEAU,LAS FLORES
221001,SAN MARTIN,TOCACHE,TOCACHE,SANTA ROSA DE ALTO TANANTA
220709,SAN MARTIN,PICOTA,TINGO DE PONASA,NUEVO SAN JUAN
221005,SAN MARTIN,TOCACHE,UCHIZA,BAJO PORONGO
220305,SAN MARTIN,EL DORADO,SHATOJA,SAN MARTIN
221001,SAN MARTIN,TOCACHE,TOCACHE,NUEVO JORDAN
220502,SAN MARTIN,LAMAS,ALONSO DE ALVARADO,EL TRIUNFO
220803,SAN MARTIN,RIOJA,ELIAS SOPLIN VARGAS,LA VICTORIA
220701,SAN MARTIN,PICOTA,PICOTA,VALENCIA
220401,SAN MARTIN,HUALLAGA,SAPOSOA,CANTORCILLO
220602,SAN MARTIN,MARISCAL CACERES,CAMPANILLA,SANTA FE
220101,SAN MARTIN,MOYOBAMBA,MOYOBAMBA,MIRAFLORES DEL ALTO MAYO (MIRAFLORES)
220601,SAN MARTIN,MARISCAL CACERES,JUANJUI,PUCALLPILLO
220710,SAN MARTIN,PICOTA,TRES UNIDOS,BELLO HORIZONTE
221005,SAN MARTIN,TOCACHE,UCHIZA,SAN JUAN DE OLLATES
220101,SAN MARTIN,MOYOBAMBA,MOYOBAMBA,BELLA SELVA
100702,HUANUCO,MARAÏ¿½ON,CHOLON,EL CRUCE
220101,SAN MARTIN,MOYOBAMBA,MOYOBAMBA,QUILLOALLPA
220105,SAN MARTIN,MOYOBAMBA,SORITOR,SAN LORENZO
220511,SAN MARTIN,LAMAS,ZAPATERO,PAMPA HERMOSA
220201,SAN MARTIN,BELLAVISTA,BELLAVISTA,VAINILLA
220708,SAN MARTIN,PICOTA,SHAMBOYACU,NUEVO AMAZONAS
221005,SAN MARTIN,TOCACHE,UCHIZA,BOMBONAJE
220805,SAN MARTIN,RIOJA,PARDO MIGUEL,SANTA ROSA DEL MIRADOR
220101,SAN MARTIN,MOYOBAMBA,MOYOBAMBA,PAZ Y ESPERANZA
221002,SAN MARTIN,TOCACHE,NUEVO PROGRESO,NUEVA UNION
221001,SAN MARTIN,TOCACHE,TOCACHE,CHAN CHAN
220206,SAN MARTIN,BELLAVISTA,SAN RAFAEL,SAN JOSE
220701,SAN MARTIN,PICOTA,PICOTA,CAPANAO
220103,SAN MARTIN,MOYOBAMBA,HABANA,SANTO DOMINGO
220708,SAN MARTIN,PICOTA,SHAMBOYACU,NUEVA UNION
220105,SAN MARTIN,MOYOBAMBA,SORITOR,LOS CLAVELES
220910,SAN MARTIN,SAN MARTIN,MORALES,SECTOR BOCATOMA
240104,TUMBES,TUMBES,PAMPAS DE HOSPITAL,EL RODEO
240101,TUMBES,TUMBES,TUMBES,EL VENADO
250103,UCAYALI,CORONEL PORTILLO,IPARIA,PUERTO GRAU
250105,UCAYALI,CORONEL PORTILLO,YARINACOCHA,DOS DE MAYO (KM 10)
250106,UCAYALI,CORONEL PORTILLO,NUEVA REQUENA,SAN JUAN DE SHESHEA
250102,UCAYALI,CORONEL PORTILLO,CAMPOVERDE,SAN JOSE DE TUNUYA
250204,UCAYALI,ATALAYA,YURUA,PUESTO BREU
250102,UCAYALI,CORONEL PORTILLO,CAMPOVERDE,NUEVA PRIMAVERA
250101,UCAYALI,CORONEL PORTILLO,CALLERIA,ABANCAY
250106,UCAYALI,CORONEL PORTILLO,NUEVA REQUENA,NUEV AREQUENA
250303,UCAYALI,PADRE ABAD,CURIMANA,LAS MERCEDES
250102,UCAYALI,CORONEL PORTILLO,CAMPOVERDE,ANTONIO RAYMONDI
250101,UCAYALI,CORONEL PORTILLO,CALLERIA,FLOR DE UCAYALI
250105,UCAYALI,CORONEL PORTILLO,YARINACOCHA,NUEVA ESPERANZA DE PANAILLO
250104,UCAYALI,CORONEL PORTILLO,MASISEA,CAIMETO
250105,UCAYALI,CORONEL PORTILLO,YARINACOCHA,UNION ZAPOTILLO
250105,UCAYALI,CORONEL PORTILLO,YARINACOCHA,SAN JUAN
250104,UCAYALI,CORONEL PORTILLO,MASISEA,CHARASMANA
250103,UCAYALI,CORONEL PORTILLO,IPARIA,SANTA ROSA DE SHESHEA
250104,UCAYALI,CORONEL PORTILLO,MASISEA,NUEVO LIBERTAD
250302,UCAYALI,PADRE ABAD,IRAZOLA,ASCENSION DEL AHUAYTILLO
250201,UCAYALI,ATALAYA,RAIMONDI,MONTEVIDEO
100703,HUANUCO,MARAÏ¿½ON,SAN BUENAVENTURA,SAN BUENAVENTURA
200401,PIURA,MORROPON,CHULUCANAS,EL ALTO DEL GALLO
200306,PIURA,HUANCABAMBA,SAN MIGUEL DE EL FAIQUE,VILLA FLOR
200401,PIURA,MORROPON,CHULUCANAS,SANTA ROSA DE NOMALA
200302,PIURA,HUANCABAMBA,CANCHAQUE,AGUA AZUL
200114,PIURA,PIURA,TAMBO GRANDE,DIOS NOS MIRE
200406,PIURA,MORROPON,SALITRAL,HUERO QUISPAMPA
200803,PIURA,SECHURA,BERNAL,NUEVO POZO OSCURO
200404,PIURA,MORROPON,LA MATANZA,TIERRAS DURAS DEL VIRREY
200301,PIURA,HUANCABAMBA,HUANCABAMBA,HUANCACARPA BAJO
200401,PIURA,MORROPON,CHULUCANAS,VEGA HONDA
200302,PIURA,HUANCABAMBA,CANCHAQUE,PAMPA DE LAS MINAS
200302,PIURA,HUANCABAMBA,CANCHAQUE,PALAMBLA
060312,CAJAMARCA,CELENDIN,LA LIBERTAD DE PALLAN,LA LIBERTAD DE PALLAN
060108,CAJAMARCA,CAJAMARCA,LOS BAÏ¿½OS DEL INCA,BAJO OTUZCO
010401,AMAZONAS,CONDORCANQUI,NIEVA,PAANTAN
010201,AMAZONAS,BAGUA,BAGUA,LIMONYACO ALTO
010202,AMAZONAS,BAGUA,ARAMANGO,LA LIBERTAD (C.P.L.)
010205,AMAZONAS,BAGUA,IMAZA,SAN PABLO
010201,AMAZONAS,BAGUA,BAGUA,ARENAL
010401,AMAZONAS,CONDORCANQUI,NIEVA,NUMPATKAIN - BASHUTAK
010205,AMAZONAS,BAGUA,IMAZA,JEMPETS (CHICAIS)
010205,AMAZONAS,BAGUA,IMAZA,WAWAIM
010205,AMAZONAS,BAGUA,IMAZA,KUSUIM
010706,AMAZONAS,UTCUBAMBA,LONYA GRANDE,HUAMBOYA
010403,AMAZONAS,CONDORCANQUI,RIO SANTIAGO,AJAMCHIN
010703,AMAZONAS,UTCUBAMBA,CUMBA,SAN JUAN
010205,AMAZONAS,BAGUA,IMAZA,AGKUSHIP
010706,AMAZONAS,UTCUBAMBA,LONYA GRANDE,SAN JUAN
010401,AMAZONAS,CONDORCANQUI,NIEVA,ALTO PANQUI - PANKI
010401,AMAZONAS,CONDORCANQUI,NIEVA,HUARACAYO
010205,AMAZONAS,BAGUA,IMAZA,TSAG ENTSA
010401,AMAZONAS,CONDORCANQUI,NIEVA,BOCA AMBUJA
010401,AMAZONAS,CONDORCANQUI,NIEVA,SAN PEDRO
010403,AMAZONAS,CONDORCANQUI,RIO SANTIAGO,PACHIS CUCUASA
010401,AMAZONAS,CONDORCANQUI,NIEVA,CHAPIZA
010402,AMAZONAS,CONDORCANQUI,EL CENEPA,ANEXA AINTAMI
010403,AMAZONAS,CONDORCANQUI,RIO SANTIAGO,QUIME
010403,AMAZONAS,CONDORCANQUI,RIO SANTIAGO,GERESA
060807,CAJAMARCA,JAEN,POMAHUACA,LA UNION
060902,CAJAMARCA,SAN IGNACIO,CHIRINOS,CRUCE LAMBAYEQUE
060808,CAJAMARCA,JAEN,PUCARA,EL HUABO
060801,CAJAMARCA,JAEN,JAEN,VALILLO
060901,CAJAMARCA,SAN IGNACIO,SAN IGNACIO,CALABAZO
060804,CAJAMARCA,JAEN,COLASAY,AHUYACA
060902,CAJAMARCA,SAN IGNACIO,CHIRINOS,HAWAY
150204,LIMA,BARRANCA,SUPE,VIRGEN DEL ROSARIO
150201,LIMA,BARRANCA,BARRANCA,ARAYA CHICA
150811,LIMA,HUAURA,SAYAN,SAYAN - AMBAR PUQUIO
150204,LIMA,BARRANCA,SUPE,TAITALAINA
150812,LIMA,HUAURA,VEGUETA,PRIMAVERA
150407,LIMA,CANTA,SANTA ROSA DE QUIVES,HUARABI ALTO
060602,CAJAMARCA,CUTERVO,CALLAYUC,NUEVO HUALLAQUIL
060611,CAJAMARCA,CUTERVO,SANTA CRUZ,SAN MARTIN DE PORRES
060601,CAJAMARCA,CUTERVO,CUTERVO,HUICHUD
020901,ANCASH,CORONGO,CORONGO,COLCABAMBA
040307,AREQUIPA,CARAVELI,CHALA,CHALA
120606,JUNIN,SATIPO,PANGOA,UNION MANTARO
050407,AYACUCHO,HUANTA,SIVIA,SANAMARCA
050502,AYACUCHO,LA MAR,ANCO,CUCULIPAMPA
050407,AYACUCHO,HUANTA,SIVIA,PAMPA WASI (PAMPA HUASI)
080902,CUSCO,LA CONVENCION,ECHARATE,BOCA YABERO
080902,CUSCO,LA CONVENCION,ECHARATE,ALTO SHIMAA
080910,CUSCO,LA CONVENCION,PICHARI,CATARATA
080906,CUSCO,LA CONVENCION,QUELLOUNO,YOQUIRI
080909,CUSCO,LA CONVENCION,VILCABAMBA,RUNTUBAMBO
080907,CUSCO,LA CONVENCION,KIMBIRI,CORAZON PATA
080902,CUSCO,LA CONVENCION,ECHARATE,CHAPO SANARIATO
080902,CUSCO,LA CONVENCION,ECHARATE,SIMBENI
080903,CUSCO,LA CONVENCION,HUAYOPATA,LLAULLIYOC
080906,CUSCO,LA CONVENCION,QUELLOUNO,AMANCAES
090701,HUANCAVELICA,TAYACAJA,PAMPAS,PACTI
090709,HUANCAVELICA,TAYACAJA,HUARIBAMBA,HUARIBAMBA
100507,HUANUCO,HUAMALIES,MONZON,CUYACO
100602,HUANUCO,LEONCIO PRADO,DANIEL ALOMIA ROBLES,ALFONSO UGARTE
100602,HUANUCO,LEONCIO PRADO,DANIEL ALOMIA ROBLES,ANTONIO MANSILLA
100604,HUANUCO,LEONCIO PRADO,JOSE CRESPO Y CASTILLO,PUERTO MANUEL PRADO
100901,HUANUCO,PUERTO INCA,PUERTO INCA,LOS ANGELES
100604,HUANUCO,LEONCIO PRADO,JOSE CRESPO Y CASTILLO,PLUMA DE ORO
100604,HUANUCO,LEONCIO PRADO,JOSE CRESPO Y CASTILLO,PAPAYAL
100902,HUANUCO,PUERTO INCA,CODO DEL POZUZO,INDEPENDENCIA
100604,HUANUCO,LEONCIO PRADO,JOSE CRESPO Y CASTILLO,NUEVA ESPERANZA
100905,HUANUCO,PUERTO INCA,YUYAPICHIS,PAMPAS VERDES (NUEVO UNIDOS TAHUANTINSUY
090412,HUANCAVELICA,CASTROVIRREYNA,TANTARA,TANTARA
120602,JUNIN,SATIPO,COVIRIALI,RICARDO PALMA
120606,JUNIN,SATIPO,PANGOA,CERRO VERDE
120303,JUNIN,CHANCHAMAYO,PICHANAQUI,VILLA SANTA MARIA
190306,PASCO,OXAPAMPA,PUERTO BERMUDEZ,LA UNION
120305,JUNIN,CHANCHAMAYO,SAN RAMON,PEDREGAL
120302,JUNIN,CHANCHAMAYO,PERENE,PALMAPAMPA
120302,JUNIN,CHANCHAMAYO,PERENE,CENTRO CUVIRIANI
120302,JUNIN,CHANCHAMAYO,PERENE,SAN JUAN DE KIMARINI (QUIMARINI)
120303,JUNIN,CHANCHAMAYO,PICHANAQUI,UNION SHIMASHIRO
120303,JUNIN,CHANCHAMAYO,PICHANAQUI,PAUCARBAMBILLA
120302,JUNIN,CHANCHAMAYO,PERENE,SAN PEDRO DE ALTO ZOTANI
120303,JUNIN,CHANCHAMAYO,PICHANAQUI,CHINCHAYSUYO DEL ALTO ANAPIARI
120302,JUNIN,CHANCHAMAYO,PERENE,SANTA ISABEL NOR CUVIRIANI
120303,JUNIN,CHANCHAMAYO,PICHANAQUI,BUENA VISTA
120604,JUNIN,SATIPO,MAZAMARI,TSIRIARI
120606,JUNIN,SATIPO,PANGOA,PAMPA TIGRE
120302,JUNIN,CHANCHAMAYO,PERENE,PUCHARINI
120302,JUNIN,CHANCHAMAYO,PERENE,INCHANTINGARI
060505,CAJAMARCA,CONTUMAZA,SAN BENITO,SHIMBA
131103,LA LIBERTAD,GRAN CHIMU,MARMOT,LAS PALMAS
130403,LA LIBERTAD,CHEPEN,PUEBLO NUEVO,GUANABANO
131202,LA LIBERTAD,VIRU,CHAO,MONTE GRANDE
130702,LA LIBERTAD,PACASMAYO,GUADALUPE,CALERA
140205,LAMBAYEQUE,FERREÏ¿½AFE,PITIPO,LA TRAPOSA
060807,CAJAMARCA,JAEN,POMAHUACA,PALO BLANCO
140306,LAMBAYEQUE,LAMBAYEQUE,MORROPE,CARACUCHO
140306,LAMBAYEQUE,LAMBAYEQUE,MORROPE,ARBOL SOL
160103,LORETO,MAYNAS,FERNANDO LORES,TARAPOTO ISLA
160107,LORETO,MAYNAS,NAPO,HUITOTOS DE NEGRO URCO
160404,LORETO,MARISCAL RAMON CASTILLA,SAN PABLO,SANTA ROSA
160103,LORETO,MAYNAS,FERNANDO LORES,JERUSALEN
160107,LORETO,MAYNAS,NAPO,SAN FELIPE
160605,LORETO,UCAYALI,SARAYACU,REINO UNIDO
160404,LORETO,MARISCAL RAMON CASTILLA,SAN PABLO,JESUS DE PRAGA
160103,LORETO,MAYNAS,FERNANDO LORES,SAN MIGUEL
160106,LORETO,MAYNAS,MAZAN,MILAGROS
160108,LORETO,MAYNAS,PUNCHANA,ALFONSO UGARTE
160103,LORETO,MAYNAS,FERNANDO LORES,SAN FELIPE
160106,LORETO,MAYNAS,MAZAN,QUEBRADA PALOMETA
160103,LORETO,MAYNAS,FERNANDO LORES,FLOR DEL ORIENTE
160103,LORETO,MAYNAS,FERNANDO LORES,YANAYACU
160103,LORETO,MAYNAS,FERNANDO LORES,MAUCACALLE
160107,LORETO,MAYNAS,NAPO,SAN ROQUE
160106,LORETO,MAYNAS,MAZAN,SANTA VICTORIA
160106,LORETO,MAYNAS,MAZAN,QUEBRADA MAPA
160603,LORETO,UCAYALI,PADRE MARQUEZ,SAN FRANCISCO
160105,LORETO,MAYNAS,LAS AMAZONAS,QUEBRADA NAZARIO
160107,LORETO,MAYNAS,NAPO,QUECHUA DE ARGENTINA
160105,LORETO,MAYNAS,LAS AMAZONAS,YANAYACU
160107,LORETO,MAYNAS,NAPO,NUEVO DEFENSOR
160113,LORETO,MAYNAS,SAN JUAN BAUTISTA,BUENA ESPERANZA
160112,LORETO,MAYNAS,BELEN,CAÑAVERAL
160210,LORETO,ALTO AMAZONAS,SANTA CRUZ,PORTAL
160205,LORETO,ALTO AMAZONAS,JEBEROS,NUEVA JORDANIA
160210,LORETO,ALTO AMAZONAS,SANTA CRUZ,PACASMAYO
160202,LORETO,ALTO AMAZONAS,BALSAPUERTO,SAN JOSE DE CABALLITO
160205,LORETO,ALTO AMAZONAS,JEBEROS,VISTA ALEGRE
160206,LORETO,ALTO AMAZONAS,LAGUNAS,SAN LUIS
160211,LORETO,ALTO AMAZONAS,TENIENTE CESAR LOPEZ ROJAS,NUEVO BARRANQUITA
160205,LORETO,ALTO AMAZONAS,JEBEROS,SAN RAFAEL
160202,LORETO,ALTO AMAZONAS,BALSAPUERTO,ANTIOQUIA
160206,LORETO,ALTO AMAZONAS,LAGUNAS,SAN MANUEL NUCURAY
160201,LORETO,ALTO AMAZONAS,YURIMAGUAS,CERRO DEL CONDOR
160202,LORETO,ALTO AMAZONAS,BALSAPUERTO,PUCALPILLO
160202,LORETO,ALTO AMAZONAS,BALSAPUERTO,SAN MIGUEL
160205,LORETO,ALTO AMAZONAS,JEBEROS,PUERTO LIMON
160210,LORETO,ALTO AMAZONAS,SANTA CRUZ,ISLANDIA
160202,LORETO,ALTO AMAZONAS,BALSAPUERTO,NUEVA BARRANQUITA CACHIYACU
160304,LORETO,LORETO,TROMPETEROS,CUCHARA
160301,LORETO,LORETO,NAUTA,PAMPA CAÑO
160301,LORETO,LORETO,NAUTA,ACCION POPULAR
160304,LORETO,LORETO,TROMPETEROS,DOS DE MAYO
160301,LORETO,LORETO,NAUTA,SAN RAMON
160103,LORETO,MAYNAS,FERNANDO LORES,SAN FERNANDO
160507,LORETO,REQUENA,SAQUENA,MARISCAL CASTILLA
160304,LORETO,LORETO,TROMPETEROS,LAS PALMERAS
160304,LORETO,LORETO,TROMPETEROS,PUERTO ORIENTE
160107,LORETO,MAYNAS,NAPO,SANTA ELENA
160703,LORETO,DATEM DEL MARAÏ¿½ON,MANSERICHE,TUPAC AMARU
160704,LORETO,DATEM DEL MARAÏ¿½ON,MORONA,BELLAVISTA
160705,LORETO,DATEM DEL MARAÏ¿½ON,PASTAZA,SHAMSHOCOCHA
160705,LORETO,DATEM DEL MARAÏ¿½ON,PASTAZA,PUERTO  UNGURI
160703,LORETO,DATEM DEL MARAÏ¿½ON,MANSERICHE,SUWAENTZA
160701,LORETO,DATEM DEL MARAÏ¿½ON,BARRANCA,BOCA SASIPAHUA
160702,LORETO,DATEM DEL MARAÏ¿½ON,CAHUAPANAS,NUEVA VIDA
160705,LORETO,DATEM DEL MARAÏ¿½ON,PASTAZA,CHUINDA COCHA
160702,LORETO,DATEM DEL MARAÏ¿½ON,CAHUAPANAS,PARAGUA POZA
160704,LORETO,DATEM DEL MARAÏ¿½ON,MORONA,PUERTO NAZARETH
160705,LORETO,DATEM DEL MARAÏ¿½ON,PASTAZA,TRUENOCOCHA
160704,LORETO,DATEM DEL MARAÏ¿½ON,MORONA,BAGAZAN
160703,LORETO,DATEM DEL MARAÏ¿½ON,MANSERICHE,BETANIA
160701,LORETO,DATEM DEL MARAÏ¿½ON,BARRANCA,ESPERANZA
160701,LORETO,DATEM DEL MARAÏ¿½ON,BARRANCA,1607010017
160705,LORETO,DATEM DEL MARAÏ¿½ON,PASTAZA,PUERTO MATIWA
160702,LORETO,DATEM DEL MARAÏ¿½ON,CAHUAPANAS,NUEVO MILAGRO
160704,LORETO,DATEM DEL MARAÏ¿½ON,MORONA,TIGRE YACU
160701,LORETO,DATEM DEL MARAÏ¿½ON,BARRANCA,SANTA ELENA
160502,LORETO,REQUENA,ALTO TAPICHE,LIMON COCHA
160501,LORETO,REQUENA,REQUENA,YURA COCHA
160502,LORETO,REQUENA,ALTO TAPICHE,MONTE ALEGRE
160505,LORETO,REQUENA,MAQUIA,CARACHAMA
160504,LORETO,REQUENA,EMILIO SAN MARTIN,SAN ANTONIO VIEJO
160506,LORETO,REQUENA,PUINAHUA,BELLAVISTA
160301,LORETO,LORETO,NAUTA,MAUCACALLE
160701,LORETO,DATEM DEL MARAÏ¿½ON,BARRANCA,NAYUNPIN
160505,LORETO,REQUENA,MAQUIA,PERLA DE CAMUNGUY
160205,LORETO,ALTO AMAZONAS,JEBEROS,JEBERILLOS
170103,MADRE DE DIOS,TAMBOPATA,LAS PIEDRAS,1RO DE MAYO
170302,MADRE DE DIOS,TAHUAMANU,IBERIA,ARROZAL
190306,PASCO,OXAPAMPA,PUERTO BERMUDEZ,NUEVO PORVENIR
190304,PASCO,OXAPAMPA,PALCAZU,ALDEA NATIVA CENTRO CASTILLA
100905,HUANUCO,PUERTO INCA,YUYAPICHIS,COLMENA
190304,PASCO,OXAPAMPA,PALCAZU,ALDEA NATIVA LOMA LINDA
190304,PASCO,OXAPAMPA,PALCAZU,ALDEA NATIVA SANTO DOMINGO
120504,JUNIN,JUNIN,ULCUMAYO,YAUPI
190306,PASCO,OXAPAMPA,PUERTO BERMUDEZ,SAN JOSE
220506,SAN MARTIN,LAMAS,PINTO RECODO,NUEVO TACABAMBA
220202,SAN MARTIN,BELLAVISTA,ALTO BIAVO,NUEVO TRUJILLO
220303,SAN MARTIN,EL DORADO,SAN MARTIN,SAN JOSE DE SISA
220202,SAN MARTIN,BELLAVISTA,ALTO BIAVO,PUERTO BERMUDEZ
221005,SAN MARTIN,TOCACHE,UCHIZA,VALLE HERMOSO
221001,SAN MARTIN,TOCACHE,TOCACHE,SAN PEDRO DE ALTO CULEBRA
220506,SAN MARTIN,LAMAS,PINTO RECODO,LA FLORIDA
220203,SAN MARTIN,BELLAVISTA,BAJO BIAVO,VALPARAISO
220803,SAN MARTIN,RIOJA,ELIAS SOPLIN VARGAS,SANTA FE
220506,SAN MARTIN,LAMAS,PINTO RECODO,RAMON CASTILLA
220104,SAN MARTIN,MOYOBAMBA,JEPELACIO,VILLA HERMOSA
220104,SAN MARTIN,MOYOBAMBA,JEPELACIO,EL TRIUNFO
220913,SAN MARTIN,SAN MARTIN,SAUCE,LAGUNAS
220603,SAN MARTIN,MARISCAL CACERES,HUICUNGO,PUCALLPILLO
220701,SAN MARTIN,PICOTA,PICOTA,SAN MARTIN DE PORRES
220101,SAN MARTIN,MOYOBAMBA,MOYOBAMBA,SANTA ROSA DE OROMINA
220705,SAN MARTIN,PICOTA,PUCACACA,VALLE OESTE
220702,SAN MARTIN,PICOTA,BUENOS AIRES,SANTO TOMAS DE PAUJILZAPA
100604,HUANUCO,LEONCIO PRADO,JOSE CRESPO Y CASTILLO,LA UNION
220101,SAN MARTIN,MOYOBAMBA,MOYOBAMBA,LOS ANGELES
220205,SAN MARTIN,BELLAVISTA,SAN PABLO,YACUSISA
220305,SAN MARTIN,EL DORADO,SHATOJA,AMINIO
220806,SAN MARTIN,RIOJA,POSIC,SANTA ELENA
220708,SAN MARTIN,PICOTA,SHAMBOYACU,SAN JUAN
220502,SAN MARTIN,LAMAS,ALONSO DE ALVARADO,SANTA CLARA
220104,SAN MARTIN,MOYOBAMBA,JEPELACIO,ALTO SAN MARTIN
221001,SAN MARTIN,TOCACHE,TOCACHE,ACCESO HUALLAGA
220203,SAN MARTIN,BELLAVISTA,BAJO BIAVO,NUEVA UNION
220305,SAN MARTIN,EL DORADO,SHATOJA,HUANCABAMBA
220104,SAN MARTIN,MOYOBAMBA,JEPELACIO,LIMABAMBA
220913,SAN MARTIN,SAN MARTIN,SAUCE,MANGUICO
220303,SAN MARTIN,EL DORADO,SAN MARTIN,MONTERRICO
220203,SAN MARTIN,BELLAVISTA,BAJO BIAVO,PONAL
250101,UCAYALI,CORONEL PORTILLO,CALLERIA,SANTA LUCIA
250105,UCAYALI,CORONEL PORTILLO,YARINACOCHA,MARISCAL SUCRE
250401,UCAYALI,PURUS,PURUS,CANTAGALLO
250201,UCAYALI,ATALAYA,RAIMONDI,LA HUAYRA
250107,UCAYALI,CORONEL PORTILLO,MANANTAY,MIGUEL GRAU
250101,UCAYALI,CORONEL PORTILLO,CALLERIA,VISTA ALEGRE
250102,UCAYALI,CORONEL PORTILLO,CAMPOVERDE,SANTA TERESITA
250105,UCAYALI,CORONEL PORTILLO,YARINACOCHA,PUERTO RICO
250105,UCAYALI,CORONEL PORTILLO,YARINACOCHA,SAN MIGUEL DE PANAILLO
250301,UCAYALI,PADRE ABAD,PADRE ABAD,ALTO SHAMBILLO
250302,UCAYALI,PADRE ABAD,IRAZOLA,NUEVA ESPERANZA
250303,UCAYALI,PADRE ABAD,CURIMANA,ANDRES AVELINO CACERES
250101,UCAYALI,CORONEL PORTILLO,CALLERIA,RICARDO PALMA
250201,UCAYALI,ATALAYA,RAIMONDI,QUITERIAVO
250103,UCAYALI,CORONEL PORTILLO,IPARIA,SHARARA
250201,UCAYALI,ATALAYA,RAIMONDI,TRES COLINAS
250104,UCAYALI,CORONEL PORTILLO,MASISEA,VARGAS GUERRA
250301,UCAYALI,PADRE ABAD,PADRE ABAD,PAMPA HERMOSA
250301,UCAYALI,PADRE ABAD,PADRE ABAD,LOS OLIVOS
200114,PIURA,PIURA,TAMBO GRANDE,CP.8
200108,PIURA,PIURA,EL TALLAN,SINCHAO
200405,PIURA,MORROPON,MORROPON,QUEBRADA DE LAS DAMAS
200301,PIURA,HUANCABAMBA,HUANCABAMBA,CALDERON
021806,ANCASH,SANTA,NEPEÏ¿½A,HUACATAMBO
200101,PIURA,PIURA,PIURA,EL MOLINO
200108,PIURA,PIURA,EL TALLAN,TABANCO
200306,PIURA,HUANCABAMBA,SAN MIGUEL DE EL FAIQUE,SAN CRISTOBAL
200105,PIURA,PIURA,CATACAOS,NARIHUALA
061004,CAJAMARCA,SAN MARCOS,GREGORIO PITA,ILLUCA
061001,CAJAMARCA,SAN MARCOS,PEDRO GALVEZ,LA COLMENA
061101,CAJAMARCA,SAN MIGUEL,SAN MIGUEL,SAN MIGUEL DE PALLAQUES
061001,CAJAMARCA,SAN MARCOS,PEDRO GALVEZ,LA HUAYLLA
010512,AMAZONAS,LUYA,OCALLI,COCAPAMPA
010114,AMAZONAS,CHACHAPOYAS,MOLINOPAMPA,SAN JOSE
010202,AMAZONAS,BAGUA,ARAMANGO,SUNSUNZA
010205,AMAZONAS,BAGUA,IMAZA,AGUAS TURBIAS
010202,AMAZONAS,BAGUA,ARAMANGO,SOLDADO OLIVA
010206,AMAZONAS,BAGUA,LA PECA,CHOMZA ALTA
010402,AMAZONAS,CONDORCANQUI,EL CENEPA,YUWI ENTSA
010402,AMAZONAS,CONDORCANQUI,EL CENEPA,SHAMATAK CHICO
010401,AMAZONAS,CONDORCANQUI,NIEVA,CHINGAMAR O CHINCAMAR
010402,AMAZONAS,CONDORCANQUI,EL CENEPA,KUSUMATAK
010401,AMAZONAS,CONDORCANQUI,NIEVA,KUSUMATAK
010403,AMAZONAS,CONDORCANQUI,RIO SANTIAGO,KUSUIM
010401,AMAZONAS,CONDORCANQUI,NIEVA,TSAMAJAIN
010402,AMAZONAS,CONDORCANQUI,EL CENEPA,PAANTAM ENTSA
010403,AMAZONAS,CONDORCANQUI,RIO SANTIAGO,PAMPA ENTSA
010402,AMAZONAS,CONDORCANQUI,EL CENEPA,KAYAMAS
010401,AMAZONAS,CONDORCANQUI,NIEVA,QUEBRADA JAPAIME
060613,CAJAMARCA,CUTERVO,SANTO TOMAS,VIZA
060606,CAJAMARCA,CUTERVO,PIMPINGOS,PANAMA
060904,CAJAMARCA,SAN IGNACIO,LA COIPA,LA CIDRA
060801,CAJAMARCA,JAEN,JAEN,CASCARILLA
060906,CAJAMARCA,SAN IGNACIO,SAN JOSE DE LOURDES,PUERTO CHINCHIPE
060907,CAJAMARCA,SAN IGNACIO,TABACONAS,LA UNION
060907,CAJAMARCA,SAN IGNACIO,TABACONAS,LA BERMEJA
021403,ANCASH,OCROS,CAJAMARQUILLA,CAJAMARQUILLA
150731,LIMA,HUAROCHIRI,SANTO DOMINGO DE LOS OLLEROS,SAN PEDRO DE HUALLANCHE
150805,LIMA,HUAURA,HUALMAY,CAMPO ALEGRE
151001,LIMA,YAUYOS,YAUYOS,YAUYOS
150204,LIMA,BARRANCA,SUPE,CARAL
150202,LIMA,BARRANCA,PARAMONGA,HUARICANGA
150603,LIMA,HUARAL,ATAVILLOS BAJO,LA FLORIDA
151011,LIMA,YAUYOS,COLONIA,COLONIA
020506,ANCASH,BOLOGNESI,CANIS,CANIS
150806,LIMA,HUAURA,HUAURA,HUAURA - RONTOY
151023,LIMA,YAUYOS,PUTINZA,SAN LORENZO DE PUTINZA
150702,LIMA,HUAROCHIRI,ANTIOQUIA,ANTIOQUIA
150130,LIMA,LIMA,SAN BORJA,SAN BORJA
022005,ANCASH,YUNGAY,QUILLO,QUILLO
021807,ANCASH,SANTA,SAMANCO,HUAMBACHO VIEJO
050102,AYACUCHO,HUAMANGA,ACOCRO,SECCELAMBRAS
080909,CUSCO,LA CONVENCION,VILCABAMBA,TARQUI
080909,CUSCO,LA CONVENCION,VILCABAMBA,BASUL
090705,HUANCAVELICA,TAYACAJA,COLCABAMBA,VILLA AZUL
090701,HUANCAVELICA,TAYACAJA,PAMPAS,PAMPAS
090706,HUANCAVELICA,TAYACAJA,DANIEL HERNANDEZ,PALTARUMI
100601,HUANUCO,LEONCIO PRADO,RUPA-RUPA,HUANGANA PAMPA
100606,HUANUCO,LEONCIO PRADO,MARIANO DAMASO BERAUN,CUEVA LAS PAVAS
100603,HUANUCO,LEONCIO PRADO,HERMILIO VALDIZAN,MANUEL MESONES  MURO
100702,HUANUCO,MARAÏ¿½ON,CHOLON,SAN FRANCISCO
100602,HUANUCO,LEONCIO PRADO,DANIEL ALOMIA ROBLES,POZO AZUL
100602,HUANUCO,LEONCIO PRADO,DANIEL ALOMIA ROBLES,MARONILLA
120305,JUNIN,CHANCHAMAYO,SAN RAMON,CHALLHUAPUQUIO
120606,JUNIN,SATIPO,PANGOA,RIO BLANCO
120607,JUNIN,SATIPO,RIO NEGRO,VILLA REAL
120302,JUNIN,CHANCHAMAYO,PERENE,SAN FRANCISCO DE UBIRIKI
120601,JUNIN,SATIPO,SATIPO,VILLA EL PACIFICO
120302,JUNIN,CHANCHAMAYO,PERENE,CERRO MONO
120601,JUNIN,SATIPO,SATIPO,TIMARINI BAJO
120607,JUNIN,SATIPO,RIO NEGRO,SAN SEBASTIAN
120607,JUNIN,SATIPO,RIO NEGRO,LA PAZ
120607,JUNIN,SATIPO,RIO NEGRO,LA CAMPIÑA
120607,JUNIN,SATIPO,RIO NEGRO,SAN MIGUEL
130701,LA LIBERTAD,PACASMAYO,SAN PEDRO DE LLOC,EL MILAGRO
130402,LA LIBERTAD,CHEPEN,PACANGA,EL TRUST
130605,LA LIBERTAD,OTUZCO,HUARANCHAL,IGOR
131202,LA LIBERTAD,VIRU,CHAO,SANTA RITA ALTA
131103,LA LIBERTAD,GRAN CHIMU,MARMOT,HUANCAY
131102,LA LIBERTAD,GRAN CHIMU,LUCMA,MOLLUARA
131202,LA LIBERTAD,VIRU,CHAO,HUAMANZAÑA
130106,LA LIBERTAD,TRUJILLO,LAREDO,MENOCUCHO
130110,LA LIBERTAD,TRUJILLO,SIMBAL,CATUAY ALTO
200304,PIURA,HUANCABAMBA,HUARMACA,HUARMACA
140102,LAMBAYEQUE,CHICLAYO,CHONGOYAPE,RACARRUMI
140119,LAMBAYEQUE,CHICLAYO,PUCALA,COLLIQUE ALTO
160103,LORETO,MAYNAS,FERNANDO LORES,SAN CARLOS
160402,LORETO,MARISCAL RAMON CASTILLA,PEBAS,SAN NICOLAS
160704,LORETO,DATEM DEL MARAÏ¿½ON,MORONA,PANGUANITA
160103,LORETO,MAYNAS,FERNANDO LORES,PUEBLO LIBRE
160103,LORETO,MAYNAS,FERNANDO LORES,18 DE FEBRERO
160107,LORETO,MAYNAS,NAPO,NUEVA ARGELIA
160702,LORETO,DATEM DEL MARAÏ¿½ON,CAHUAPANAS,SAN SALVADOR
160404,LORETO,MARISCAL RAMON CASTILLA,SAN PABLO,EMILIO BARCIA
160503,LORETO,REQUENA,CAPELO,NUEVO LEONCIO PRADO
160202,LORETO,ALTO AMAZONAS,BALSAPUERTO,ATAHUALPA
160301,LORETO,LORETO,NAUTA,VILLA CRISTIANA
160105,LORETO,MAYNAS,LAS AMAZONAS,NUEVA LIBERTAD DE PAUCARILLO
160303,LORETO,LORETO,TIGRE,PROVIDENCIA
160105,LORETO,MAYNAS,LAS AMAZONAS,ESPERANZA
160201,LORETO,ALTO AMAZONAS,YURIMAGUAS,AGUAS BLANCAS
160202,LORETO,ALTO AMAZONAS,BALSAPUERTO,OCULIZA
160206,LORETO,ALTO AMAZONAS,LAGUNAS,PAMPA HERMOSA
160706,LORETO,DATEM DEL MARAÏ¿½ON,ANDOAS,NUEVA VIDA
160202,LORETO,ALTO AMAZONAS,BALSAPUERTO,SAN JUAN DE PARANAPURA
160704,LORETO,DATEM DEL MARAÏ¿½ON,MORONA,NUMPANKIT
160210,LORETO,ALTO AMAZONAS,SANTA CRUZ,SAN JOSE
160704,LORETO,DATEM DEL MARAÏ¿½ON,MORONA,DOS HERMANOS
160105,LORETO,MAYNAS,LAS AMAZONAS,RIO OROZA
160107,LORETO,MAYNAS,NAPO,HUITOTOS DE FORTALEZA
160705,LORETO,DATEM DEL MARAÏ¿½ON,PASTAZA,SUNGACHICOCHA
160202,LORETO,ALTO AMAZONAS,BALSAPUERTO,NUEVO ANGAIZA
160705,LORETO,DATEM DEL MARAÏ¿½ON,PASTAZA,TAPASHICOCHA
160706,LORETO,DATEM DEL MARAÏ¿½ON,ANDOAS,WAKNIR
160113,LORETO,MAYNAS,SAN JUAN BAUTISTA,KM.39 CARRETERA IQUITOS-NAUTA
160305,LORETO,LORETO,URARINAS,CAIMITUYO
160401,LORETO,MARISCAL RAMON CASTILLA,RAMON CASTILLA,1  DE OCTUBRE
160201,LORETO,ALTO AMAZONAS,YURIMAGUAS,PROVIDENCIA
160706,LORETO,DATEM DEL MARAÏ¿½ON,ANDOAS,BOLOGNESI
160305,LORETO,LORETO,URARINAS,SANTA CRUZ
160403,LORETO,MARISCAL RAMON CASTILLA,YAVARI,SANTA TERESA I ZONA
160202,LORETO,ALTO AMAZONAS,BALSAPUERTO,NUEVO MOYOBAMBA
160511,LORETO,REQUENA,YAQUERANA,JOAQUIN
160702,LORETO,DATEM DEL MARAÏ¿½ON,CAHUAPANAS,PANINTZA
160706,LORETO,DATEM DEL MARAÏ¿½ON,ANDOAS,CHINTU
160706,LORETO,DATEM DEL MARAÏ¿½ON,ANDOAS,ANATICO
160205,LORETO,ALTO AMAZONAS,JEBEROS,SAN FRANCISCO DE ALGODONAL
160302,LORETO,LORETO,PARINARI,7 DE JUNIO - YURICA
160211,LORETO,ALTO AMAZONAS,TENIENTE CESAR LOPEZ ROJAS,PUERTO PROGRESO
160302,LORETO,LORETO,PARINARI,BUENA VISTA JERUSALEN
160703,LORETO,DATEM DEL MARAÏ¿½ON,MANSERICHE,PUERTO BELEN
160206,LORETO,ALTO AMAZONAS,LAGUNAS,SAN JUAN
160305,LORETO,LORETO,URARINAS,BUENA VISTA
160103,LORETO,MAYNAS,FERNANDO LORES,NUEVO TARAPACA
160201,LORETO,ALTO AMAZONAS,YURIMAGUAS,NUEVA UNION
160206,LORETO,ALTO AMAZONAS,LAGUNAS,6 DE JULIO
160706,LORETO,DATEM DEL MARAÏ¿½ON,ANDOAS,PUTUIM
160206,LORETO,ALTO AMAZONAS,LAGUNAS,SAN JORGE
160201,LORETO,ALTO AMAZONAS,YURIMAGUAS,OROMINA
160102,LORETO,MAYNAS,ALTO NANAY,SALVADOR
160206,LORETO,ALTO AMAZONAS,LAGUNAS,PARAISO
160705,LORETO,DATEM DEL MARAÏ¿½ON,PASTAZA,KASPA COCHA
160106,LORETO,MAYNAS,MAZAN,PUERTO ALEGRE
160701,LORETO,DATEM DEL MARAÏ¿½ON,BARRANCA,LURIN
160705,LORETO,DATEM DEL MARAÏ¿½ON,PASTAZA,NUEVO LIMON(CHAPURI)
160206,LORETO,ALTO AMAZONAS,LAGUNAS,ALIANZA DEL HUACAMAYO
160503,LORETO,REQUENA,CAPELO,NUEVA ERA
160704,LORETO,DATEM DEL MARAÏ¿½ON,MORONA,SHOROYA VIEJO
160103,LORETO,MAYNAS,FERNANDO LORES,NUEVO SAN LORENZO (RIO AMAZONAS)
160201,LORETO,ALTO AMAZONAS,YURIMAGUAS,PACHACUTEC
160107,LORETO,MAYNAS,NAPO,NUEVA CHAMBIRA
160201,LORETO,ALTO AMAZONAS,YURIMAGUAS,APANGURAYACU
160702,LORETO,DATEM DEL MARAÏ¿½ON,CAHUAPANAS,DOS HERMANOS
160401,LORETO,MARISCAL RAMON CASTILLA,RAMON CASTILLA,YAHUMA II ZONA
160704,LORETO,DATEM DEL MARAÏ¿½ON,MORONA,PUTUNSA
160601,LORETO,UCAYALI,CONTAMANA,SAN ANTONIO AGUAS CALIENTES
160103,LORETO,MAYNAS,FERNANDO LORES,LORETO
160106,LORETO,MAYNAS,MAZAN,HUAMAN URCO
160301,LORETO,LORETO,NAUTA,VILLA BUEN FIN
160706,LORETO,DATEM DEL MARAÏ¿½ON,ANDOAS,CHECHERTA
160401,LORETO,MARISCAL RAMON CASTILLA,RAMON CASTILLA,SANTOA DE SUNI
160705,LORETO,DATEM DEL MARAÏ¿½ON,PASTAZA,PUERTO TANGAMA
160705,LORETO,DATEM DEL MARAÏ¿½ON,PASTAZA,NUEVA JERUSALEN
160210,LORETO,ALTO AMAZONAS,SANTA CRUZ,SANTA ANITA
160504,LORETO,REQUENA,EMILIO SAN MARTIN,TAHUANTINSUYO
160201,LORETO,ALTO AMAZONAS,YURIMAGUAS,NUEVA ESPERANZA
160206,LORETO,ALTO AMAZONAS,LAGUNAS,VISTA ALEGRE
160103,LORETO,MAYNAS,FERNANDO LORES,NUEVO TRUJILLO
160107,LORETO,MAYNAS,NAPO,MORON ISLA
160206,LORETO,ALTO AMAZONAS,LAGUNAS,NUEVO ARICA
160301,LORETO,LORETO,NAUTA,PEÑA NEGRA
160705,LORETO,DATEM DEL MARAÏ¿½ON,PASTAZA,PUERTO CAIMITO
160103,LORETO,MAYNAS,FERNANDO LORES,TIMAREO II ZONA
160403,LORETO,MARISCAL RAMON CASTILLA,YAVARI,PARAISO
160206,LORETO,ALTO AMAZONAS,LAGUNAS,NUEVO SAN GABRIEL
170101,MADRE DE DIOS,TAMBOPATA,TAMBOPATA,SONENE
170302,MADRE DE DIOS,TAHUAMANU,IBERIA,SAN ISIDRO DE CHILINA
190306,PASCO,OXAPAMPA,PUERTO BERMUDEZ,ALDEA NATIVA SANTA ISIDORA
190305,PASCO,OXAPAMPA,POZUZO,LA PRUSIA
100905,HUANUCO,PUERTO INCA,YUYAPICHIS,MONTERRICO
190304,PASCO,OXAPAMPA,PALCAZU,PUERTO HERRERA
190306,PASCO,OXAPAMPA,PUERTO BERMUDEZ,ALDEA NATIVA PUERTO YARINA
190304,PASCO,OXAPAMPA,PALCAZU,ALDEA NATIVA SAN JUAN
190301,PASCO,OXAPAMPA,OXAPAMPA,PARAISO
220804,SAN MARTIN,RIOJA,NUEVA CAJAMARCA,NUEVO EDEN
220302,SAN MARTIN,EL DORADO,AGUA BLANCA,BAJO ALGARROBO
220602,SAN MARTIN,MARISCAL CACERES,CAMPANILLA,NUEVO HORIZONTE
220709,SAN MARTIN,PICOTA,TINGO DE PONASA,LAS PALMAS 1
220708,SAN MARTIN,PICOTA,SHAMBOYACU,PEÑA BLANCA
220803,SAN MARTIN,RIOJA,ELIAS SOPLIN VARGAS,VALLE GRANDE
220305,SAN MARTIN,EL DORADO,SHATOJA,NUEVO PROGRESO
220203,SAN MARTIN,BELLAVISTA,BAJO BIAVO,SAN JUAN
220801,SAN MARTIN,RIOJA,RIOJA,PARAISO DE LA MINA
220103,SAN MARTIN,MOYOBAMBA,HABANA,TINGANA
220104,SAN MARTIN,MOYOBAMBA,JEPELACIO,MANISALES
220105,SAN MARTIN,MOYOBAMBA,SORITOR,NUEVA GALILEA
220104,SAN MARTIN,MOYOBAMBA,JEPELACIO,SAN JUAN DE POTRERO
220101,SAN MARTIN,MOYOBAMBA,MOYOBAMBA,GOBERNADOR
220101,SAN MARTIN,MOYOBAMBA,MOYOBAMBA,PLAYA HERMOSA
220502,SAN MARTIN,LAMAS,ALONSO DE ALVARADO,RAMON CASTILLA
220506,SAN MARTIN,LAMAS,PINTO RECODO,ALTO PALMICHE
220601,SAN MARTIN,MARISCAL CACERES,JUANJUI,SAN JUAN DEL CAÑO
220602,SAN MARTIN,MARISCAL CACERES,CAMPANILLA,RAMON CASTILLA
220602,SAN MARTIN,MARISCAL CACERES,CAMPANILLA,CATAHUILLO
220101,SAN MARTIN,MOYOBAMBA,MOYOBAMBA,SAN JOSE DE MORRO
220506,SAN MARTIN,LAMAS,PINTO RECODO,FLOR DE CAFE
220304,SAN MARTIN,EL DORADO,SANTA ROSA,SAN JUAN DE TALLIQUIHUI
220913,SAN MARTIN,SAN MARTIN,SAUCE,CONTAMANA
220904,SAN MARTIN,SAN MARTIN,CHAZUTA,CACHIYACU
220907,SAN MARTIN,SAN MARTIN,HUIMBAYOC,INAYUCA
220702,SAN MARTIN,PICOTA,BUENOS AIRES,NUEVO MEXICO
220502,SAN MARTIN,LAMAS,ALONSO DE ALVARADO,MIRADOR DE ALTO ROQUE
220101,SAN MARTIN,MOYOBAMBA,MOYOBAMBA,EL PARAISO DEL ALTO MAYO
220401,SAN MARTIN,HUALLAGA,SAPOSOA,LA PERLA
220503,SAN MARTIN,LAMAS,BARRANQUITA,PUERTO PIZARRO
221003,SAN MARTIN,TOCACHE,POLVORA,LA FLORIDA
221001,SAN MARTIN,TOCACHE,TOCACHE,CENTRO POBLADO LIMON (LIMON)
220602,SAN MARTIN,MARISCAL CACERES,CAMPANILLA,SAN JUAN DEL 33
240102,TUMBES,TUMBES,CORRALES,LA CANELA
250102,UCAYALI,CORONEL PORTILLO,CAMPOVERDE,SAN JUAN KM. 69
250204,UCAYALI,ATALAYA,YURUA,DORADILLO
250102,UCAYALI,CORONEL PORTILLO,CAMPOVERDE,NUEVO SAN PEDRO
250102,UCAYALI,CORONEL PORTILLO,CAMPOVERDE,NUEVE DE FEBRERO
250301,UCAYALI,PADRE ABAD,PADRE ABAD,BELLAVISTA
250104,UCAYALI,CORONEL PORTILLO,MASISEA,NUEVA ESPERANZA (HUARIMAN)
250201,UCAYALI,ATALAYA,RAIMONDI,SANTA CLARA
250106,UCAYALI,CORONEL PORTILLO,NUEVA REQUENA,PALMERAS DE ZAPOTILLO
250303,UCAYALI,PADRE ABAD,CURIMANA,CONTAYO
250105,UCAYALI,CORONEL PORTILLO,YARINACOCHA,LA RESTINGA
250106,UCAYALI,CORONEL PORTILLO,NUEVA REQUENA,MIRAFLORES
250101,UCAYALI,CORONEL PORTILLO,CALLERIA,NUEVO SAN MARTIN
250101,UCAYALI,CORONEL PORTILLO,CALLERIA,MI PERU
100905,HUANUCO,PUERTO INCA,YUYAPICHIS,PAMPAS VERDES
250201,UCAYALI,ATALAYA,RAIMONDI,MISION UNINE
250201,UCAYALI,ATALAYA,RAIMONDI,CENTRO SELVA QUIPACHARI
250203,UCAYALI,ATALAYA,TAHUANIA,FLOR DE CHENGARI
250101,UCAYALI,CORONEL PORTILLO,CALLERIA,CALIFORNIA
250201,UCAYALI,ATALAYA,RAIMONDI,SANTA ELENA
250201,UCAYALI,ATALAYA,RAIMONDI,MAJONTONI
250201,UCAYALI,ATALAYA,RAIMONDI,SHENONCHARI
250201,UCAYALI,ATALAYA,RAIMONDI,CHOCHOQUIARI
250104,UCAYALI,CORONEL PORTILLO,MASISEA,SAN PEDRO DE INUMAPUYA
250103,UCAYALI,CORONEL PORTILLO,IPARIA,SAN JOSE DE PACACHI
250203,UCAYALI,ATALAYA,TAHUANIA,TUMBUYA
200307,PIURA,HUANCABAMBA,SONDOR,TACARPO
200101,PIURA,PIURA,PIURA,URB. MARISCAL TITO
200401,PIURA,MORROPON,CHULUCANAS,RIO SECO ALTO
200101,PIURA,PIURA,PIURA,CIENEGUILLO SUR
200410,PIURA,MORROPON,YAMANGO,PISCAN ALTO
200110,PIURA,PIURA,LA UNION,HUEREQUEQUE
061001,CAJAMARCA,SAN MARCOS,PEDRO GALVEZ,EDELMIRA
010103,AMAZONAS,CHACHAPOYAS,BALSAS,PAGNA
010605,AMAZONAS,RODRIGUEZ DE MENDOZA,LIMABAMBA,CURIAQUILLO
010114,AMAZONAS,CHACHAPOYAS,MOLINOPAMPA,IZCUCHACA
010609,AMAZONAS,RODRIGUEZ DE MENDOZA,OMIA,SAN JOSE
010202,AMAZONAS,BAGUA,ARAMANGO,UNION MALVINAS
010205,AMAZONAS,BAGUA,IMAZA,JAYAIS
010701,AMAZONAS,UTCUBAMBA,BAGUA GRANDE,PUEBLO LIBRE
010701,AMAZONAS,UTCUBAMBA,BAGUA GRANDE,NUEVA INDEPENDENCIA
010702,AMAZONAS,UTCUBAMBA,CAJARURO,SANTA CLARA
010702,AMAZONAS,UTCUBAMBA,CAJARURO,LOS PATOS
010705,AMAZONAS,UTCUBAMBA,JAMALCA,TAMBOLIC
010701,AMAZONAS,UTCUBAMBA,BAGUA GRANDE,MORERILLA
010705,AMAZONAS,UTCUBAMBA,JAMALCA,ASERRADERO
010701,AMAZONAS,UTCUBAMBA,BAGUA GRANDE,LA CRUZ
010701,AMAZONAS,UTCUBAMBA,BAGUA GRANDE,MORROPON
010701,AMAZONAS,UTCUBAMBA,BAGUA GRANDE,PROGRESO SAN ANTONIO
010702,AMAZONAS,UTCUBAMBA,CAJARURO,ALIZO
010402,AMAZONAS,CONDORCANQUI,EL CENEPA,TUTIN
010401,AMAZONAS,CONDORCANQUI,NIEVA,SAWINTZA
010401,AMAZONAS,CONDORCANQUI,NIEVA,AJACHIM
010401,AMAZONAS,CONDORCANQUI,NIEVA,CUNKUQUI - KUGKUKI
010401,AMAZONAS,CONDORCANQUI,NIEVA,DUSHIP
010402,AMAZONAS,CONDORCANQUI,EL CENEPA,BUCHIGKIM
010401,AMAZONAS,CONDORCANQUI,NIEVA,YAHUAHUA
010401,AMAZONAS,CONDORCANQUI,NIEVA,YANTANA ENTSA
010402,AMAZONAS,CONDORCANQUI,EL CENEPA,TSAWANTUS
010401,AMAZONAS,CONDORCANQUI,NIEVA,PUJUPAT
010402,AMAZONAS,CONDORCANQUI,EL CENEPA,TUNIM
010606,AMAZONAS,RODRIGUEZ DE MENDOZA,LONGAR,SHUCUSH
060602,CAJAMARCA,CUTERVO,CALLAYUC,CALLAYUC
060807,CAJAMARCA,JAEN,POMAHUACA,TALLAS
060607,CAJAMARCA,CUTERVO,QUEROCOTILLO,MINAS
060803,CAJAMARCA,JAEN,CHONTALI,HUALATAN
060901,CAJAMARCA,SAN IGNACIO,SAN IGNACIO,QUIRACAS
060804,CAJAMARCA,JAEN,COLASAY,AGUA BLANCA
060901,CAJAMARCA,SAN IGNACIO,SAN IGNACIO,ATAPACA
060803,CAJAMARCA,JAEN,CHONTALI,RUMISAPA
150204,LIMA,BARRANCA,SUPE,ALPACOTO
151032,LIMA,YAUYOS,VIÏ¿½AC,VIÑAC
150731,LIMA,HUAROCHIRI,SANTO DOMINGO DE LOS OLLEROS,PASCANITA
150506,LIMA,CAÏ¿½ETE,COAYLLO,SAN JUAN DE QUISQUE
150505,LIMA,CAÏ¿½ETE,CHILCA,GARITA DE CONTROL
150802,LIMA,HUAURA,AMBAR,AYNACA - HUAYAMAJAN
020101,ANCASH,HUARAZ,HUARAZ,HUARGUEY
060607,CAJAMARCA,CUTERVO,QUEROCOTILLO,STA ROSA DE MINAS
050202,AYACUCHO,CANGALLO,CHUSCHI,CATALINAYOCC
080903,CUSCO,LA CONVENCION,HUAYOPATA,SICRE
080902,CUSCO,LA CONVENCION,ECHARATE,SANTA ROSA
080902,CUSCO,LA CONVENCION,ECHARATE,CAMPO VERDE
080902,CUSCO,LA CONVENCION,ECHARATE,LAGUNAS
080909,CUSCO,LA CONVENCION,VILCABAMBA,CHOQUELLUSCA
090706,HUANCAVELICA,TAYACAJA,DANIEL HERNANDEZ,MARISCAL CACERES
090706,HUANCAVELICA,TAYACAJA,DANIEL HERNANDEZ,PAMPA BLANCA
100603,HUANUCO,LEONCIO PRADO,HERMILIO VALDIZAN,SIMON BOLIVAR
100606,HUANUCO,LEONCIO PRADO,MARIANO DAMASO BERAUN,NUEVA AMERICA
100606,HUANUCO,LEONCIO PRADO,MARIANO DAMASO BERAUN,SAN JUAN PAMPA
100606,HUANUCO,LEONCIO PRADO,MARIANO DAMASO BERAUN,CHAGLLA NUEVA
100702,HUANUCO,MARAÏ¿½ON,CHOLON,CRISNEJA
100702,HUANUCO,MARAÏ¿½ON,CHOLON,SAN JUAN DE CULEBRA
100802,HUANUCO,PACHITEA,CHAGLLA,SANTA RITA SUR
100905,HUANUCO,PUERTO INCA,YUYAPICHIS,UNION SANTA ROSA
050610,AYACUCHO,LUCANAS,LLAUTA,LLAUTA
120302,JUNIN,CHANCHAMAYO,PERENE,SAN CRISTOBAL DE CAMONASHIRI
120303,JUNIN,CHANCHAMAYO,PICHANAQUI,C.N. SAN JOSE DE ANAPIARI
120305,JUNIN,CHANCHAMAYO,SAN RAMON,LA ESPERANZA
120302,JUNIN,CHANCHAMAYO,PERENE,PUERTO VICTORIA
120302,JUNIN,CHANCHAMAYO,PERENE,ALTO VILLA PROGRESO
120302,JUNIN,CHANCHAMAYO,PERENE,SANTA ROSA  DE TOTERANI
120603,JUNIN,SATIPO,LLAYLLA,BELEN
190307,PASCO,OXAPAMPA,VILLA RICA,CHURUMAZU
120304,JUNIN,CHANCHAMAYO,SAN LUIS DE SHUARO,PUÑIZAS CENTRAL ZONA 17
120303,JUNIN,CHANCHAMAYO,PICHANAQUI,ALTO SHORI
120301,JUNIN,CHANCHAMAYO,CHANCHAMAYO,LA ROMILDA
120302,JUNIN,CHANCHAMAYO,PERENE,MIGUEL GRAU
120302,JUNIN,CHANCHAMAYO,PERENE,JOSE OLAYA
120303,JUNIN,CHANCHAMAYO,PICHANAQUI,C.N. SANTA MARIA DE AUTIKI
090711,HUANCAVELICA,TAYACAJA,PAZOS,PAZOS
130613,LA LIBERTAD,OTUZCO,SINSICAP,QUIRRIPE
131201,LA LIBERTAD,VIRU,VIRU,HUACAPONGO
130108,LA LIBERTAD,TRUJILLO,POROTO,DOS DE MAYO
131101,LA LIBERTAD,GRAN CHIMU,CASCAS,QUEBRADA HONDA
060104,CAJAMARCA,CAJAMARCA,COSPAN,CEPO (EL CEPO)
130202,LA LIBERTAD,ASCOPE,CHICAMA,SAUSAL
130702,LA LIBERTAD,PACASMAYO,GUADALUPE,FACLO GRANDE
130401,LA LIBERTAD,CHEPEN,CHEPEN,MANCOCHITO
131201,LA LIBERTAD,VIRU,VIRU,HUANCAQUITO BAJO
060104,CAJAMARCA,CAJAMARCA,COSPAN,SAN JORGE
060601,CAJAMARCA,CUTERVO,CUTERVO,CUGUID (CUGINDE)
140110,LAMBAYEQUE,CHICLAYO,OYOTUN,CHILCAL ALTO
140205,LAMBAYEQUE,FERREÏ¿½AFE,PITIPO,MAYASCON
140205,LAMBAYEQUE,FERREÏ¿½AFE,PITIPO,PATAPON
140308,LAMBAYEQUE,LAMBAYEQUE,OLMOS,EL MANGO
200304,PIURA,HUANCABAMBA,HUARMACA,ALGARROBO
160706,LORETO,DATEM DEL MARAÏ¿½ON,ANDOAS,LIMON COCHA
160702,LORETO,DATEM DEL MARAÏ¿½ON,CAHUAPANAS,SANTA ROSA DE ARIPARI
160106,LORETO,MAYNAS,MAZAN,QUEBRADA ARMAS
160106,LORETO,MAYNAS,MAZAN,SAN JUAN DE FLORESTA
160112,LORETO,MAYNAS,BELEN,CENTRO UNION LUPUNA
160704,LORETO,DATEM DEL MARAÏ¿½ON,MORONA,LUZ ORIENTE
160701,LORETO,DATEM DEL MARAÏ¿½ON,BARRANCA,SHUPAL
160703,LORETO,DATEM DEL MARAÏ¿½ON,MANSERICHE,NAZARETH
160103,LORETO,MAYNAS,FERNANDO LORES,SAN PEDRO DEL AMAZONAS
160706,LORETO,DATEM DEL MARAÏ¿½ON,ANDOAS,NAYUNENTZA
160107,LORETO,MAYNAS,NAPO,QUECHUA DE SAN FERNANDO
160302,LORETO,LORETO,PARINARI,SHAPAJILLA
160301,LORETO,LORETO,NAUTA,VILLA NUEVO CRUZADORES
160107,LORETO,MAYNAS,NAPO,COPAL YACU
160706,LORETO,DATEM DEL MARAÏ¿½ON,ANDOAS,KONSTASH
160705,LORETO,DATEM DEL MARAÏ¿½ON,PASTAZA,PUERTO SKEWINA
160706,LORETO,DATEM DEL MARAÏ¿½ON,ANDOAS,YAMPIK
160702,LORETO,DATEM DEL MARAÏ¿½ON,CAHUAPANAS,NUEVO ARICA
160302,LORETO,LORETO,PARINARI,SANTA CLARA
160606,LORETO,UCAYALI,VARGAS GUERRA,SAN JUAN
160402,LORETO,MARISCAL RAMON CASTILLA,PEBAS,CONDOR
160505,LORETO,REQUENA,MAQUIA,NUEVO CLAVERO
160702,LORETO,DATEM DEL MARAÏ¿½ON,CAHUAPANAS,NUEVA ALIANZA
160106,LORETO,MAYNAS,MAZAN,ISLA TAMANCO
160103,LORETO,MAYNAS,FERNANDO LORES,NUEVO SAN MARTIN
160706,LORETO,DATEM DEL MARAÏ¿½ON,ANDOAS,WAWUEN
160105,LORETO,MAYNAS,LAS AMAZONAS,SAN PEDRO
160105,LORETO,MAYNAS,LAS AMAZONAS,SANTO TOMAS
160706,LORETO,DATEM DEL MARAÏ¿½ON,ANDOAS,SUNGACHI
160401,LORETO,MARISCAL RAMON CASTILLA,RAMON CASTILLA,RONDIÑA I ZONA
160706,LORETO,DATEM DEL MARAÏ¿½ON,ANDOAS,SANCHIK
160601,LORETO,UCAYALI,CONTAMANA,SAN MARTIN CHIATIPISHCA
160501,LORETO,REQUENA,REQUENA,REFORMA
160704,LORETO,DATEM DEL MARAÏ¿½ON,MORONA,PATRIA NUEVA
160702,LORETO,DATEM DEL MARAÏ¿½ON,CAHUAPANAS,PISTON DE BENAVIDES
160103,LORETO,MAYNAS,FERNANDO LORES,CONSTANCIA
160703,LORETO,DATEM DEL MARAÏ¿½ON,MANSERICHE,RICHAR PONGO
160706,LORETO,DATEM DEL MARAÏ¿½ON,ANDOAS,ALIANZA  TOPAL
160505,LORETO,REQUENA,MAQUIA,MONTEVIDEO
160404,LORETO,MARISCAL RAMON CASTILLA,SAN PABLO,ORACIO CEBALLOS
160705,LORETO,DATEM DEL MARAÏ¿½ON,PASTAZA,LOS ANGELES
160305,LORETO,LORETO,URARINAS,ANGORA
160505,LORETO,REQUENA,MAQUIA,SANTA CLOTILDE
160102,LORETO,MAYNAS,ALTO NANAY,SAN JUAN DE UNGURAHUAL
160210,LORETO,ALTO AMAZONAS,SANTA CRUZ,NUEVO IQUITOS
160206,LORETO,ALTO AMAZONAS,LAGUNAS,SANANGUILLO
160202,LORETO,ALTO AMAZONAS,BALSAPUERTO,SANTA MERCEDES PILLINGUE
160206,LORETO,ALTO AMAZONAS,LAGUNAS,UNION ZANCUDO
160210,LORETO,ALTO AMAZONAS,SANTA CRUZ,SEIS DE ENERO
160211,LORETO,ALTO AMAZONAS,TENIENTE CESAR LOPEZ ROJAS,CORAZON DE JESUS
160206,LORETO,ALTO AMAZONAS,LAGUNAS,SAN FELIPE
160206,LORETO,ALTO AMAZONAS,LAGUNAS,SAN FERNANDO DE TIPISHCA
160108,LORETO,MAYNAS,PUNCHANA,ROCA FUERTE
160106,LORETO,MAYNAS,MAZAN,14 DE JULIO
160705,LORETO,DATEM DEL MARAÏ¿½ON,PASTAZA,CHAMBIRA
160106,LORETO,MAYNAS,MAZAN,QUEBRADA GAMITANA
160202,LORETO,ALTO AMAZONAS,BALSAPUERTO,NUEVO CUZCO
100902,HUANUCO,PUERTO INCA,CODO DEL POZUZO,SAN PEDRO
190304,PASCO,OXAPAMPA,PALCAZU,ALDEA NATIVA PALMA
190304,PASCO,OXAPAMPA,PALCAZU,ALDEA NATIVA CENTRO COMPARACHIMAS
190306,PASCO,OXAPAMPA,PUERTO BERMUDEZ,ALDEA NATIVA VILLA ALEGRE QUIRISHIARI
190306,PASCO,OXAPAMPA,PUERTO BERMUDEZ,VISTA ALEGRE
190304,PASCO,OXAPAMPA,PALCAZU,ALDEA NATIVA CENTRO ESPERANZA
190307,PASCO,OXAPAMPA,VILLA RICA,ENTAZ BAJO
190205,PASCO,DANIEL ALCIDES CARRION,SAN PEDRO DE PILLAO,SAN PEDRO DE PILLAO
190306,PASCO,OXAPAMPA,PUERTO BERMUDEZ,ALDEA NATIVA TUPAC AMARU
190304,PASCO,OXAPAMPA,PALCAZU,ALTO ISCOZACIN COLONOS
190304,PASCO,OXAPAMPA,PALCAZU,GALLINAZO
190304,PASCO,OXAPAMPA,PALCAZU,CAFE
190304,PASCO,OXAPAMPA,PALCAZU,CAMANTARMAS
190306,PASCO,OXAPAMPA,PUERTO BERMUDEZ,ALDEA NATIVA MILAGRO 1
211201,PUNO,SANDIA,SANDIA,HUACALUQUE
211207,PUNO,SANDIA,SAN JUAN DEL ORO,CHALLUMA
211210,PUNO,SANDIA,SAN PEDRO DE PUTINA PUNCO,SAN PEDRO DE PUTINA PUNCO
210303,PUNO,CARABAYA,AYAPATA,AYAPATA
220807,SAN MARTIN,RIOJA,SAN FERNANDO,SAN FERNANDO
220103,SAN MARTIN,MOYOBAMBA,HABANA,CALORA
220104,SAN MARTIN,MOYOBAMBA,JEPELACIO,NUEVO LAMBAYEQUE
220702,SAN MARTIN,PICOTA,BUENOS AIRES,EL MIRADOR
220506,SAN MARTIN,LAMAS,PINTO RECODO,CHURUZAPA
220303,SAN MARTIN,EL DORADO,SAN MARTIN,NUEVA JUVENTUD
220510,SAN MARTIN,LAMAS,TABALOSOS,CACHIPAMPA
220909,SAN MARTIN,SAN MARTIN,LA BANDA DE SHILCAYO,SANTA ROSA
220603,SAN MARTIN,MARISCAL CACERES,HUICUNGO,MONTEBRAVO
221004,SAN MARTIN,TOCACHE,SHUNTE,BUENOS AIRES
220605,SAN MARTIN,MARISCAL CACERES,PAJARILLO,RETAMA (VICTOR RAUL HAYA DE LA TORRE )
220510,SAN MARTIN,LAMAS,TABALOSOS,ALTO HUNGURAHUI
220502,SAN MARTIN,LAMAS,ALONSO DE ALVARADO,JOSE OLAYA
220101,SAN MARTIN,MOYOBAMBA,MOYOBAMBA,MALVINAS
220104,SAN MARTIN,MOYOBAMBA,JEPELACIO,ALFONSO UGARTE
220101,SAN MARTIN,MOYOBAMBA,MOYOBAMBA,INDAÑE
220604,SAN MARTIN,MARISCAL CACERES,PACHIZA,ALTO EL SOL
220605,SAN MARTIN,MARISCAL CACERES,PAJARILLO,BELLA HORIZONTE
010609,AMAZONAS,RODRIGUEZ DE MENDOZA,OMIA,NUEVO OMIA
220105,SAN MARTIN,MOYOBAMBA,SORITOR,NUEVO SINAI
220503,SAN MARTIN,LAMAS,BARRANQUITA,SAN FERNANDO
220401,SAN MARTIN,HUALLAGA,SAPOSOA,COLLPA
220401,SAN MARTIN,HUALLAGA,SAPOSOA,NUEVA VIDA
220401,SAN MARTIN,HUALLAGA,SAPOSOA,SACANCHE
220101,SAN MARTIN,MOYOBAMBA,MOYOBAMBA,SHIMPIYACU
220510,SAN MARTIN,LAMAS,TABALOSOS,MEZA PATA
220702,SAN MARTIN,PICOTA,BUENOS AIRES,LA FORTALEZA
100602,HUANUCO,LEONCIO PRADO,DANIEL ALOMIA ROBLES,TINGO MARIA
250201,UCAYALI,ATALAYA,RAIMONDI,CENTRO APINIHUA
100901,HUANUCO,PUERTO INCA,PUERTO INCA,HUANUCO
100903,HUANUCO,PUERTO INCA,HONORIA,HUANUCO
250102,UCAYALI,CORONEL PORTILLO,CAMPOVERDE,SAN JUAN KM. 71
250104,UCAYALI,CORONEL PORTILLO,MASISEA,NUEVO PARAISO
250105,UCAYALI,CORONEL PORTILLO,YARINACOCHA,ONCE DE AGOSTO
250301,UCAYALI,PADRE ABAD,PADRE ABAD,GUAYABAL
250301,UCAYALI,PADRE ABAD,PADRE ABAD,BAJO SHAMBILLO
250303,UCAYALI,PADRE ABAD,CURIMANA,NUEVO JERUSALEN
250106,UCAYALI,CORONEL PORTILLO,NUEVA REQUENA,NARANJAL
250104,UCAYALI,CORONEL PORTILLO,MASISEA,MAHIA
250102,UCAYALI,CORONEL PORTILLO,CAMPOVERDE,MANCO CAPAC
250101,UCAYALI,CORONEL PORTILLO,CALLERIA,PILAR NORES
250303,UCAYALI,PADRE ABAD,CURIMANA,TARAHUACA ( ANEXO DE BELLO HORIZONTE)
250303,UCAYALI,PADRE ABAD,CURIMANA,BOLOGNESI
250104,UCAYALI,CORONEL PORTILLO,MASISEA,VINONCURO
250203,UCAYALI,ATALAYA,TAHUANIA,ANQUIA
250203,UCAYALI,ATALAYA,TAHUANIA,CHUMICHUMA
200602,PIURA,SULLANA,BELLAVISTA,SOMATE ALTO
200805,PIURA,SECHURA,VICE,LETIRA
200110,PIURA,PIURA,LA UNION,CANIZAL SANTA ROSA
200110,PIURA,PIURA,LA UNION,SANTA CRUZ
200303,PIURA,HUANCABAMBA,EL CARMEN DE LA FRONTERA,HORMIGUEROS
200302,PIURA,HUANCABAMBA,CANCHAQUE,PUEBLO LIBRE
200804,PIURA,SECHURA,CRISTO NOS VALGA,SANTA CLARA
010514,AMAZONAS,LUYA,PISUQUIA,SAN JUAN
010601,AMAZONAS,RODRIGUEZ DE MENDOZA,SAN NICOLAS,NUEVA ESPERANZA
010605,AMAZONAS,RODRIGUEZ DE MENDOZA,LIMABAMBA,CHALLUAYACO
010205,AMAZONAS,BAGUA,IMAZA,ALMENDRO
010203,AMAZONAS,BAGUA,COPALLIN,EL PORVENIR
010205,AMAZONAS,BAGUA,IMAZA,YANAT
010205,AMAZONAS,BAGUA,IMAZA,PUMPU
010205,AMAZONAS,BAGUA,IMAZA,SAN MATEO
010202,AMAZONAS,BAGUA,ARAMANGO,EL LAUREL
010205,AMAZONAS,BAGUA,IMAZA,KUCHA
010706,AMAZONAS,UTCUBAMBA,LONYA GRANDE,YUNGASUYO
010701,AMAZONAS,UTCUBAMBA,BAGUA GRANDE,COLLICATE
010705,AMAZONAS,UTCUBAMBA,JAMALCA,GOÑA
010702,AMAZONAS,UTCUBAMBA,CAJARURO,NARANJOS ALTOS
010706,AMAZONAS,UTCUBAMBA,LONYA GRANDE,SAN FELIPE
010706,AMAZONAS,UTCUBAMBA,LONYA GRANDE,SUIZA
010402,AMAZONAS,CONDORCANQUI,EL CENEPA,YAGRU ENTSA
010402,AMAZONAS,CONDORCANQUI,EL CENEPA,TUWAGENTSA
010401,AMAZONAS,CONDORCANQUI,NIEVA,SUWANTS
010401,AMAZONAS,CONDORCANQUI,NIEVA,SANTA FE MONTERRICO
010402,AMAZONAS,CONDORCANQUI,EL CENEPA,TSEASIM
010401,AMAZONAS,CONDORCANQUI,NIEVA,NUNTPATKAIN
010402,AMAZONAS,CONDORCANQUI,EL CENEPA,MAMAYAKIM
060419,CAJAMARCA,CHOTA,CHALAMARCA,LUCMAR
060401,CAJAMARCA,CHOTA,CHOTA,PAMPA LA LAGUNA
060410,CAJAMARCA,CHOTA,LAJAS,CAOMALCA BAJO
060401,CAJAMARCA,CHOTA,CHOTA,LANCHEBAMBA
060901,CAJAMARCA,SAN IGNACIO,SAN IGNACIO,EL SAUCE
060801,CAJAMARCA,JAEN,JAEN,SAN JOSE DE CHILIQUE
060901,CAJAMARCA,SAN IGNACIO,SAN IGNACIO,NUEVO PORVENIR
060901,CAJAMARCA,SAN IGNACIO,SAN IGNACIO,TUPAC AMARU
060906,CAJAMARCA,SAN IGNACIO,SAN JOSE DE LOURDES,JORGE CHAVEZ
150305,LIMA,CAJATAMBO,MANAS,CAHUA
021408,ANCASH,OCROS,SAN CRISTOBAL DE RAJAN,RAJAN
150304,LIMA,CAJATAMBO,HUANCAPON,CAJAMARQUILLA
151005,LIMA,YAUYOS,AZANGARO,AZANGARO
150603,LIMA,HUARAL,ATAVILLOS BAJO,ANASMAYO
060610,CAJAMARCA,CUTERVO,SAN LUIS DE LUCMA,SAPAYUT
060606,CAJAMARCA,CUTERVO,PIMPINGOS,EL VENCEDOR
060613,CAJAMARCA,CUTERVO,SANTO TOMAS,SANTOS TOMAS
220202,SAN MARTIN,BELLAVISTA,ALTO BIAVO,GONZALES PRADA
190306,PASCO,OXAPAMPA,PUERTO BERMUDEZ,ALDEA NATIVA NAZARET
190306,PASCO,OXAPAMPA,PUERTO BERMUDEZ,SAN ROQUE DE SIMARI
120607,JUNIN,SATIPO,RIO NEGRO,BUENOS AIRES
120305,JUNIN,CHANCHAMAYO,SAN RAMON,PUNTUYACU
120302,JUNIN,CHANCHAMAYO,PERENE,PUCHARINI ALTO
120304,JUNIN,CHANCHAMAYO,SAN LUIS DE SHUARO,MARISCAL CASTILLA
120302,JUNIN,CHANCHAMAYO,PERENE,LAS PALMAS
120209,JUNIN,CONCEPCION,MARISCAL CASTILLA,MARISCAL CASTILLA
120305,JUNIN,CHANCHAMAYO,SAN RAMON,QUIMIRI CENTRO
120306,JUNIN,CHANCHAMAYO,VITOC,AYNAMAYO
120304,JUNIN,CHANCHAMAYO,SAN LUIS DE SHUARO,PLAYA PAMPA
120608,JUNIN,SATIPO,RIO TAMBO,CC.NN. AOTI
120608,JUNIN,SATIPO,RIO TAMBO,SHIMABENZO
120608,JUNIN,SATIPO,RIO TAMBO,LA CANAAN
120604,JUNIN,SATIPO,MAZAMARI,PIOTOA
120603,JUNIN,SATIPO,LLAYLLA,LA LIBERTAD
120606,JUNIN,SATIPO,PANGOA,CANAAN
120604,JUNIN,SATIPO,MAZAMARI,SAN CRISTOBAL
120302,JUNIN,CHANCHAMAYO,PERENE,KIMARIANI ALTO
120607,JUNIN,SATIPO,RIO NEGRO,BAJO VILLA VICTORIA
080902,CUSCO,LA CONVENCION,ECHARATE,CIGAQUIATO
010609,AMAZONAS,RODRIGUEZ DE MENDOZA,OMIA,MASHUYACO
010704,AMAZONAS,UTCUBAMBA,EL MILAGRO,VALOR
010702,AMAZONAS,UTCUBAMBA,CAJARURO,SAN CRISTOBAL
010702,AMAZONAS,UTCUBAMBA,CAJARURO,TRIUNFO
080908,CUSCO,LA CONVENCION,SANTA TERESA,TENDALPAMPA
010203,AMAZONAS,BAGUA,COPALLIN,LA PALMA
021409,ANCASH,OCROS,SAN PEDRO,JULQUILLAS
150407,LIMA,CANTA,SANTA ROSA DE QUIVES,LA RANCOCHA
021401,ANCASH,OCROS,OCROS,OCROS
010203,AMAZONAS,BAGUA,COPALLIN,CAMBIO PITEC
200301,PIURA,HUANCABAMBA,HUANCABAMBA,JICATE ALTO (JICATE)
060604,CAJAMARCA,CUTERVO,CUJILLO,CUNUAT
150504,LIMA,CAÏ¿½ETE,CERRO AZUL,C.C. CERRO AZUL
170104,MADRE DE DIOS,TAMBOPATA,LABERINTO,COPAMANU
130812,LA LIBERTAD,PATAZ,TAURIJA,UCHOS
021806,ANCASH,SANTA,NEPEÏ¿½A,SAN JACINTO
200804,PIURA,SECHURA,CRISTO NOS VALGA,NUEVO CHUPER
010401,AMAZONAS,CONDORCANQUI,NIEVA,KAYANTS
200304,PIURA,HUANCABAMBA,HUARMACA,RAMON CASTILLA
200401,PIURA,MORROPON,CHULUCANAS,CASANAS
200308,PIURA,HUANCABAMBA,SONDORILLO,SONDORILLO
131101,LA LIBERTAD,GRAN CHIMU,CASCAS,PUNTA MORENO
130104,LA LIBERTAD,TRUJILLO,HUANCHACO,HUANCHAQUITO ALTO
010402,AMAZONAS,CONDORCANQUI,EL CENEPA,ANEXO PAGATA
060508,CAJAMARCA,CONTUMAZA,YONAN,PAY PAY
130604,LA LIBERTAD,OTUZCO,CHARAT,CAYANCHAL
080902,CUSCO,LA CONVENCION,ECHARATE,TANGOSHIARI
080902,CUSCO,LA CONVENCION,ECHARATE,PACHIRI MARGEN IZQUIERDA
080903,CUSCO,LA CONVENCION,HUAYOPATA,PISTIPATA
080907,CUSCO,LA CONVENCION,KIMBIRI,VISTA ALEGRE ALTA
170204,MADRE DE DIOS,MANU,HUEPETUHE,SANTA INES
080909,CUSCO,LA CONVENCION,VILCABAMBA,LUCMAHUAYCCO
130202,LA LIBERTAD,ASCOPE,CHICAMA,HUABALITO
131101,LA LIBERTAD,GRAN CHIMU,CASCAS,JOLLUCO
130604,LA LIBERTAD,OTUZCO,CHARAT,CHARAT
010610,AMAZONAS,RODRIGUEZ DE MENDOZA,SANTA ROSA,TRIUNFO
010705,AMAZONAS,UTCUBAMBA,JAMALCA,SALAO
150401,LIMA,CANTA,CANTA,PARIAMARCA
150806,LIMA,HUAURA,HUAURA,SOCORRO - EL CARMEN
150203,LIMA,BARRANCA,PATIVILCA,CHURLIN
131101,LA LIBERTAD,GRAN CHIMU,CASCAS,PUENTE OCHAPE
060611,CAJAMARCA,CUTERVO,SANTA CRUZ,CHURU MAYO
021101,ANCASH,HUARMEY,HUARMEY,HUAMBA ALTA
200702,PIURA,TALARA,EL ALTO,CALETA CABO BLANCO
010514,AMAZONAS,LUYA,PISUQUIA,TUPEN GRANDE
190304,PASCO,OXAPAMPA,PALCAZU,ALDEA NATIVA SHIRINGAMAZU PUEBLO LIBRE
211208,PUNO,SANDIA,YANAHUAYA,YANAHUAYA
200602,PIURA,SULLANA,BELLAVISTA,SANTA ROSA DE PIEDRA RODADA
100905,HUANUCO,PUERTO INCA,YUYAPICHIS,DULCE GLORIA
100604,HUANUCO,LEONCIO PRADO,JOSE CRESPO Y CASTILLO,UTC-BAMBU
100903,HUANUCO,PUERTO INCA,HONORIA,NUEVA UNION
100902,HUANUCO,PUERTO INCA,CODO DEL POZUZO,MIRAFLORES
100901,HUANUCO,PUERTO INCA,PUERTO INCA,SUNGARILLO
100901,HUANUCO,PUERTO INCA,PUERTO INCA,TRES DE MAYO
100901,HUANUCO,PUERTO INCA,PUERTO INCA,VILLA FUERTE
040513,AREQUIPA,CAYLLOMA,MADRIGAL,MADRIGAL
160702,LORETO,DATEM DEL MARAÏ¿½ON,CAHUAPANAS,NUEVO YARINAS
160801,LORETO,PUTUMAYO,PUTUMAYO,PUERTO NUEVO
160504,LORETO,REQUENA,EMILIO SAN MARTIN,ABTAO
160105,LORETO,MAYNAS,LAS AMAZONAS,CENTRO POBLADO MENOR DE YANASHI
160202,LORETO,ALTO AMAZONAS,BALSAPUERTO,NUEVA UCHIZA
160201,LORETO,ALTO AMAZONAS,YURIMAGUAS,PRIMAVERA
160201,LORETO,ALTO AMAZONAS,YURIMAGUAS,MARONA
220504,SAN MARTIN,LAMAS,CAYNARACHI,DAVICILLO
160305,LORETO,LORETO,URARINAS,NUEVA ELMIRA
160302,LORETO,LORETO,PARINARI,JERUSALEN
160704,LORETO,DATEM DEL MARAÏ¿½ON,MORONA,BANCAL
160701,LORETO,DATEM DEL MARAÏ¿½ON,BARRANCA,SANTA ROSA DE ARIPARI
160105,LORETO,MAYNAS,LAS AMAZONAS,SANTA URSULA DE OROZA
060806,CAJAMARCA,JAEN,LAS PIRIAS,PALO BLANCO
140202,LAMBAYEQUE,FERREÏ¿½AFE,CAÏ¿½ARIS,HUAMACHUCO
060604,CAJAMARCA,CUTERVO,CUJILLO,QUILUCATE
160705,LORETO,DATEM DEL MARAÏ¿½ON,PASTAZA,PUERTO AKUMPARI
060906,CAJAMARCA,SAN IGNACIO,SAN JOSE DE LOURDES,MISA CANTORA
060901,CAJAMARCA,SAN IGNACIO,SAN IGNACIO,YANDILUZA
060803,CAJAMARCA,JAEN,CHONTALI,CRUZPAMPA
160404,LORETO,MARISCAL RAMON CASTILLA,SAN PABLO,PERUATE I ZONA
060903,CAJAMARCA,SAN IGNACIO,HUARANGO,EL EDEN
060806,CAJAMARCA,JAEN,LAS PIRIAS,PUCARRILLO
060804,CAJAMARCA,JAEN,COLASAY,SAN LORENZO DE BARBASCO
060904,CAJAMARCA,SAN IGNACIO,LA COIPA,FLOR DE MAYO
060904,CAJAMARCA,SAN IGNACIO,LA COIPA,GRAMALOTAL
160103,LORETO,MAYNAS,FERNANDO LORES,SAMARIA I ZONA
160503,LORETO,REQUENA,CAPELO,NUEVO BAGAZAN
160502,LORETO,REQUENA,ALTO TAPICHE,PACASMAYO
160106,LORETO,MAYNAS,MAZAN,CENTRO UNIDO
160110,LORETO,MAYNAS,TORRES CAUSANA,ANGOTEROS MONTERRICO
160110,LORETO,MAYNAS,TORRES CAUSANA,INGANO LLACTA
160401,LORETO,MARISCAL RAMON CASTILLA,RAMON CASTILLA,YAHUMA CALLARU
160403,LORETO,MARISCAL RAMON CASTILLA,YAVARI,SAN SEBASTIAN
160403,LORETO,MARISCAL RAMON CASTILLA,YAVARI,SAN JOSE DE PARINARI
160703,LORETO,DATEM DEL MARAÏ¿½ON,MANSERICHE,COMUNIDAD 70
160402,LORETO,MARISCAL RAMON CASTILLA,PEBAS,NUEVA VIDA
160113,LORETO,MAYNAS,SAN JUAN BAUTISTA,NUEVO TRIUNFO
090703,HUANCAVELICA,TAYACAJA,ACRAQUIA,COLCA
220913,SAN MARTIN,SAN MARTIN,SAUCE,GARRAPATA
220502,SAN MARTIN,LAMAS,ALONSO DE ALVARADO,PORVENIR DEL NORTE
221001,SAN MARTIN,TOCACHE,TOCACHE,ATUSPARIA
220403,SAN MARTIN,HUALLAGA,EL ESLABON,MIRAFLORES
220502,SAN MARTIN,LAMAS,ALONSO DE ALVARADO,PUEBLO NUEVO
220403,SAN MARTIN,HUALLAGA,EL ESLABON,SANTA CLARA
220104,SAN MARTIN,MOYOBAMBA,JEPELACIO,ALMENDRA
220904,SAN MARTIN,SAN MARTIN,CHAZUTA,CURIYACU
220501,SAN MARTIN,LAMAS,LAMAS,HUAPO
220101,SAN MARTIN,MOYOBAMBA,MOYOBAMBA,LA CRUZ DEL ALTO MAYO (LA CRUZ)
220203,SAN MARTIN,BELLAVISTA,BAJO BIAVO,MOLOCHO
220804,SAN MARTIN,RIOJA,NUEVA CAJAMARCA,UCRANIA
220805,SAN MARTIN,RIOJA,PARDO MIGUEL,AGUAS VERDES
220804,SAN MARTIN,RIOJA,NUEVA CAJAMARCA,TAHUANTINSUYO
220807,SAN MARTIN,RIOJA,SAN FERNANDO,NUEVO ORIENTE
220503,SAN MARTIN,LAMAS,BARRANQUITA,JUAN SANTOS ATAHUALPA
220101,SAN MARTIN,MOYOBAMBA,MOYOBAMBA,GANIMIDES
220203,SAN MARTIN,BELLAVISTA,BAJO BIAVO,SANTA FLOR
220510,SAN MARTIN,LAMAS,TABALOSOS,NAZARET
220701,SAN MARTIN,PICOTA,PICOTA,ANGAMOS
220708,SAN MARTIN,PICOTA,SHAMBOYACU,CUMALIO
220804,SAN MARTIN,RIOJA,NUEVA CAJAMARCA,SAN MIGUEL
220506,SAN MARTIN,LAMAS,PINTO RECODO,MISHQUILLAQUILLO DE SHAPUNGA
220808,SAN MARTIN,RIOJA,YORONGOS,SEGUNDA JERUSALEN-AZUNGUILLO
220801,SAN MARTIN,RIOJA,RIOJA,EL PORVENIR PARCELAS
060615,CAJAMARCA,CUTERVO,TORIBIO CASANOVA,LA SACILIA
160704,LORETO,DATEM DEL MARAÏ¿½ON,MORONA,SHAPAJA
050113,AYACUCHO,HUAMANGA,TAMBILLO,TAMBOBAMBA
160706,LORETO,DATEM DEL MARAÏ¿½ON,ANDOAS,PUERTO ALEGRE
010602,AMAZONAS,RODRIGUEZ DE MENDOZA,CHIRIMOTO,LUZ DEL ORIENTE
010701,AMAZONAS,UTCUBAMBA,BAGUA GRANDE,VISTA ALEGRE
010702,AMAZONAS,UTCUBAMBA,CAJARURO,LA FLORIDA
080910,CUSCO,LA CONVENCION,PICHARI,PARAISO
220803,SAN MARTIN,RIOJA,ELIAS SOPLIN VARGAS,PUERTO BAGAZAN
220803,SAN MARTIN,RIOJA,ELIAS SOPLIN VARGAS,VICTOR RAUL
221001,SAN MARTIN,TOCACHE,TOCACHE,FILADELFIA
211201,PUNO,SANDIA,SANDIA,QUESÑANI
160103,LORETO,MAYNAS,FERNANDO LORES,NUEVO PROGRESO - MUYUY
160401,LORETO,MARISCAL RAMON CASTILLA,RAMON CASTILLA,SAN JOSE DE LORETOYACU
090717,HUANCAVELICA,TAYACAJA,SURCUBAMBA,SOCOS
021801,ANCASH,SANTA,CHIMBOTE,02 DE JUNIO
200301,PIURA,HUANCABAMBA,HUANCABAMBA,QUISPE BAJO (QUISPE)
021807,ANCASH,SANTA,SAMANCO,SAMANCO
021805,ANCASH,SANTA,MORO,BREÑA BAJA (HUISCO)
020804,ANCASH,CASMA,YAUTAN,YAUTAN
190308,PASCO,OXAPAMPA,CONSTITUCION,CIUDAD CONSTITUCION
190303,PASCO,OXAPAMPA,HUANCABAMBA,HUANCABAMBA
190304,PASCO,OXAPAMPA,PALCAZU,ALDEA NATIVA SANTA MARIA
190307,PASCO,OXAPAMPA,VILLA RICA,SAN FRANCISCO DE PICHANAS
190304,PASCO,OXAPAMPA,PALCAZU,ALDEA NATIVA NUEVA ESPERANZA
190304,PASCO,OXAPAMPA,PALCAZU,AGUARUNA
190306,PASCO,OXAPAMPA,PUERTO BERMUDEZ,EL MILAGRO
022005,ANCASH,YUNGAY,QUILLO,HUACUY BAJO (HUACUY)
050509,AYACUCHO,LA MAR,SAMUGARI,PAMPAHUASI
140308,LAMBAYEQUE,LAMBAYEQUE,OLMOS,VIRGEN DEL CARMEN
151015,LIMA,YAUYOS,HUANGASCAR,HUANGASCAR
170103,MADRE DE DIOS,TAMBOPATA,LAS PIEDRAS,ALTO LOBOYOC
200114,PIURA,PIURA,TAMBO GRANDE,EL PAPAYO DEL ALGARROBO
160801,LORETO,PUTUMAYO,PUTUMAYO,CEDRITO
160705,LORETO,DATEM DEL MARAÏ¿½ON,PASTAZA,PUERTO CHUINDA
160701,LORETO,DATEM DEL MARAÏ¿½ON,BARRANCA,SANTA ROSA DEL MARANON
160704,LORETO,DATEM DEL MARAÏ¿½ON,MORONA,PUERTO LUZ
160706,LORETO,DATEM DEL MARAÏ¿½ON,ANDOAS,PUERTO NAZARENO
160103,LORETO,MAYNAS,FERNANDO LORES,SANTA ROSA DE SHATO
160705,LORETO,DATEM DEL MARAÏ¿½ON,PASTAZA,PUERTO AGUAJAL
160702,LORETO,DATEM DEL MARAÏ¿½ON,CAHUAPANAS,NARANJAL
160105,LORETO,MAYNAS,LAS AMAZONAS,SANTA ROSA DE ATUN CAÑO
160511,LORETO,REQUENA,YAQUERANA,ANUSHI
160603,LORETO,UCAYALI,PADRE MARQUEZ,PAOCOCHA
250302,UCAYALI,PADRE ABAD,IRAZOLA,NUEVA UNION (PALOMETA)
250102,UCAYALI,CORONEL PORTILLO,CAMPOVERDE,LA FRONTERA
250202,UCAYALI,ATALAYA,SEPAHUA,SAN PEDRO
250201,UCAYALI,ATALAYA,RAIMONDI,PUERTO ESPERANZA
250202,UCAYALI,ATALAYA,SEPAHUA,ONCONASHARI
250303,UCAYALI,PADRE ABAD,CURIMANA,MONTE SINAI
250302,UCAYALI,PADRE ABAD,IRAZOLA,NUEVO HORIZONTE
250303,UCAYALI,PADRE ABAD,CURIMANA,NUEVA MERIBA
250102,UCAYALI,CORONEL PORTILLO,CAMPOVERDE,AVEJAICO
250201,UCAYALI,ATALAYA,RAIMONDI,TIONY
250201,UCAYALI,ATALAYA,RAIMONDI,JANTENI
250202,UCAYALI,ATALAYA,SEPAHUA,NUEVO HORIZONTE
250302,UCAYALI,PADRE ABAD,IRAZOLA,NUEVO TIWINZA
250105,UCAYALI,CORONEL PORTILLO,YARINACOCHA,LOS ANGELES
250303,UCAYALI,PADRE ABAD,CURIMANA,NUEVA LIBERTAD
250303,UCAYALI,PADRE ABAD,CURIMANA,10 DE MARZO
250104,UCAYALI,CORONEL PORTILLO,MASISEA,SANTA FE DE INUMAPUYA
250203,UCAYALI,ATALAYA,TAHUANIA,SHIMA
250201,UCAYALI,ATALAYA,RAIMONDI,TZIAVENTENI
010110,AMAZONAS,CHACHAPOYAS,LEIMEBAMBA,AGUA LOCA
010702,AMAZONAS,UTCUBAMBA,CAJARURO,LA UNION
010602,AMAZONAS,RODRIGUEZ DE MENDOZA,CHIRIMOTO,ACHAMAL
010601,AMAZONAS,RODRIGUEZ DE MENDOZA,SAN NICOLAS,PARISTA
010707,AMAZONAS,UTCUBAMBA,YAMON,VISTA ALEGRE
010609,AMAZONAS,RODRIGUEZ DE MENDOZA,OMIA,NUEVO CHACHAPOYAS
010702,AMAZONAS,UTCUBAMBA,CAJARURO,EL TIGRE
010702,AMAZONAS,UTCUBAMBA,CAJARURO,JOSE OLAYA
010604,AMAZONAS,RODRIGUEZ DE MENDOZA,HUAMBO,BUENOS AIRES
010704,AMAZONAS,UTCUBAMBA,EL MILAGRO,JOROBAMBA
010503,AMAZONAS,LUYA,COCABAMBA,MENDAN
010402,AMAZONAS,CONDORCANQUI,EL CENEPA,PAIZA
010202,AMAZONAS,BAGUA,ARAMANGO,TSUNTSUNTSA
010205,AMAZONAS,BAGUA,IMAZA,SHUSHUI
010201,AMAZONAS,BAGUA,BAGUA,TOLOPAMPA
010205,AMAZONAS,BAGUA,IMAZA,NUMPARQUE
010203,AMAZONAS,BAGUA,COPALLIN,LLUHUANA
010202,AMAZONAS,BAGUA,ARAMANGO,VISTA ALEGRE
010206,AMAZONAS,BAGUA,LA PECA,PARAISO
010205,AMAZONAS,BAGUA,IMAZA,TUNIM
021807,ANCASH,SANTA,SAMANCO,HUAMBACHO (EL ARENAL)
050502,AYACUCHO,LA MAR,ANCO,MIRAFLORES
060901,CAJAMARCA,SAN IGNACIO,SAN IGNACIO,EL TUNAL
060901,CAJAMARCA,SAN IGNACIO,SAN IGNACIO,FAICAL
060801,CAJAMARCA,JAEN,JAEN,VISTA ALEGRE ALTO
060804,CAJAMARCA,JAEN,COLASAY,EL NARANJAL
060802,CAJAMARCA,JAEN,BELLAVISTA,LAUREL DE CHINGAMA
060802,CAJAMARCA,JAEN,BELLAVISTA,ORTIGAS
060801,CAJAMARCA,JAEN,JAEN,YANAYACU
060901,CAJAMARCA,SAN IGNACIO,SAN IGNACIO,BUENOS AIRES
060607,CAJAMARCA,CUTERVO,QUEROCOTILLO,SILLANGATE
090706,HUANCAVELICA,TAYACAJA,DANIEL HERNANDEZ,ATOC
100605,HUANUCO,LEONCIO PRADO,LUYANDO,SAN MIGUEL DE TULUMAYO
100902,HUANUCO,PUERTO INCA,CODO DEL POZUZO,PUERTO NUEVO
100103,HUANUCO,HUANUCO,CHINCHAO,SANTA RITA BAJA
100905,HUANUCO,PUERTO INCA,YUYAPICHIS,NUEVA GALILEA
100605,HUANUCO,LEONCIO PRADO,LUYANDO,SAN FERNANDO
110302,ICA,NAZCA,CHANGUILLO,JUMANA
120301,JUNIN,CHANCHAMAYO,CHANCHAMAYO,PALMA PAMPA
120305,JUNIN,CHANCHAMAYO,SAN RAMON,AUVERNIA
120305,JUNIN,CHANCHAMAYO,SAN RAMON,CAMPAMENTO CHINO
120604,JUNIN,SATIPO,MAZAMARI,LURINCHINCHA
120304,JUNIN,CHANCHAMAYO,SAN LUIS DE SHUARO,PREDIO I
120606,JUNIN,SATIPO,PANGOA,SHIMPICHIRIATO
120133,JUNIN,HUANCAYO,SAPALLANGA,SAN PEDRO
120606,JUNIN,SATIPO,PANGOA,VILCABAMBA
120607,JUNIN,SATIPO,RIO NEGRO,CHAMIRIARI
060507,CAJAMARCA,CONTUMAZA,TANTARICA,CHUQUIMANGO
150811,LIMA,HUAURA,SAYAN,SAYAN - MINA ALTA
150606,LIMA,HUARAL,IHUARI,YUNGUY
150806,LIMA,HUAURA,HUAURA,HUMAYA - SANTA INES
150204,LIMA,BARRANCA,SUPE,LIMAN BAJO
150731,LIMA,HUAROCHIRI,SANTO DOMINGO DE LOS OLLEROS,PIEDRA GRANDE
150806,LIMA,HUAURA,HUAURA,VILCAHUAURA
021409,ANCASH,OCROS,SAN PEDRO,COPA
160706,LORETO,DATEM DEL MARAÏ¿½ON,ANDOAS,SIWINT
160705,LORETO,DATEM DEL MARAÏ¿½ON,PASTAZA,NAZARETH
160702,LORETO,DATEM DEL MARAÏ¿½ON,CAHUAPANAS,PUERTO GERMAN
160511,LORETO,REQUENA,YAQUERANA,REMOYACO
160301,LORETO,LORETO,NAUTA,NUEVA CONQUISTA
160403,LORETO,MARISCAL RAMON CASTILLA,YAVARI,2 DE MAYO
160103,LORETO,MAYNAS,FERNANDO LORES,CUNSHICOCHA
160106,LORETO,MAYNAS,MAZAN,QUEBRADA TIGRE
160704,LORETO,DATEM DEL MARAÏ¿½ON,MORONA,NAZARETH
160106,LORETO,MAYNAS,MAZAN,QUEBRADA ACHUAL
160601,LORETO,UCAYALI,CONTAMANA,SAN MIGUEL AGUAS CALIENTES
160601,LORETO,UCAYALI,CONTAMANA,SAN JOSE
160603,LORETO,UCAYALI,PADRE MARQUEZ,SAN ANTONIO
160301,LORETO,LORETO,NAUTA,SAN FRANCISCO DE CHOROYACU
160705,LORETO,DATEM DEL MARAÏ¿½ON,PASTAZA,HUAMBRACOCHA NUEVO
160601,LORETO,UCAYALI,CONTAMANA,SAN FRANCISCO
160603,LORETO,UCAYALI,PADRE MARQUEZ,NUEVO LORETO
160601,LORETO,UCAYALI,CONTAMANA,SAN MARTIN
160706,LORETO,DATEM DEL MARAÏ¿½ON,ANDOAS,PUERTO RUBINA
160113,LORETO,MAYNAS,SAN JUAN BAUTISTA,MISHANA
160103,LORETO,MAYNAS,FERNANDO LORES,JUSTICIA
160210,LORETO,ALTO AMAZONAS,SANTA CRUZ,SANTA CLARA
160202,LORETO,ALTO AMAZONAS,BALSAPUERTO,NUEVO SABALOYACU
160202,LORETO,ALTO AMAZONAS,BALSAPUERTO,SAN PEDRO
160210,LORETO,ALTO AMAZONAS,SANTA CRUZ,ATAHUALPA
160206,LORETO,ALTO AMAZONAS,LAGUNAS,NUEVO TINAJAYO
220911,SAN MARTIN,SAN MARTIN,PAPAPLAYA,MIRAMAR
160201,LORETO,ALTO AMAZONAS,YURIMAGUAS,4 DE OCTUBRE
160201,LORETO,ALTO AMAZONAS,YURIMAGUAS,LA FLORIDA
160202,LORETO,ALTO AMAZONAS,BALSAPUERTO,PAMPA HERMOSA
160202,LORETO,ALTO AMAZONAS,BALSAPUERTO,MIRAFLORES
160402,LORETO,MARISCAL RAMON CASTILLA,PEBAS,HUITOTOS DE PUCAURQUILLO
160108,LORETO,MAYNAS,PUNCHANA,NUEVO SAN ANTONIO
160103,LORETO,MAYNAS,FERNANDO LORES,YANAYACU IV ZONA
160305,LORETO,LORETO,URARINAS,SANTA ROSA DE PATOYACU
170204,MADRE DE DIOS,MANU,HUEPETUHE,KIMBIRI
190306,PASCO,OXAPAMPA,PUERTO BERMUDEZ,ALDEA NATIVA ZUNGARUYALI
190305,PASCO,OXAPAMPA,POZUZO,TILLINGO
190305,PASCO,OXAPAMPA,POZUZO,ALTO ISHPIHUACAZO
190306,PASCO,OXAPAMPA,PUERTO BERMUDEZ,ALDEA NATIVA CAJONARI
190305,PASCO,OXAPAMPA,POZUZO,SINAI
190304,PASCO,OXAPAMPA,PALCAZU,SACHAVACA
190302,PASCO,OXAPAMPA,CHONTABAMBA,AGUA FRESCA
190304,PASCO,OXAPAMPA,PALCAZU,ESPERANZA
200114,PIURA,PIURA,TAMBO GRANDE,SANTA ROSA (CURGAN)
200114,PIURA,PIURA,TAMBO GRANDE,TOTORAL BAJO
200114,PIURA,PIURA,TAMBO GRANDE,EL SALTO
200203,PIURA,AYABACA,JILILI,LOS PALTOS DE ANCHALAY (LOS PALTOS)
200114,PIURA,PIURA,TAMBO GRANDE,MANCO INCA
200502,PIURA,PAITA,AMOTAPE,SAN FRANCISCO
200401,PIURA,MORROPON,CHULUCANAS,LA PEÑA
200801,PIURA,SECHURA,SECHURA,LAS DELICIAS
200305,PIURA,HUANCABAMBA,LALAQUIZ,LOS GUAYAQUILES
200110,PIURA,PIURA,LA UNION,YAPATO
200202,PIURA,AYABACA,FRIAS,LETRERO
200303,PIURA,HUANCABAMBA,EL CARMEN DE LA FRONTERA,MONCHORUCO
200302,PIURA,HUANCABAMBA,CANCHAQUE,LA SOCCHA ALTO
211209,PUNO,SANDIA,ALTO INAMBARI,MASIAPO
211209,PUNO,SANDIA,ALTO INAMBARI,AMANTALA
211207,PUNO,SANDIA,SAN JUAN DEL ORO,BOTIJANI
211209,PUNO,SANDIA,ALTO INAMBARI,CRUZPATA
211209,PUNO,SANDIA,ALTO INAMBARI,QUIQUIRA
211207,PUNO,SANDIA,SAN JUAN DEL ORO,CHARUBAMBA
211209,PUNO,SANDIA,ALTO INAMBARI,MISCA SAN ANTON
220304,SAN MARTIN,EL DORADO,SANTA ROSA,NUEVA ESPERANZA
220502,SAN MARTIN,LAMAS,ALONSO DE ALVARADO,ALAN GARCIA
220405,SAN MARTIN,HUALLAGA,SACANCHE,SAPOSOA
220705,SAN MARTIN,PICOTA,PUCACACA,SANTO TOMAS
220303,SAN MARTIN,EL DORADO,SAN MARTIN,ALTO PERU
221003,SAN MARTIN,TOCACHE,POLVORA,BUENOS AIRES (CACHIYACU)
220804,SAN MARTIN,RIOJA,NUEVA CAJAMARCA,LA COLCA
221001,SAN MARTIN,TOCACHE,TOCACHE,LOS PEREGRINOS
220105,SAN MARTIN,MOYOBAMBA,SORITOR,EL SOL
220502,SAN MARTIN,LAMAS,ALONSO DE ALVARADO,PROGRESO
220801,SAN MARTIN,RIOJA,RIOJA,PABLO MORI
220101,SAN MARTIN,MOYOBAMBA,MOYOBAMBA,HUASCAYACU
220809,SAN MARTIN,RIOJA,YURACYACU,RIOJA
220603,SAN MARTIN,MARISCAL CACERES,HUICUNGO,LA PRIMAVERA
220503,SAN MARTIN,LAMAS,BARRANQUITA,NARANJAL
220101,SAN MARTIN,MOYOBAMBA,MOYOBAMBA,NUEVO PIURA
220502,SAN MARTIN,LAMAS,ALONSO DE ALVARADO,NANGAO
220804,SAN MARTIN,RIOJA,NUEVA CAJAMARCA,LA ESPERANZA
221002,SAN MARTIN,TOCACHE,NUEVO PROGRESO,PACOTA
240202,TUMBES,CONTRALMIRANTE VILLAR,CASITAS,AVERIAS
250202,UCAYALI,ATALAYA,SEPAHUA,SAN FELIPE
250301,UCAYALI,PADRE ABAD,PADRE ABAD,MEBANAÑU
250301,UCAYALI,PADRE ABAD,PADRE ABAD,PARAYA NUEVO PORVENIR
250102,UCAYALI,CORONEL PORTILLO,CAMPOVERDE,CIUDAD DE LOS INCAS
250101,UCAYALI,CORONEL PORTILLO,CALLERIA,BELLO HORIZONTE
250102,UCAYALI,CORONEL PORTILLO,CAMPOVERDE,HIPOLITO UNANUE
250302,UCAYALI,PADRE ABAD,IRAZOLA,NUEVO ORIENTE
250203,UCAYALI,ATALAYA,TAHUANIA,MAPALJA
250106,UCAYALI,CORONEL PORTILLO,NUEVA REQUENA,CEDRO ISLA
250105,UCAYALI,CORONEL PORTILLO,YARINACOCHA,SAN SALVADOR
131101,LA LIBERTAD,GRAN CHIMU,CASCAS,SINUPE
060104,CAJAMARCA,CAJAMARCA,COSPAN,COSPAN
050619,AYACUCHO,LUCANAS,SANCOS,SANCOS
220201,SAN MARTIN,BELLAVISTA,BELLAVISTA,BUENA PARTE
250201,UCAYALI,ATALAYA,RAIMONDI,ALTO SHIMPI
250203,UCAYALI,ATALAYA,TAHUANIA,CUMARIA
120608,JUNIN,SATIPO,RIO TAMBO,CABO PANTOJA
060801,CAJAMARCA,JAEN,JAEN,SANTA FE
160105,LORETO,MAYNAS,LAS AMAZONAS,ATUN COCHA
080910,CUSCO,LA CONVENCION,PICHARI,NUEVO PROGRESO
080906,CUSCO,LA CONVENCION,QUELLOUNO,LA VICTORIA
120301,JUNIN,CHANCHAMAYO,CHANCHAMAYO,LA MERCED BAJA
160211,LORETO,ALTO AMAZONAS,TENIENTE CESAR LOPEZ ROJAS,SAN MIGUEL
120302,JUNIN,CHANCHAMAYO,PERENE,PAMPA WALEY
160706,LORETO,DATEM DEL MARAÏ¿½ON,ANDOAS,BUENA VISTA
190305,PASCO,OXAPAMPA,POZUZO,MONTE FUNER
190305,PASCO,OXAPAMPA,POZUZO,PALMAPAMPA
250301,UCAYALI,PADRE ABAD,PADRE ABAD,EL PORVENIR
050502,AYACUCHO,LA MAR,ANCO,HUAYRAPATA
060804,CAJAMARCA,JAEN,COLASAY,BOLIVAR
060901,CAJAMARCA,SAN IGNACIO,SAN IGNACIO,FRANCISCO BOLOGNESI
010602,AMAZONAS,RODRIGUEZ DE MENDOZA,CHIRIMOTO,RIO VERDE
010605,AMAZONAS,RODRIGUEZ DE MENDOZA,LIMABAMBA,LIMABAMBA
160504,LORETO,REQUENA,EMILIO SAN MARTIN,LORETO
160504,LORETO,REQUENA,EMILIO SAN MARTIN,IBERIA
021907,ANCASH,SIHUAS,QUICHES,QUICHES
120302,JUNIN,CHANCHAMAYO,PERENE,PUÑIZAS PARNAZO
120304,JUNIN,CHANCHAMAYO,SAN LUIS DE SHUARO,PUENTE CAPELO
120302,JUNIN,CHANCHAMAYO,PERENE,MARGARITA
120302,JUNIN,CHANCHAMAYO,PERENE,BAJO ESPERANZA
131102,LA LIBERTAD,GRAN CHIMU,LUCMA,PENINTAY
100903,HUANUCO,PUERTO INCA,HONORIA,INDOAMERICA
160702,LORETO,DATEM DEL MARAÏ¿½ON,CAHUAPANAS,ANDONGO
130108,LA LIBERTAD,TRUJILLO,POROTO,SHIRAN
250201,UCAYALI,ATALAYA,RAIMONDI,PITZA
250105,UCAYALI,CORONEL PORTILLO,YARINACOCHA,BELLAVISTA
250203,UCAYALI,ATALAYA,TAHUANIA,NAZARETH DE SHAHUANYA
160102,LORETO,MAYNAS,ALTO NANAY,PINTOYACU
160210,LORETO,ALTO AMAZONAS,SANTA CRUZ,NUEVO PARAISO
160113,LORETO,MAYNAS,SAN JUAN BAUTISTA,KM.41 CARRETERA IQUITOS-NAUTA
080907,CUSCO,LA CONVENCION,KIMBIRI,PORVENIR
210309,PUNO,CARABAYA,SAN GABAN,CARMEN
010401,AMAZONAS,CONDORCANQUI,NIEVA,NUEVO KUITH
150202,LIMA,BARRANCA,PARAMONGA,NARANJAL
200804,PIURA,SECHURA,CRISTO NOS VALGA,CERRITOS
100109,HUANUCO,HUANUCO,SANTA MARIA DEL VALLE,SANTA ROSA DE SIRABAMBA (SIRABAMBA)
130701,LA LIBERTAD,PACASMAYO,SAN PEDRO DE LLOC,BUENOS AIRES
120306,JUNIN,CHANCHAMAYO,VITOC,SANTA ANA
220511,SAN MARTIN,LAMAS,ZAPATERO,SANTA CRUZ
160601,LORETO,UCAYALI,CONTAMANA,AMAQUIRIA
160106,LORETO,MAYNAS,MAZAN,SEÑOR DE LOS MILAGROS
160110,LORETO,MAYNAS,TORRES CAUSANA,PAULA COCHA
160601,LORETO,UCAYALI,CONTAMANA,SANTA MARIA
160506,LORETO,REQUENA,PUINAHUA,28 DE JULIO
220703,SAN MARTIN,PICOTA,CASPIZAPA,CASPIZAPA
060606,CAJAMARCA,CUTERVO,PIMPINGOS,LA VIÑA
120305,JUNIN,CHANCHAMAYO,SAN RAMON,OXABAMBA
250203,UCAYALI,ATALAYA,TAHUANIA,NUEVO PARAISO (PARAISO)
250101,UCAYALI,CORONEL PORTILLO,CALLERIA,NUEVO MEXICO
250104,UCAYALI,CORONEL PORTILLO,MASISEA,LIBERTAD DE UBUYA
250201,UCAYALI,ATALAYA,RAIMONDI,MAPIATO
160112,LORETO,MAYNAS,BELEN,3 DE OCTUBRE
060605,CAJAMARCA,CUTERVO,LA RAMADA,LA CUBILLINA
160401,LORETO,MARISCAL RAMON CASTILLA,RAMON CASTILLA,BUEN JARDIN DEL CALLARU
160106,LORETO,MAYNAS,MAZAN,BELLO HORIZONTE
100606,HUANUCO,LEONCIO PRADO,MARIANO DAMASO BERAUN,MARIANO DAMASO BERAUN
160604,LORETO,UCAYALI,PAMPA HERMOSA,ALFREDO VARGAS GUERRA
060903,CAJAMARCA,SAN IGNACIO,HUARANGO,ROMERILLO
160705,LORETO,DATEM DEL MARAÏ¿½ON,PASTAZA,SUMBACHICOCHA
160601,LORETO,UCAYALI,CONTAMANA,JULIO C. ARANA
160506,LORETO,REQUENA,PUINAHUA,SAN PEDRO
210309,PUNO,CARABAYA,SAN GABAN,MANOA (PUERTO MANOA)
210307,PUNO,CARABAYA,ITUATA,PAUSIPATA
210309,PUNO,CARABAYA,SAN GABAN,SAN JUAN
200104,PIURA,PIURA,CASTILLA,SEÑOR DE CHOCAN
160103,LORETO,MAYNAS,FERNANDO LORES,SAN JORGE
160704,LORETO,DATEM DEL MARAÏ¿½ON,MORONA,CRAECION SHAPRA
120419,JUNIN,JAUJA,MONOBAMBA,CHACAYBAMBA
120302,JUNIN,CHANCHAMAYO,PERENE,MARANKIARI BAJO (MARANQUIARI)
120302,JUNIN,CHANCHAMAYO,PERENE,SANTA ROSA DE UBIRIKE
120608,JUNIN,SATIPO,RIO TAMBO,CC.NN. SHONTAKIARI
120302,JUNIN,CHANCHAMAYO,PERENE,SANTA ROSA ALTO ZOTANI (ALTO ZOTANI)
120604,JUNIN,SATIPO,MAZAMARI,POSHONARI
120603,JUNIN,SATIPO,LLAYLLA,TEORIA
120604,JUNIN,SATIPO,MAZAMARI,SAN ISIDRO
120606,JUNIN,SATIPO,PANGOA,SANTA TERESITA DE ALTO ANAPATI
130702,LA LIBERTAD,PACASMAYO,GUADALUPE,EL MOLINO
010702,AMAZONAS,UTCUBAMBA,CAJARURO,SEÑOR DE LOS MILAGROS
160603,LORETO,UCAYALI,PADRE MARQUEZ,SAN JERONIMO
160106,LORETO,MAYNAS,MAZAN,NUEVO VARADERILLO
160106,LORETO,MAYNAS,MAZAN,ANDREACOCHA
250201,UCAYALI,ATALAYA,RAIMONDI,CHINCHINA
211201,PUNO,SANDIA,SANDIA,CHINTA
010401,AMAZONAS,CONDORCANQUI,NIEVA,WASHUNTSA
160112,LORETO,MAYNAS,BELEN,PEÑA BLANCA
150203,LIMA,BARRANCA,PATIVILCA,UPACA
150132,LIMA,LIMA,SAN JUAN DE LURIGANCHO,14 DE FEBRERO
010610,AMAZONAS,RODRIGUEZ DE MENDOZA,SANTA ROSA,SANTA ROSA DE HUAYABAMBA
090101,HUANCAVELICA,HUANCAVELICA,HUANCAVELICA,STA BARBARA
080902,CUSCO,LA CONVENCION,ECHARATE,CHAPOGRANDE
220907,SAN MARTIN,SAN MARTIN,HUIMBAYOC,CHIMBANA
160305,LORETO,LORETO,URARINAS,6 DE MAYO
220101,SAN MARTIN,MOYOBAMBA,MOYOBAMBA,LA LIBERTAD DE HUASCAYACU (LA LIBERTAD)
220708,SAN MARTIN,PICOTA,SHAMBOYACU,NUEVA SANTA ROSA
220301,SAN MARTIN,EL DORADO,SAN JOSE DE SISA,NUEVO BARRANQUITA
220203,SAN MARTIN,BELLAVISTA,BAJO BIAVO,SANTA ELENA
220502,SAN MARTIN,LAMAS,ALONSO DE ALVARADO,NUEVO CHOTA
220511,SAN MARTIN,LAMAS,ZAPATERO,SANTA ANA
220605,SAN MARTIN,MARISCAL CACERES,PAJARILLO,BAMBAMARCA
220604,SAN MARTIN,MARISCAL CACERES,PACHIZA,ATAHUALPA - 1
220303,SAN MARTIN,EL DORADO,SAN MARTIN,TIERRA PALESTINA
220508,SAN MARTIN,LAMAS,SAN ROQUE DE CUMBAZA,CHONTAL
220802,SAN MARTIN,RIOJA,AWAJUN,EL EXITO
220601,SAN MARTIN,MARISCAL CACERES,JUANJUI,GERBACIO
220603,SAN MARTIN,MARISCAL CACERES,HUICUNGO,SAN JUAN DE ABISEO
220804,SAN MARTIN,RIOJA,NUEVA CAJAMARCA,CAMPOAMOR
220805,SAN MARTIN,RIOJA,PARDO MIGUEL,YARINAS
220502,SAN MARTIN,LAMAS,ALONSO DE ALVARADO,ALTO LAHUARPIA
220503,SAN MARTIN,LAMAS,BARRANQUITA,NUEVO LIBERTAD
220904,SAN MARTIN,SAN MARTIN,CHAZUTA,YURACYACU
220502,SAN MARTIN,LAMAS,ALONSO DE ALVARADO,VISTA ALEGRE
220805,SAN MARTIN,RIOJA,PARDO MIGUEL,SAN ANTONIO
220805,SAN MARTIN,RIOJA,PARDO MIGUEL,MIGUEL GRAU
220511,SAN MARTIN,LAMAS,ZAPATERO,CARAÑAYACU
200304,PIURA,HUANCABAMBA,HUARMACA,PEÑA GRANDE
160402,LORETO,MARISCAL RAMON CASTILLA,PEBAS,SANTA LUCIA DE PREFECTO
220507,SAN MARTIN,LAMAS,RUMISAPA,NARANJAL
020512,ANCASH,BOLOGNESI,MANGAS,MANGAS
140202,LAMBAYEQUE,FERREÏ¿½AFE,CAÏ¿½ARIS,SAN LORENZO DE ALUMBRE
200114,PIURA,PIURA,TAMBO GRANDE,LOS CHUICAS
200401,PIURA,MORROPON,CHULUCANAS,CALLE BANCHERO ROSSI
220502,SAN MARTIN,LAMAS,ALONSO DE ALVARADO,NARANJILLO
060906,CAJAMARCA,SAN IGNACIO,SAN JOSE DE LOURDES,VILLA RICA
250104,UCAYALI,CORONEL PORTILLO,MASISEA,YUCANILLO
160704,LORETO,DATEM DEL MARAÏ¿½ON,MORONA,JERUSALEN
160211,LORETO,ALTO AMAZONAS,TENIENTE CESAR LOPEZ ROJAS,SAN EUGENIO
160511,LORETO,REQUENA,YAQUERANA,PUERTO CALLAO
160202,LORETO,ALTO AMAZONAS,BALSAPUERTO,NUEVO YURIMAGUAS
160206,LORETO,ALTO AMAZONAS,LAGUNAS,PUMA ISLA
160206,LORETO,ALTO AMAZONAS,LAGUNAS,NUEVA BELLAVISTA
160705,LORETO,DATEM DEL MARAÏ¿½ON,PASTAZA,PUERTO BASHIRI
160302,LORETO,LORETO,PARINARI,SAN MIGUEL
160107,LORETO,MAYNAS,NAPO,VISTA HERMOSA
220104,SAN MARTIN,MOYOBAMBA,JEPELACIO,EMILIO SAN MARTIN
090117,HUANCAVELICA,HUANCAVELICA,YAULI,CASTILLAPATA
160113,LORETO,MAYNAS,SAN JUAN BAUTISTA,LUZ DE ORIENTE
250106,UCAYALI,CORONEL PORTILLO,NUEVA REQUENA,LA LIBERTAD
211201,PUNO,SANDIA,SANDIA,PACAYPAMPA
160404,LORETO,MARISCAL RAMON CASTILLA,SAN PABLO,RESACA PERUATE
160103,LORETO,MAYNAS,FERNANDO LORES,NUEVO JUNIN
220503,SAN MARTIN,LAMAS,BARRANQUITA,JORGE CHAVEZ
160305,LORETO,LORETO,URARINAS,LUPUNAYO
130601,LA LIBERTAD,OTUZCO,OTUZCO,SAN ISIDRO
100903,HUANUCO,PUERTO INCA,HONORIA,NUEVA JERUSALEN
211207,PUNO,SANDIA,SAN JUAN DEL ORO,PACCHANI
211209,PUNO,SANDIA,ALTO INAMBARI,SELVA ALEGRE (CUCHINI)
160803,LORETO,PUTUMAYO,TENIENTE MANUEL CLAVERO,NUEVA JERUSALEN
080902,CUSCO,LA CONVENCION,ECHARATE,POROTOBANGO
220405,SAN MARTIN,HUALLAGA,SACANCHE,PINAR
220914,SAN MARTIN,SAN MARTIN,SHAPAJA,SANTA ROSA DE CUMBAZA
170104,MADRE DE DIOS,TAMBOPATA,LABERINTO,SAN BERNARDO
210309,PUNO,CARABAYA,SAN GABAN,SAN JUAN BAJO
160705,LORETO,DATEM DEL MARAÏ¿½ON,PASTAZA,CHARUPA
160106,LORETO,MAYNAS,MAZAN,QUEBRADA SUNICAÑO
220101,SAN MARTIN,MOYOBAMBA,MOYOBAMBA,TINGANA
120213,JUNIN,CONCEPCION,ORCOTUNA,ORCOTUNA
220404,SAN MARTIN,HUALLAGA,PISCOYACU,JUAN JOSE
010609,AMAZONAS,RODRIGUEZ DE MENDOZA,OMIA,JABRULOT
250101,UCAYALI,CORONEL PORTILLO,CALLERIA,PIJUAYAL
010101,AMAZONAS,CHACHAPOYAS,CHACHAPOYAS,EL MOLINO
200304,PIURA,HUANCABAMBA,HUARMACA,CHIGNIA ALTA (LA CHIGNIA)
100903,HUANUCO,PUERTO INCA,HONORIA,NUEVA INDEPENDENCIA
100903,HUANUCO,PUERTO INCA,HONORIA,LOS CONQUISTADORES
100507,HUANUCO,HUAMALIES,MONZON,SANTA ROSA DE CHACRITA
100507,HUANUCO,HUAMALIES,MONZON,CORVINILLA
100702,HUANUCO,MARAÏ¿½ON,CHOLON,MIRAFLORES
060902,CAJAMARCA,SAN IGNACIO,CHIRINOS,LAS JUNTAS
060804,CAJAMARCA,JAEN,COLASAY,BUENOS AIRES
060901,CAJAMARCA,SAN IGNACIO,SAN IGNACIO,LOS LLANOS
060901,CAJAMARCA,SAN IGNACIO,SAN IGNACIO,TOMAQUE
060602,CAJAMARCA,CUTERVO,CALLAYUC,ILUCAN
150203,LIMA,BARRANCA,PATIVILCA,LA VEGA
020104,ANCASH,HUARAZ,HUANCHAY,HUANCHAY
150607,LIMA,HUARAL,LAMPIAN,CANCHAPILCA
150806,LIMA,HUAURA,HUAURA,HUAURA - CANAVERALES
010702,AMAZONAS,UTCUBAMBA,CAJARURO,CHUNGUINA ALTA
010512,AMAZONAS,LUYA,OCALLI,QUISPE
010609,AMAZONAS,RODRIGUEZ DE MENDOZA,OMIA,LEJIA CHICO
010702,AMAZONAS,UTCUBAMBA,CAJARURO,LA FLOR
200101,PIURA,PIURA,PIURA,LAGRIMAS DE CURUMUY
150802,LIMA,HUAURA,AMBAR,AYNACA - SOQUE
050502,AYACUCHO,LA MAR,ANCO,BERLIN
060901,CAJAMARCA,SAN IGNACIO,SAN IGNACIO,LA MORA GRANDE
220510,SAN MARTIN,LAMAS,TABALOSOS,ALTO HUNGURAHUI PAMPA
100606,HUANUCO,LEONCIO PRADO,MARIANO DAMASO BERAUN,CHONTA PLAYA
060613,CAJAMARCA,CUTERVO,SANTO TOMAS,LA UNION
060401,CAJAMARCA,CHOTA,CHOTA,PINGOBAMBA (PINGOMAYO)
090704,HUANCAVELICA,TAYACAJA,AHUAYCHA,AHUAYCHA
211209,PUNO,SANDIA,ALTO INAMBARI,QUIMSACRUZ
010205,AMAZONAS,BAGUA,IMAZA,TSEGKEN
060901,CAJAMARCA,SAN IGNACIO,SAN IGNACIO,SEÑOR CAUTIVO
150407,LIMA,CANTA,SANTA ROSA DE QUIVES,CERRO BLANCO
060601,CAJAMARCA,CUTERVO,CUTERVO,YAMAPACCHA
010609,AMAZONAS,RODRIGUEZ DE MENDOZA,OMIA,LA PRIMAVERA
010304,AMAZONAS,BONGARA,COROSHA,BEIRUT
050507,AYACUCHO,LA MAR,SANTA ROSA,CATUTE
190306,PASCO,OXAPAMPA,PUERTO BERMUDEZ,ALDEA NATIVA PUERTO  ALEGRE PICHIS
200302,PIURA,HUANCABAMBA,CANCHAQUE,AFILADERA
080909,CUSCO,LA CONVENCION,VILCABAMBA,MARANNIYOC
060602,CAJAMARCA,CUTERVO,CALLAYUC,QUEROMARCA
060804,CAJAMARCA,JAEN,COLASAY,BALSA PAMPA
150811,LIMA,HUAURA,SAYAN,SAYAN - VIZQUIRA
010401,AMAZONAS,CONDORCANQUI,NIEVA,BAJO CACHIACO
200401,PIURA,MORROPON,CHULUCANAS,JR. ANCASH
220805,SAN MARTIN,RIOJA,PARDO MIGUEL,DIAMANTE
200308,PIURA,HUANCABAMBA,SONDORILLO,LACCHAN BAJO
211208,PUNO,SANDIA,YANAHUAYA,AGUADA
200304,PIURA,HUANCABAMBA,HUARMACA,SUCCHIRCA
220101,SAN MARTIN,MOYOBAMBA,MOYOBAMBA,JOSE OLAYA
010609,AMAZONAS,RODRIGUEZ DE MENDOZA,OMIA,EL PROGRESO
220203,SAN MARTIN,BELLAVISTA,BAJO BIAVO,ISRAEL URIARTE (KM 45)
100605,HUANUCO,LEONCIO PRADO,LUYANDO,SAN GREGORIO LA PLAYA
200401,PIURA,MORROPON,CHULUCANAS,SAN JOSE(KM 44)
200304,PIURA,HUANCABAMBA,HUARMACA,LANCHEPAMPA
220204,SAN MARTIN,BELLAVISTA,HUALLAGA,CENTRO AMERICA
100905,HUANUCO,PUERTO INCA,YUYAPICHIS,PAMPA HERMOSA DE POMPEO (POMPEO)
022005,ANCASH,YUNGAY,QUILLO,CANO
250106,UCAYALI,CORONEL PORTILLO,NUEVA REQUENA,NARANJILLO
210501,PUNO,EL COLLAO,ILAVE,JAQUINCACHI (QUERCACHI)
100903,HUANUCO,PUERTO INCA,HONORIA,ANDRES AVELINO CACERES
220510,SAN MARTIN,LAMAS,TABALOSOS,SINCHIYUC
190107,PASCO,PASCO,PAUCARTAMBO,SANTA ISABEL
150506,LIMA,CAÏ¿½ETE,COAYLLO,UQUIRA
211208,PUNO,SANDIA,YANAHUAYA,LIMPUCUNI
170103,MADRE DE DIOS,TAMBOPATA,LAS PIEDRAS,CACHUELA MARGEN IZQUIERDA
060801,CAJAMARCA,JAEN,JAEN,EL NOGAL
220203,SAN MARTIN,BELLAVISTA,BAJO BIAVO,SAN ANTONIO
100903,HUANUCO,PUERTO INCA,HONORIA,JOSE OLAYA
200202,PIURA,AYABACA,FRIAS,GUANABANO ALTO
200410,PIURA,MORROPON,YAMANGO,YAMANGO
200604,PIURA,SULLANA,LANCONES,CHILACO
200306,PIURA,HUANCABAMBA,SAN MIGUEL DE EL FAIQUE,EL FAIQUE
220805,SAN MARTIN,RIOJA,PARDO MIGUEL,DOS DE MAYO
100601,HUANUCO,LEONCIO PRADO,RUPA-RUPA,RIO BARRANCO
060903,CAJAMARCA,SAN IGNACIO,HUARANGO,MIRAFLORES
150811,LIMA,HUAURA,SAYAN,CHAMBARA NUEVA
150713,LIMA,HUAROCHIRI,MARIATANA,CUCULI
190306,PASCO,OXAPAMPA,PUERTO BERMUDEZ,RENDICION
060804,CAJAMARCA,JAEN,COLASAY,COLAPON
220508,SAN MARTIN,LAMAS,SAN ROQUE DE CUMBAZA,CHUNCHIWI
220101,SAN MARTIN,MOYOBAMBA,MOYOBAMBA,LAS PALMERAS
220203,SAN MARTIN,BELLAVISTA,BAJO BIAVO,JOSE GALVEZ
250203,UCAYALI,ATALAYA,TAHUANIA,CANAPISHTEA
250203,UCAYALI,ATALAYA,TAHUANIA,ALTO ORUYA
221001,SAN MARTIN,TOCACHE,TOCACHE,INDOAMERICA
160202,LORETO,ALTO AMAZONAS,BALSAPUERTO,SANTA SOFIA
160103,LORETO,MAYNAS,FERNANDO LORES,VILLA MONTE SINAI
160105,LORETO,MAYNAS,LAS AMAZONAS,ROCA ETERNA
160301,LORETO,LORETO,NAUTA,BELLO HORIZONTE
160105,LORETO,MAYNAS,LAS AMAZONAS,7 DE JUNIO
160701,LORETO,DATEM DEL MARAÏ¿½ON,BARRANCA,NUEVA ESPERANZA
160503,LORETO,REQUENA,CAPELO,NUEVO FLORIDA
160701,LORETO,DATEM DEL MARAÏ¿½ON,BARRANCA,LINCHIS
160706,LORETO,DATEM DEL MARAÏ¿½ON,ANDOAS,WASHIENTZA
160706,LORETO,DATEM DEL MARAÏ¿½ON,ANDOAS,SANTA CRUZ
160705,LORETO,DATEM DEL MARAÏ¿½ON,PASTAZA,PUERTO REQUENA
160511,LORETO,REQUENA,YAQUERANA,SAN ROMAN
160705,LORETO,DATEM DEL MARAÏ¿½ON,PASTAZA,CASIMIRO
160705,LORETO,DATEM DEL MARAÏ¿½ON,PASTAZA,PUERTO MAINAS
060507,CAJAMARCA,CONTUMAZA,TANTARICA,CATAN
010612,AMAZONAS,RODRIGUEZ DE MENDOZA,VISTA ALEGRE,VISTA ALEGRE
190107,PASCO,PASCO,PAUCARTAMBO,PAUCARTAMBO
240202,TUMBES,CONTRALMIRANTE VILLAR,CASITAS,HUAQUILLAS
120302,JUNIN,CHANCHAMAYO,PERENE,CENTRO MARANKIARI
120304,JUNIN,CHANCHAMAYO,SAN LUIS DE SHUARO,PUENTE PERENE
120302,JUNIN,CHANCHAMAYO,PERENE,RIO AMARRILLO
120608,JUNIN,SATIPO,RIO TAMBO,SAN ANTONIO DE CHENI
120301,JUNIN,CHANCHAMAYO,CHANCHAMAYO,CERRO LA CRUZ
120303,JUNIN,CHANCHAMAYO,PICHANAQUI,VILLA ASHANINGA(PUERTO HUACHIRIKI)
120305,JUNIN,CHANCHAMAYO,SAN RAMON,PUENTE HERRERIA
120608,JUNIN,SATIPO,RIO TAMBO,NAPATI
090706,HUANCAVELICA,TAYACAJA,DANIEL HERNANDEZ,DANIEL HERNANDEZ
120305,JUNIN,CHANCHAMAYO,SAN RAMON,SAN JUAN DE TULUMAYO
120302,JUNIN,CHANCHAMAYO,PERENE,GRAN PLAYA SUR
090705,HUANCAVELICA,TAYACAJA,COLCABAMBA,TOCAS
120606,JUNIN,SATIPO,PANGOA,SANTA ISABEL
120306,JUNIN,CHANCHAMAYO,VITOC,PUCARA
120604,JUNIN,SATIPO,MAZAMARI,BUENOS AIRES
120302,JUNIN,CHANCHAMAYO,PERENE,ALTO UYARIKI
120601,JUNIN,SATIPO,SATIPO,CASHANTOVERI
120301,JUNIN,CHANCHAMAYO,CHANCHAMAYO,ALTA MONTAÑA
120302,JUNIN,CHANCHAMAYO,PERENE,JOSE GALVEZ
120601,JUNIN,SATIPO,SATIPO,ALTO SONDOBENI
160206,LORETO,ALTO AMAZONAS,LAGUNAS,NUEVA CREACION
060906,CAJAMARCA,SAN IGNACIO,SAN JOSE DE LOURDES,POTRERO GRANDE
220303,SAN MARTIN,EL DORADO,SAN MARTIN,NUEVOS AIRES
200114,PIURA,PIURA,TAMBO GRANDE,PROGRESO ALTO
160602,LORETO,UCAYALI,INAHUAYA,SAN CRISTOBAL
120606,JUNIN,SATIPO,PANGOA,SHIMAPANGO
120304,JUNIN,CHANCHAMAYO,SAN LUIS DE SHUARO,ZONA 8
120416,JUNIN,JAUJA,MASMA,MASMA
060801,CAJAMARCA,JAEN,JAEN,EL EDEN
100804,HUANUCO,PACHITEA,UMARI,HUIYAN
131104,LA LIBERTAD,GRAN CHIMU,SAYAPULLO,SAYAPULLO
120301,JUNIN,CHANCHAMAYO,CHANCHAMAYO,SANTA ROSA
120603,JUNIN,SATIPO,LLAYLLA,CAMANTARO
120304,JUNIN,CHANCHAMAYO,SAN LUIS DE SHUARO,ZONA 17
190304,PASCO,OXAPAMPA,PALCAZU,BAJO ULPUS
120301,JUNIN,CHANCHAMAYO,CHANCHAMAYO,VILLA PROGRESO ALTO Y BAJO
080902,CUSCO,LA CONVENCION,ECHARATE,SAN MARTIN 1
120603,JUNIN,SATIPO,LLAYLLA,PORVENIR
220203,SAN MARTIN,BELLAVISTA,BAJO BIAVO,SANTA ROSA DE BOMBONAJILLO
140110,LAMBAYEQUE,CHICLAYO,OYOTUN,MACUACO
160702,LORETO,DATEM DEL MARAÏ¿½ON,CAHUAPANAS,ZAPOTE
160702,LORETO,DATEM DEL MARAÏ¿½ON,CAHUAPANAS,CENTRO AMERICA
100602,HUANUCO,LEONCIO PRADO,DANIEL ALOMIA ROBLES,ALTO MARONA
090507,HUANCAVELICA,CHURCAMPA,PAUCARBAMBA,PAUCARBAMBA
200307,PIURA,HUANCABAMBA,SONDOR,SONDOR
120302,JUNIN,CHANCHAMAYO,PERENE,ALTO MARGARITA
160803,LORETO,PUTUMAYO,TENIENTE MANUEL CLAVERO,ANGUSILLA
220907,SAN MARTIN,SAN MARTIN,HUIMBAYOC,SAN JOSE DE YANAYACU (YANAYACU)
130604,LA LIBERTAD,OTUZCO,CHARAT,CALLANCAS
250102,UCAYALI,CORONEL PORTILLO,CAMPOVERDE,PALMA DE AGUA BLANCA
200101,PIURA,PIURA,PIURA,LOS EJIDOS DEL NORTE
080909,CUSCO,LA CONVENCION,VILCABAMBA,CONCEBIDAYOC
160705,LORETO,DATEM DEL MARAÏ¿½ON,PASTAZA,HUAMBRACOCHA VIEJO
100602,HUANUCO,LEONCIO PRADO,DANIEL ALOMIA ROBLES,DANIEL ALOMIA ROBLES
080903,CUSCO,LA CONVENCION,HUAYOPATA,ALFAMAYO
010701,AMAZONAS,UTCUBAMBA,BAGUA GRANDE,MAÑUMAL
120603,JUNIN,SATIPO,LLAYLLA,CHALHUAMAYO
120302,JUNIN,CHANCHAMAYO,PERENE,PUERTO UNION
120302,JUNIN,CHANCHAMAYO,PERENE,SAN PEDRO
120608,JUNIN,SATIPO,RIO TAMBO,ANAPATE
120608,JUNIN,SATIPO,RIO TAMBO,NUEVA JERUSALEN
050407,AYACUCHO,HUANTA,SIVIA,HUAMANPATA
220904,SAN MARTIN,SAN MARTIN,CHAZUTA,SIAMBAYOCPAMPA
120606,JUNIN,SATIPO,PANGOA,SAN JUAN DE PUEBLO LIBRE
160403,LORETO,MARISCAL RAMON CASTILLA,YAVARI,NUEVO MONTE DE LOS OLIVOS
160705,LORETO,DATEM DEL MARAÏ¿½ON,PASTAZA,INDUSTRIAL
250201,UCAYALI,ATALAYA,RAIMONDI,QUEMPOREQUISHI
220205,SAN MARTIN,BELLAVISTA,SAN PABLO,FAUSA SAPINA
120606,JUNIN,SATIPO,PANGOA,SAN CARLOS DE MAZARONQUIARI
120301,JUNIN,CHANCHAMAYO,CHANCHAMAYO,ALTO PENEDO
120607,JUNIN,SATIPO,RIO NEGRO,YAVIRIRONI
140205,LAMBAYEQUE,FERREÏ¿½AFE,PITIPO,MOTUPILLO
021808,ANCASH,SANTA,SANTA,CASCAJAL IZQUIERDO
160305,LORETO,LORETO,URARINAS,NUEVO HORIZONTE
160706,LORETO,DATEM DEL MARAÏ¿½ON,ANDOAS,JUNANCH
160504,LORETO,REQUENA,EMILIO SAN MARTIN,VICTOR RAUL
060614,CAJAMARCA,CUTERVO,SOCOTA,PAMPA DE LA RIOJA
160703,LORETO,DATEM DEL MARAÏ¿½ON,MANSERICHE,BELEN
010401,AMAZONAS,CONDORCANQUI,NIEVA,DAUMA
120608,JUNIN,SATIPO,RIO TAMBO,MARANQUIARI
160113,LORETO,MAYNAS,SAN JUAN BAUTISTA,ANGELCARDENAS
130611,LA LIBERTAD,OTUZCO,SALPO,NARANJAL
160202,LORETO,ALTO AMAZONAS,BALSAPUERTO,NARANJILLO
160210,LORETO,ALTO AMAZONAS,SANTA CRUZ,NUEVO JERUSALEN
120302,JUNIN,CHANCHAMAYO,PERENE,LOS ANGELES TOTERANI (LOS ANGELES)
160702,LORETO,DATEM DEL MARAÏ¿½ON,CAHUAPANAS,MIRAFLORES
060607,CAJAMARCA,CUTERVO,QUEROCOTILLO,EL CORRAL
160108,LORETO,MAYNAS,PUNCHANA,CASERIO SAN MIGUEL
250101,UCAYALI,CORONEL PORTILLO,CALLERIA,NUEVO BAGAZAN
120301,JUNIN,CHANCHAMAYO,CHANCHAMAYO,NIJANDARIS
200401,PIURA,MORROPON,CHULUCANAS,JR. ICA
160101,LORETO,MAYNAS,IQUITOS,PADRE COCHA
100602,HUANUCO,LEONCIO PRADO,DANIEL ALOMIA ROBLES,PEREGRINOS
010401,AMAZONAS,CONDORCANQUI,NIEVA,ALTO AMBUJA
120206,JUNIN,CONCEPCION,COMAS,AYCHANA
160105,LORETO,MAYNAS,LAS AMAZONAS,SAN GREGORIO
160202,LORETO,ALTO AMAZONAS,BALSAPUERTO,SAN PEDRO DE POROTOYACU
050505,AYACUCHO,LA MAR,CHUNGUI,SANTA CARMEN DE RUMICHACA
160702,LORETO,DATEM DEL MARAÏ¿½ON,CAHUAPANAS,PONGO
220707,SAN MARTIN,PICOTA,SAN HILARION,NUEVO CHIMBOTE
190301,PASCO,OXAPAMPA,OXAPAMPA,LLAMAQUIZU
200301,PIURA,HUANCABAMBA,HUANCABAMBA,ÑANGALI
250103,UCAYALI,CORONEL PORTILLO,IPARIA,NUEVO NAZARETH (NAZARET)
010401,AMAZONAS,CONDORCANQUI,NIEVA,BAJO CANAMPA
010704,AMAZONAS,UTCUBAMBA,EL MILAGRO,NIÑO POBRE
160201,LORETO,ALTO AMAZONAS,YURIMAGUAS,SAN JOSE DE ZAPOTE
010702,AMAZONAS,UTCUBAMBA,CAJARURO,BUENOS AIRES
120302,JUNIN,CHANCHAMAYO,PERENE,ALTO INCARIADO
160706,LORETO,DATEM DEL MARAÏ¿½ON,ANDOAS,TSEKUNTSA
250201,UCAYALI,ATALAYA,RAIMONDI,MASHINTONI
050407,AYACUCHO,HUANTA,SIVIA,VILLA VISTA
050402,AYACUCHO,HUANTA,AYAHUANCO,VISTA ALEGRE
010602,AMAZONAS,RODRIGUEZ DE MENDOZA,CHIRIMOTO,SHALLCA
160305,LORETO,LORETO,URARINAS,NUEVO ZAPOTAL
120604,JUNIN,SATIPO,MAZAMARI,CAMAVARI
250303,UCAYALI,PADRE ABAD,CURIMANA,ROCA FUERTE
060903,CAJAMARCA,SAN IGNACIO,HUARANGO,LOS ANGELES
160703,LORETO,DATEM DEL MARAÏ¿½ON,MANSERICHE,FELIX FLORES
160105,LORETO,MAYNAS,LAS AMAZONAS,JOSE CARLOS MARIATEGUI
060806,CAJAMARCA,JAEN,LAS PIRIAS,PEÑA BLANCA
220510,SAN MARTIN,LAMAS,TABALOSOS,ALTO PROGRESO DE ALMENDRILLO
200110,PIURA,PIURA,LA UNION,TABLAZO SUR
120606,JUNIN,SATIPO,PANGOA,LA BREÑA
160305,LORETO,LORETO,URARINAS,CHANCHAMAYO
050505,AYACUCHO,LA MAR,CHUNGUI,LAS MALVINAS
090113,HUANCAVELICA,HUANCAVELICA,NUEVO OCCORO,NUEVO OCCORO
160706,LORETO,DATEM DEL MARAÏ¿½ON,ANDOAS,CHUINTAR
010306,AMAZONAS,BONGARA,FLORIDA,EL PORVENIR
080902,CUSCO,LA CONVENCION,ECHARATE,TEREBINTO
130811,LA LIBERTAD,PATAZ,SANTIAGO DE CHALLAS,SANTIAGO DE CHALLAS
160104,LORETO,MAYNAS,INDIANA,NUEVO SAN JUAN DEL AMAZONAS
010706,AMAZONAS,UTCUBAMBA,LONYA GRANDE,NUEVA YORK
211209,PUNO,SANDIA,ALTO INAMBARI,MUSPAYPAMPA
050406,AYACUCHO,HUANTA,SANTILLANA,OCCOPECCA (OJOPCA)
160206,LORETO,ALTO AMAZONAS,LAGUNAS,SAN GABRIEL
130902,LA LIBERTAD,SANCHEZ CARRION,CHUGAY,CHUGAY
160604,LORETO,UCAYALI,PAMPA HERMOSA,SANGAMAYO
190304,PASCO,OXAPAMPA,PALCAZU,BELEN
160205,LORETO,ALTO AMAZONAS,JEBEROS,NUEVO SAN FRANCISCO
200303,PIURA,HUANCABAMBA,EL CARMEN DE LA FRONTERA,RIO BLANCO
010604,AMAZONAS,RODRIGUEZ DE MENDOZA,HUAMBO,NUEVO HORIZONTE
100609,HUANUCO,LEONCIO PRADO,PUEBLO NUEVO,SHIRINGAL
190305,PASCO,OXAPAMPA,POZUZO,SAN LUIS
100902,HUANUCO,PUERTO INCA,CODO DEL POZUZO,ALTO QUINTORA
010607,AMAZONAS,RODRIGUEZ DE MENDOZA,MARISCAL BENAVIDES,MARISCAL BENAVIDES
220203,SAN MARTIN,BELLAVISTA,BAJO BIAVO,ESPERANZA
100610,HUANUCO,LEONCIO PRADO,SANTO DOMINGO DE ANDA,MARIATEGUI
200404,PIURA,MORROPON,LA MATANZA,CRUZ BLANCA
120606,JUNIN,SATIPO,PANGOA,VILLA LUZ
100608,HUANUCO,LEONCIO PRADO,CASTILLO GRANDE,HUAYNA CAPAC
221003,SAN MARTIN,TOCACHE,POLVORA,SAN ANTONIO
100609,HUANUCO,LEONCIO PRADO,PUEBLO NUEVO,SAN JUAN DE PORVENIR
160105,LORETO,MAYNAS,LAS AMAZONAS,NUEVO HORIZONTE
130108,LA LIBERTAD,TRUJILLO,POROTO,MIÑATE
060607,CAJAMARCA,CUTERVO,QUEROCOTILLO,PATIPAMPA
211209,PUNO,SANDIA,ALTO INAMBARI,PILCOPATA
220104,SAN MARTIN,MOYOBAMBA,JEPELACIO,SAN MIGUEL DE LA MARGINAL
220101,SAN MARTIN,MOYOBAMBA,MOYOBAMBA,CAMPO ALEGRE
220702,SAN MARTIN,PICOTA,BUENOS AIRES,NUEVO BAGUA
010601,AMAZONAS,RODRIGUEZ DE MENDOZA,SAN NICOLAS,HUARMIACO
080408,CUSCO,CALCA,YANATILE,QUINUAYARCCO
190304,PASCO,OXAPAMPA,PALCAZU,CUACUAZO
200302,PIURA,HUANCABAMBA,CANCHAQUE,YAHUANDUZ
160302,LORETO,LORETO,PARINARI,NUEVA UNION
120607,JUNIN,SATIPO,RIO NEGRO,RIO CHARI BAJO
100607,HUANUCO,LEONCIO PRADO,PUCAYACU,ALTO MARONA (MARONA)
160706,LORETO,DATEM DEL MARAÏ¿½ON,ANDOAS,PANAYACU
250101,UCAYALI,CORONEL PORTILLO,CALLERIA,SANTA ISABEL DE BAHUANISHO
160103,LORETO,MAYNAS,FERNANDO LORES,SAN JOSE DEL AMAZONAS
100603,HUANUCO,LEONCIO PRADO,HERMILIO VALDIZAN,CAPITAN MARIO BUSTAMANTE
100604,HUANUCO,LEONCIO PRADO,JOSE CRESPO Y CASTILLO,ALTO YACUSISA
150202,LIMA,BARRANCA,PARAMONGA,LA RINCONADA
100705,HUANUCO,MARAÏ¿½ON,SANTA ROSA DE ALTO YANAJANCA,SAN MIGUEL
120306,JUNIN,CHANCHAMAYO,VITOC,LA FLORENCIA
150601,LIMA,HUARAL,HUARAL,CENTENARIO HUACHO CHICO
160107,LORETO,MAYNAS,NAPO,SAN FRANCISCO DE PINSHA
200401,PIURA,MORROPON,CHULUCANAS,VIÑA CHICA
140310,LAMBAYEQUE,LAMBAYEQUE,SALAS,EL NARANJO
120604,JUNIN,SATIPO,MAZAMARI,GLORIA BAMBA
100604,HUANUCO,LEONCIO PRADO,JOSE CRESPO Y CASTILLO,CHIMBOTE
211209,PUNO,SANDIA,ALTO INAMBARI,PALMERA
160705,LORETO,DATEM DEL MARAÏ¿½ON,PASTAZA,LA CURVA
131102,LA LIBERTAD,GRAN CHIMU,LUCMA,HUACHACUAL
220605,SAN MARTIN,MARISCAL CACERES,PAJARILLO,MARICHE
010202,AMAZONAS,BAGUA,ARAMANGO,COPALLIN DE ARAMANGO
160103,LORETO,MAYNAS,FERNANDO LORES,COLLPA
160305,LORETO,LORETO,URARINAS,SANTA CARMELA
130807,LA LIBERTAD,PATAZ,ONGON,COCALITO
160705,LORETO,DATEM DEL MARAÏ¿½ON,PASTAZA,MUSAKARUSHA
060607,CAJAMARCA,CUTERVO,QUEROCOTILLO,LA SUCCHA (LACUNGUIA)
130703,LA LIBERTAD,PACASMAYO,JEQUETEPEQUE,LA FLORIDA
220203,SAN MARTIN,BELLAVISTA,BAJO BIAVO,LAS FLORES
220602,SAN MARTIN,MARISCAL CACERES,CAMPANILLA,CHALLUAYACU
120303,JUNIN,CHANCHAMAYO,PICHANAQUI,BAJO SHIMASHIRO
080902,CUSCO,LA CONVENCION,ECHARATE,TUNKICHACA
120303,JUNIN,CHANCHAMAYO,PICHANAQUI,C.N. SAN LORENZO DE AUTIKI
250102,UCAYALI,CORONEL PORTILLO,CAMPOVERDE,SHIHUAHUACO
220104,SAN MARTIN,MOYOBAMBA,JEPELACIO,EL LIMON
010702,AMAZONAS,UTCUBAMBA,CAJARURO,PARAISO
120303,JUNIN,CHANCHAMAYO,PICHANAQUI,VISTA ALEGRE
120305,JUNIN,CHANCHAMAYO,SAN RAMON,TIROL
050407,AYACUCHO,HUANTA,SIVIA,CASERVINE NORTE
220203,SAN MARTIN,BELLAVISTA,BAJO BIAVO,LIMON
050507,AYACUCHO,LA MAR,SANTA ROSA,VISTOSO
060607,CAJAMARCA,CUTERVO,QUEROCOTILLO,HORNOPAMPA
060903,CAJAMARCA,SAN IGNACIO,HUARANGO,LA MUSHCA
060903,CAJAMARCA,SAN IGNACIO,HUARANGO,SANTO DOMINGO DEL PROGRESO
220709,SAN MARTIN,PICOTA,TINGO DE PONASA,SAN ANTONIO
120601,JUNIN,SATIPO,SATIPO,CIVICHARI
220203,SAN MARTIN,BELLAVISTA,BAJO BIAVO,SAN FRANCISCO
220101,SAN MARTIN,MOYOBAMBA,MOYOBAMBA,ALFARILLO
160803,LORETO,PUTUMAYO,TENIENTE MANUEL CLAVERO,TRES FRONTERAS
160202,LORETO,ALTO AMAZONAS,BALSAPUERTO,NUEVO HUNGURAWI
170104,MADRE DE DIOS,TAMBOPATA,LABERINTO,VICTOR RAUL HAYA DE LA TORRE
120302,JUNIN,CHANCHAMAYO,PERENE,VERDECOCHA
220202,SAN MARTIN,BELLAVISTA,ALTO BIAVO,NUEVO SAN MARTIN (SAN MARTIN)
250105,UCAYALI,CORONEL PORTILLO,YARINACOCHA,INSTITUTO LINGUISTICO DE VERANO
120608,JUNIN,SATIPO,RIO TAMBO,PUERTO PRADO
100902,HUANUCO,PUERTO INCA,CODO DEL POZUZO,DIVISORIA DE ZUNGARO
100902,HUANUCO,PUERTO INCA,CODO DEL POZUZO,DELICIAS
010702,AMAZONAS,UTCUBAMBA,CAJARURO,NARANJITOS ALTO
160505,LORETO,REQUENA,MAQUIA,NUEVO JUNIN
200114,PIURA,PIURA,TAMBO GRANDE,EL CRUCE DE VEGA
120302,JUNIN,CHANCHAMAYO,PERENE,PAMPA DEL OSO
120302,JUNIN,CHANCHAMAYO,PERENE,III MESETA
120302,JUNIN,CHANCHAMAYO,PERENE,MIRAFLORES
120604,JUNIN,SATIPO,MAZAMARI,SAN FRANCISCO DE CUBARO
010702,AMAZONAS,UTCUBAMBA,CAJARURO,SANTA ISABEL
010702,AMAZONAS,UTCUBAMBA,CAJARURO,LA ESPERANZA
160706,LORETO,DATEM DEL MARAÏ¿½ON,ANDOAS,SAN JUAN DE MANCHARI
120608,JUNIN,SATIPO,RIO TAMBO,CHUFA O CHAUJA
160104,LORETO,MAYNAS,INDIANA,FATIMA
160210,LORETO,ALTO AMAZONAS,SANTA CRUZ,NUEVA ESPERANZA DEL YURACYACU
160105,LORETO,MAYNAS,LAS AMAZONAS,PORTUGAL
160701,LORETO,DATEM DEL MARAÏ¿½ON,BARRANCA,PUERTO ALEGRIA
200105,PIURA,PIURA,CATACAOS,LA PIEDRA
210309,PUNO,CARABAYA,SAN GABAN,PAYACHACA
211210,PUNO,SANDIA,SAN PEDRO DE PUTINA PUNCO,TUNQUI CRUZ
120607,JUNIN,SATIPO,RIO NEGRO,NUEVA ESPERANZA
220601,SAN MARTIN,MARISCAL CACERES,JUANJUI,VISTA ALEGRE - 1
160511,LORETO,REQUENA,YAQUERANA,CANAN
160802,LORETO,PUTUMAYO,ROSA PANDURO,SANTA MERCEDES
160206,LORETO,ALTO AMAZONAS,LAGUNAS,SANTA ROSA
120606,JUNIN,SATIPO,PANGOA,ALTO CHICHERENI
100607,HUANUCO,LEONCIO PRADO,PUCAYACU,MONTE VERDE (MONTAÑA VERDE)
010514,AMAZONAS,LUYA,PISUQUIA,CHORO PAMPA
120306,JUNIN,CHANCHAMAYO,VITOC,PAN DE AZUCAR
120608,JUNIN,SATIPO,RIO TAMBO,TSOROJA
220203,SAN MARTIN,BELLAVISTA,BAJO BIAVO,MAYNETO
080902,CUSCO,LA CONVENCION,ECHARATE,RIO BLANCO
160702,LORETO,DATEM DEL MARAÏ¿½ON,CAHUAPANAS,SANTA MARIA DE CAHUAPANAS
160505,LORETO,REQUENA,MAQUIA,SAN MARTIN DE PIURI ISLA
160604,LORETO,UCAYALI,PAMPA HERMOSA,NUEVO ALAN
250102,UCAYALI,CORONEL PORTILLO,CAMPOVERDE,SAN CRISTOBAL DE AGUA BLANCA
220505,SAN MARTIN,LAMAS,CUÏ¿½UMBUQUI,MAMONAQUIHUA
160106,LORETO,MAYNAS,MAZAN,COCHA TIGRE
120303,JUNIN,CHANCHAMAYO,PICHANAQUI,CENTRO ANAPIARI
160705,LORETO,DATEM DEL MARAÏ¿½ON,PASTAZA,NUEVA UNION
160703,LORETO,DATEM DEL MARAÏ¿½ON,MANSERICHE,ACAPULCO
060801,CAJAMARCA,JAEN,JAEN,CRUCE DE CHAMAYA
160301,LORETO,LORETO,NAUTA,PAHUACHIRO
120305,JUNIN,CHANCHAMAYO,SAN RAMON,LAS MALVINAS
200602,PIURA,SULLANA,BELLAVISTA,CHALACALA
250301,UCAYALI,PADRE ABAD,PADRE ABAD,CHANCADORA
120305,JUNIN,CHANCHAMAYO,SAN RAMON,DON BOSCO
120302,JUNIN,CHANCHAMAYO,PERENE,BAJO INCARIADO
160211,LORETO,ALTO AMAZONAS,TENIENTE CESAR LOPEZ ROJAS,LOUIS TERRI
010106,AMAZONAS,CHACHAPOYAS,CHUQUIBAMBA,CHUMBOL
220101,SAN MARTIN,MOYOBAMBA,MOYOBAMBA,GUILLERMO
010202,AMAZONAS,BAGUA,ARAMANGO,RESERVA UJUCAMO
250301,UCAYALI,PADRE ABAD,PADRE ABAD,VALLE DE SION
160106,LORETO,MAYNAS,MAZAN,QUEBRADA PIURI
120606,JUNIN,SATIPO,PANGOA,LOBERA
160705,LORETO,DATEM DEL MARAÏ¿½ON,PASTAZA,NUEVA ALEGRIA
100507,HUANUCO,HUAMALIES,MONZON,GHANJA
010403,AMAZONAS,CONDORCANQUI,RIO SANTIAGO,ALTO MIYAS
160706,LORETO,DATEM DEL MARAÏ¿½ON,ANDOAS,NUEVO PURAHUA
060907,CAJAMARCA,SAN IGNACIO,TABACONAS,CHARAPE
010702,AMAZONAS,UTCUBAMBA,CAJARURO,HUINGO
060801,CAJAMARCA,JAEN,JAEN,EL PROGRESO
220504,SAN MARTIN,LAMAS,CAYNARACHI,NUEVA PIZANA
120301,JUNIN,CHANCHAMAYO,CHANCHAMAYO,UNIVERSAL ALTO CENTRO Y BAJO
131102,LA LIBERTAD,GRAN CHIMU,LUCMA,CHUQUILLANQUI
220510,SAN MARTIN,LAMAS,TABALOSOS,PAMPA
100702,HUANUCO,MARAÏ¿½ON,CHOLON,PUEBLO NUEVO
150731,LIMA,HUAROCHIRI,SANTO DOMINGO DE LOS OLLEROS,CASA ROSADA
120302,JUNIN,CHANCHAMAYO,PERENE,SANTA LIDIA
211207,PUNO,SANDIA,SAN JUAN DEL ORO,LUCINE
211207,PUNO,SANDIA,SAN JUAN DEL ORO,YANAMAYO
160103,LORETO,MAYNAS,FERNANDO LORES,SEÑOR DE LOS MILAGROS
250203,UCAYALI,ATALAYA,TAHUANIA,NUEVO SUAHUAMYA
211207,PUNO,SANDIA,SAN JUAN DEL ORO,RIO BLANCO
010607,AMAZONAS,RODRIGUEZ DE MENDOZA,MARISCAL BENAVIDES,SAN ANTONIO
160202,LORETO,ALTO AMAZONAS,BALSAPUERTO,NUEVO ORIENTE
160706,LORETO,DATEM DEL MARAÏ¿½ON,ANDOAS,NUEVO EDEN
220502,SAN MARTIN,LAMAS,ALONSO DE ALVARADO,CAPIRO
100903,HUANUCO,PUERTO INCA,HONORIA,JERICO
160703,LORETO,DATEM DEL MARAÏ¿½ON,MANSERICHE,EL CHOTE
220105,SAN MARTIN,MOYOBAMBA,SORITOR,PONGO
160201,LORETO,ALTO AMAZONAS,YURIMAGUAS,NUEVO YURIMAGUAS
080902,CUSCO,LA CONVENCION,ECHARATE,PINGUIATO
160107,LORETO,MAYNAS,NAPO,PUCAYACU
060905,CAJAMARCA,SAN IGNACIO,NAMBALLE,LAS ABEJAS
160401,LORETO,MARISCAL RAMON CASTILLA,RAMON CASTILLA,NUEVO PARAISO
200306,PIURA,HUANCABAMBA,SAN MIGUEL DE EL FAIQUE,SAN MIGUEL DE EL FAIQUE
010609,AMAZONAS,RODRIGUEZ DE MENDOZA,OMIA,SANTA CRUZ
131102,LA LIBERTAD,GRAN CHIMU,LUCMA,EL HUAYO
160706,LORETO,DATEM DEL MARAÏ¿½ON,ANDOAS,HORTENCIA COCHA
250203,UCAYALI,ATALAYA,TAHUANIA,QUEMPITIARI
250203,UCAYALI,ATALAYA,TAHUANIA,ROSITA
200202,PIURA,AYABACA,FRIAS,HUASIPE
150804,LIMA,HUAURA,CHECRAS,CHIUCHIN - MARAY
160201,LORETO,ALTO AMAZONAS,YURIMAGUAS,VISTA ALEGRE DE CURIYACU
160202,LORETO,ALTO AMAZONAS,BALSAPUERTO,MONTE ALEGRE
060606,CAJAMARCA,CUTERVO,PIMPINGOS,EL PROGRESO
220508,SAN MARTIN,LAMAS,SAN ROQUE DE CUMBAZA,ALTO SHAMBOYACU
220702,SAN MARTIN,PICOTA,BUENOS AIRES,23 DE MAYO
120302,JUNIN,CHANCHAMAYO,PERENE,CENTRO TOTERANI
190303,PASCO,OXAPAMPA,HUANCABAMBA,CHILACHI
010703,AMAZONAS,UTCUBAMBA,CUMBA,SINAI
220305,SAN MARTIN,EL DORADO,SHATOJA,BERLIN
130705,LA LIBERTAD,PACASMAYO,SAN JOSE,SANTA MARIA DE TECAPA
220805,SAN MARTIN,RIOJA,PARDO MIGUEL,PIONEROS ALTO
250301,UCAYALI,PADRE ABAD,PADRE ABAD,ALTO PREVISTO
220105,SAN MARTIN,MOYOBAMBA,SORITOR,SHINTACO
160701,LORETO,DATEM DEL MARAÏ¿½ON,BARRANCA,PUERTO GERMAN
050617,AYACUCHO,LUCANAS,SAN PEDRO,PUCA PAMPA
220302,SAN MARTIN,EL DORADO,AGUA BLANCA,ELADIO TAPULLIMA
120419,JUNIN,JAUJA,MONOBAMBA,CURIBAMBA
160202,LORETO,ALTO AMAZONAS,BALSAPUERTO,SANTA CLARA DE PILLINGUE - LA BOCA
090714,HUANCAVELICA,TAYACAJA,SALCABAMBA,MATIBAMBA
220503,SAN MARTIN,LAMAS,BARRANQUITA,LEONCIO PRADO
160401,LORETO,MARISCAL RAMON CASTILLA,RAMON CASTILLA,PALESTINO
190301,PASCO,OXAPAMPA,OXAPAMPA,SAN ALBERTO
120304,JUNIN,CHANCHAMAYO,SAN LUIS DE SHUARO,SAN FRANCISCO DE ASIS
220604,SAN MARTIN,MARISCAL CACERES,PACHIZA,SHITARI
090601,HUANCAVELICA,HUAYTARA,HUAYTARA,HUAYTARA
160201,LORETO,ALTO AMAZONAS,YURIMAGUAS,NUEVA REFORMA
250103,UCAYALI,CORONEL PORTILLO,IPARIA,SANTA CECILIA
160403,LORETO,MARISCAL RAMON CASTILLA,YAVARI,SAN JUAN
120121,JUNIN,HUANCAYO,HUAYUCACHI,COLLPA BAJA (COLLPA)
050503,AYACUCHO,LA MAR,AYNA,PUCAYACU
160402,LORETO,MARISCAL RAMON CASTILLA,PEBAS,ESTRECHO DE MAGALLANES
010203,AMAZONAS,BAGUA,COPALLIN,SANTA ANA
060601,CAJAMARCA,CUTERVO,CUTERVO,VALLE CONDAY
120608,JUNIN,SATIPO,RIO TAMBO,FLOR DE MARIA
220502,SAN MARTIN,LAMAS,ALONSO DE ALVARADO,SANTA ROSA
160112,LORETO,MAYNAS,BELEN,JOSE OLAYA
220502,SAN MARTIN,LAMAS,ALONSO DE ALVARADO,PORVENIR AMAZONICO
220104,SAN MARTIN,MOYOBAMBA,JEPELACIO,SAN ANDRES
120607,JUNIN,SATIPO,RIO NEGRO,PORILLO BAJO
060607,CAJAMARCA,CUTERVO,QUEROCOTILLO,SANTA ROSA
060602,CAJAMARCA,CUTERVO,CALLAYUC,PINDOC
110502,ICA,PISCO,HUANCANO,HUANCANO
210309,PUNO,CARABAYA,SAN GABAN,ESPERANZA (LINQUIPATA)
100507,HUANUCO,HUAMALIES,MONZON,CORNIVILLA COLORADA
211201,PUNO,SANDIA,SANDIA,AYO
060607,CAJAMARCA,CUTERVO,QUEROCOTILLO,GRANADILLO DE SILLANGATE
220205,SAN MARTIN,BELLAVISTA,SAN PABLO,JOSE PARDO
151029,LIMA,YAUYOS,TAURIPAMPA,TAURIPAMPA
220304,SAN MARTIN,EL DORADO,SANTA ROSA,RAMON CASTILLA
120604,JUNIN,SATIPO,MAZAMARI,DOS DE MAYO
010702,AMAZONAS,UTCUBAMBA,CAJARURO,MISQUIYACU ALTO
120305,JUNIN,CHANCHAMAYO,SAN RAMON,LA PERLA
120608,JUNIN,SATIPO,RIO TAMBO,MAZAROVENI
131103,LA LIBERTAD,GRAN CHIMU,MARMOT,MARMOT
160102,LORETO,MAYNAS,ALTO NANAY,HUNGURAHUAL
220502,SAN MARTIN,LAMAS,ALONSO DE ALVARADO,PONAZAPA
160104,LORETO,MAYNAS,INDIANA,TIMICURO I - ZONA
140309,LAMBAYEQUE,LAMBAYEQUE,PACORA,CASA EMBARRADA
120504,JUNIN,JUNIN,ULCUMAYO,YUNGUL
160112,LORETO,MAYNAS,BELEN,CASERIO 2 DE MAYO
200302,PIURA,HUANCABAMBA,CANCHAQUE,MARAYPAMPA
050507,AYACUCHO,LA MAR,SANTA ROSA,NUEVA FORTALEZA
160605,LORETO,UCAYALI,SARAYACU,TRES UNIDOS
120302,JUNIN,CHANCHAMAYO,PERENE,BUENA VISTA
200107,PIURA,PIURA,CURA MORI,CHATO CHICO
160705,LORETO,DATEM DEL MARAÏ¿½ON,PASTAZA,CHICLIN
250202,UCAYALI,ATALAYA,SEPAHUA,DOS DE MAYO
120304,JUNIN,CHANCHAMAYO,SAN LUIS DE SHUARO,NACIENTE RIO DOLORES
060905,CAJAMARCA,SAN IGNACIO,NAMBALLE,EL HUAMBO
100605,HUANUCO,LEONCIO PRADO,LUYANDO,MARONA BAJA
160107,LORETO,MAYNAS,NAPO,VENCEDORES DE VISTA ALEGRE
120607,JUNIN,SATIPO,RIO NEGRO,VILLA SOL DE MORONTARO
120604,JUNIN,SATIPO,MAZAMARI,BOCA SATIPO
120601,JUNIN,SATIPO,SATIPO,SAN JOSE DE MARANQUIARI
140308,LAMBAYEQUE,LAMBAYEQUE,OLMOS,LA ORCHILLA
140308,LAMBAYEQUE,LAMBAYEQUE,OLMOS,LAUCHA GRANDE
160706,LORETO,DATEM DEL MARAÏ¿½ON,ANDOAS,SANTA MARIA
160703,LORETO,DATEM DEL MARAÏ¿½ON,MANSERICHE,SAN JUAN
150811,LIMA,HUAURA,SAYAN,SAYAN - ANDAHUASI
060601,CAJAMARCA,CUTERVO,CUTERVO,AÑALCATE
131103,LA LIBERTAD,GRAN CHIMU,MARMOT,CAÑA BRAVA
060605,CAJAMARCA,CUTERVO,LA RAMADA,LA RAMADA
250103,UCAYALI,CORONEL PORTILLO,IPARIA,JUANCITO DE SIPIRIA (JUANITO)
160305,LORETO,LORETO,URARINAS,SAN PEDRO POTOYACUILLO
060607,CAJAMARCA,CUTERVO,QUEROCOTILLO,QUIPACUY
100604,HUANUCO,LEONCIO PRADO,JOSE CRESPO Y CASTILLO,LA CORVINA
100702,HUANUCO,MARAÏ¿½ON,CHOLON,YANAJANCA
080902,CUSCO,LA CONVENCION,ECHARATE,SIMENTATO
160205,LORETO,ALTO AMAZONAS,JEBEROS,SAN ANTONIO CALLAMPAYACU
120302,JUNIN,CHANCHAMAYO,PERENE,LA ESPERANZA
131103,LA LIBERTAD,GRAN CHIMU,MARMOT,SUCCHABAMBA
220504,SAN MARTIN,LAMAS,CAYNARACHI,SHAPAJILLA
120305,JUNIN,CHANCHAMAYO,SAN RAMON,CHINCANA
160104,LORETO,MAYNAS,INDIANA,NUEVA LIBERTAD
060905,CAJAMARCA,SAN IGNACIO,NAMBALLE,LA ZUNGA
160505,LORETO,REQUENA,MAQUIA,BELLAVISTA
080902,CUSCO,LA CONVENCION,ECHARATE,KOSHIRENI
160108,LORETO,MAYNAS,PUNCHANA,MIGUEL GRAU
160201,LORETO,ALTO AMAZONAS,YURIMAGUAS,NUEVO LIBERTAD DEL YANAYACU
160601,LORETO,UCAYALI,CONTAMANA,VENCEDOR
160601,LORETO,UCAYALI,CONTAMANA,NUEVO PALESTINA
160703,LORETO,DATEM DEL MARAÏ¿½ON,MANSERICHE,BANCO
160605,LORETO,UCAYALI,SARAYACU,TIWINZA
160701,LORETO,DATEM DEL MARAÏ¿½ON,BARRANCA,ISLANDIA
120302,JUNIN,CHANCHAMAYO,PERENE,VILLA MORETTI
160511,LORETO,REQUENA,YAQUERANA,SAN ROQUE
160705,LORETO,DATEM DEL MARAÏ¿½ON,PASTAZA,NUEVO UNGURAHUI
160505,LORETO,REQUENA,MAQUIA,NUEVA UNION
120608,JUNIN,SATIPO,RIO TAMBO,SAN LUIS DE CORINTO
160305,LORETO,LORETO,URARINAS,NUEVA REFORMA
211209,PUNO,SANDIA,ALTO INAMBARI,RIO BLANCO
210303,PUNO,CARABAYA,AYAPATA,CHASPA ALTO
010702,AMAZONAS,UTCUBAMBA,CAJARURO,CHALACO
100802,HUANUCO,PACHITEA,CHAGLLA,CHAGLLA
010702,AMAZONAS,UTCUBAMBA,CAJARURO,SAN JOSE
080902,CUSCO,LA CONVENCION,ECHARATE,KAMUNASHIARI MARGEN IZQUIERDA
250201,UCAYALI,ATALAYA,RAIMONDI,SAN LUIS (VILLA LUIS)
060607,CAJAMARCA,CUTERVO,QUEROCOTILLO,LA PALMA
160107,LORETO,MAYNAS,NAPO,NUEVA FLORESTA
160305,LORETO,LORETO,URARINAS,NUEVO SAN JUAN
080408,CUSCO,CALCA,YANATILE,HUACHIBAMBA
250203,UCAYALI,ATALAYA,TAHUANIA,NUEVA FENICIA (FINICIA)
160106,LORETO,MAYNAS,MAZAN,NUEVO SAN MARTIN
160105,LORETO,MAYNAS,LAS AMAZONAS,MANITI
120604,JUNIN,SATIPO,MAZAMARI,MONTERRICO
200304,PIURA,HUANCABAMBA,HUARMACA,PIRGA
131203,LA LIBERTAD,VIRU,GUADALUPITO,GUADALUPITO
160103,LORETO,MAYNAS,FERNANDO LORES,SAN JORGE II ZONA
120608,JUNIN,SATIPO,RIO TAMBO,QUEMARIJA
050112,AYACUCHO,HUAMANGA,SOCOS,YANAYACO
190304,PASCO,OXAPAMPA,PALCAZU,ALDEA NATIVA PUERTO ALEGRE
220501,SAN MARTIN,LAMAS,LAMAS,CHURUYACU
250203,UCAYALI,ATALAYA,TAHUANIA,QUIPACHARI
120607,JUNIN,SATIPO,RIO NEGRO,ALTO CUSHIVIANI
120419,JUNIN,JAUJA,MONOBAMBA,CALLAS
160706,LORETO,DATEM DEL MARAÏ¿½ON,ANDOAS,CHAMBIRA
250103,UCAYALI,CORONEL PORTILLO,IPARIA,FATIMA
250303,UCAYALI,PADRE ABAD,CURIMANA,CAMBIO 90
010701,AMAZONAS,UTCUBAMBA,BAGUA GRANDE,PINTOR
140304,LAMBAYEQUE,LAMBAYEQUE,JAYANCA,EL VERDE
010506,AMAZONAS,LUYA,INGUILPATA,INGUILPATA
190201,PASCO,DANIEL ALCIDES CARRION,YANAHUANCA,CHINCHE
080408,CUSCO,CALCA,YANATILE,PALTAYBAMBA
160401,LORETO,MARISCAL RAMON CASTILLA,RAMON CASTILLA,NUEVA VIDA
100705,HUANUCO,MARAÏ¿½ON,SANTA ROSA DE ALTO YANAJANCA,SANTA ROSA DE ALTO YANAJANCA
010609,AMAZONAS,RODRIGUEZ DE MENDOZA,OMIA,CUSHILLO
060812,CAJAMARCA,JAEN,SANTA ROSA,POLEO ROBLEPAMPA
060607,CAJAMARCA,CUTERVO,QUEROCOTILLO,EL CHOLOQUE
131201,LA LIBERTAD,VIRU,VIRU,CALIFORNIA
250201,UCAYALI,ATALAYA,RAIMONDI,SHINIPO
220504,SAN MARTIN,LAMAS,CAYNARACHI,SAN HILARION DE ALTO SHANUSI
050112,AYACUCHO,HUAMANGA,SOCOS,ATURQUI
190305,PASCO,OXAPAMPA,POZUZO,BAJO CHANCARIZO
250201,UCAYALI,ATALAYA,RAIMONDI,BAJO SHIMPI
160705,LORETO,DATEM DEL MARAÏ¿½ON,PASTAZA,SAN RAMON
131101,LA LIBERTAD,GRAN CHIMU,CASCAS,JAGUEY
220503,SAN MARTIN,LAMAS,BARRANQUITA,UNION DE CACHIZAPA
200302,PIURA,HUANCABAMBA,CANCHAQUE,SAN FRANCISCO
220405,SAN MARTIN,HUALLAGA,SACANCHE,VISTOSO
030108,APURIMAC,ABANCAY,SAN PEDRO DE CACHORA,CACHORA
010609,AMAZONAS,RODRIGUEZ DE MENDOZA,OMIA,SAN ISIDRO
010403,AMAZONAS,CONDORCANQUI,RIO SANTIAGO,KUNENTSA
010601,AMAZONAS,RODRIGUEZ DE MENDOZA,SAN NICOLAS,HUAMANPATA
250201,UCAYALI,ATALAYA,RAIMONDI,SABALUYO MAMORIARI
160102,LORETO,MAYNAS,ALTO NANAY,SALVA TIERRA
010702,AMAZONAS,UTCUBAMBA,CAJARURO,SAN FELIPE
220404,SAN MARTIN,HUALLAGA,PISCOYACU,SAN LORENZO
120607,JUNIN,SATIPO,RIO NEGRO,SANTA ROSA DE ALTO CHENI
190301,PASCO,OXAPAMPA,OXAPAMPA,TSACHOPEN
160705,LORETO,DATEM DEL MARAÏ¿½ON,PASTAZA,CASPA COCHA
200210,PIURA,AYABACA,SUYO,SAUCE
200204,PIURA,AYABACA,LAGUNAS,QUEBRADA TONDOPA
160706,LORETO,DATEM DEL MARAÏ¿½ON,ANDOAS,IHUAQUIPOZA
050107,AYACUCHO,HUAMANGA,PACAYCASA,ALLPAURCCUNA
200406,PIURA,MORROPON,SALITRAL,POLLUCO
080902,CUSCO,LA CONVENCION,ECHARATE,MARATURASHIATO
250104,UCAYALI,CORONEL PORTILLO,MASISEA,PREFERIDA
080902,CUSCO,LA CONVENCION,ECHARATE,CHIHUANQUIRI (CHUANQUIRI)
120302,JUNIN,CHANCHAMAYO,PERENE,BAJO CHIRANI
080902,CUSCO,LA CONVENCION,ECHARATE,ESMERALDA
160305,LORETO,LORETO,URARINAS,SANTA TERESA
120608,JUNIN,SATIPO,RIO TAMBO,CAMAJENI
160601,LORETO,UCAYALI,CONTAMANA,MILAGRITOS
120607,JUNIN,SATIPO,RIO NEGRO,SANTO DOMINGO DE BOCA HUAHUARI
160305,LORETO,LORETO,URARINAS,PANDORA
160305,LORETO,LORETO,URARINAS,SANTA MARTHA
060601,CAJAMARCA,CUTERVO,CUTERVO,LAS PALMAS DE TINGAYOC
160202,LORETO,ALTO AMAZONAS,BALSAPUERTO,MOYOBAMBILLO
160706,LORETO,DATEM DEL MARAÏ¿½ON,ANDOAS,CHURUS
120603,JUNIN,SATIPO,LLAYLLA,MENTUSHAIRI
190307,PASCO,OXAPAMPA,VILLA RICA,ALTO BOCAZ
160305,LORETO,LORETO,URARINAS,MONTERRICO
211209,PUNO,SANDIA,ALTO INAMBARI,YANACOCHA QUIQUIRA
160210,LORETO,ALTO AMAZONAS,SANTA CRUZ,LIBERTAD
050407,AYACUCHO,HUANTA,SIVIA,ANTECCASA
190206,PASCO,DANIEL ALCIDES CARRION,SANTA ANA DE TUSI,SANTA ANA DE TUSI
120607,JUNIN,SATIPO,RIO NEGRO,RIO BERTA BAJO NUEVA ESPERANZA
120302,JUNIN,CHANCHAMAYO,PERENE,VILLA SHANKIVIRONI
010706,AMAZONAS,UTCUBAMBA,LONYA GRANDE,LA UNION
160701,LORETO,DATEM DEL MARAÏ¿½ON,BARRANCA,SHUYAL
100702,HUANUCO,MARAÏ¿½ON,CHOLON,SITULLI
160702,LORETO,DATEM DEL MARAÏ¿½ON,CAHUAPANAS,SAN ISIDRO
160703,LORETO,DATEM DEL MARAÏ¿½ON,MANSERICHE,28 DE JULIO
120301,JUNIN,CHANCHAMAYO,CHANCHAMAYO,LA ALIANZA
221003,SAN MARTIN,TOCACHE,POLVORA,NUEVO PISANA O ISCOTE
010605,AMAZONAS,RODRIGUEZ DE MENDOZA,LIMABAMBA,RIO PESCA
010514,AMAZONAS,LUYA,PISUQUIA,PISUQUIA
160511,LORETO,REQUENA,YAQUERANA,CASHISPI
160706,LORETO,DATEM DEL MARAÏ¿½ON,ANDOAS,PUERTO MALDONADO
160304,LORETO,LORETO,TROMPETEROS,SANTA CLARA
160201,LORETO,ALTO AMAZONAS,YURIMAGUAS,NUEVO SAN MARTIN DE PAMPA YACU
220304,SAN MARTIN,EL DORADO,SANTA ROSA,FLORIDA
220202,SAN MARTIN,BELLAVISTA,ALTO BIAVO,MURALLA
200805,PIURA,SECHURA,VICE,BECARA
150505,LIMA,CAÏ¿½ETE,CHILCA,15 DE ENERO
220503,SAN MARTIN,LAMAS,BARRANQUITA,GRAU
220502,SAN MARTIN,LAMAS,ALONSO DE ALVARADO,LA LIBERTAD
220101,SAN MARTIN,MOYOBAMBA,MOYOBAMBA,SANTA CATALINA
160401,LORETO,MARISCAL RAMON CASTILLA,RAMON CASTILLA,VILLA LUZ
160706,LORETO,DATEM DEL MARAÏ¿½ON,ANDOAS,PUERTO FRANCO
160304,LORETO,LORETO,TROMPETEROS,SAN JOSE DE NUEVA ESPERANZA
250204,UCAYALI,ATALAYA,YURUA,NUEVA VICTORIA
220804,SAN MARTIN,RIOJA,NUEVA CAJAMARCA,CORDILLERA DEL CONDOR
100605,HUANUCO,LEONCIO PRADO,LUYANDO,SANTA MARTHA
100601,HUANUCO,LEONCIO PRADO,RUPA-RUPA,NUEVA ESPERANZA
160704,LORETO,DATEM DEL MARAÏ¿½ON,MORONA,3 DE MAYO
220910,SAN MARTIN,SAN MARTIN,MORALES,OASIS
160305,LORETO,LORETO,URARINAS,SANTA ROSA DEL MARAÑON
010202,AMAZONAS,BAGUA,ARAMANGO,COMUNIDAD NATIVA TUTUMBEROS
120607,JUNIN,SATIPO,RIO NEGRO,AITE
160304,LORETO,LORETO,TROMPETEROS,NUEVO SAN MARTIN
170101,MADRE DE DIOS,TAMBOPATA,TAMBOPATA,ALTO CHORRILLOS
160113,LORETO,MAYNAS,SAN JUAN BAUTISTA,MELITON CARBAJAL
220804,SAN MARTIN,RIOJA,NUEVA CAJAMARCA,LA FORTUNA
131103,LA LIBERTAD,GRAN CHIMU,MARMOT,ZAPOTAL
250201,UCAYALI,ATALAYA,RAIMONDI,PENSILVANIA
120301,JUNIN,CHANCHAMAYO,CHANCHAMAYO,YARASCA
010521,AMAZONAS,LUYA,SANTO TOMAS,SAN SALVADOR
160706,LORETO,DATEM DEL MARAÏ¿½ON,ANDOAS,PAMPA HERMOSA
160702,LORETO,DATEM DEL MARAÏ¿½ON,CAHUAPANAS,SAN JUAN
220804,SAN MARTIN,RIOJA,NUEVA CAJAMARCA,ALTO FLORIDA
211209,PUNO,SANDIA,ALTO INAMBARI,PADREYOC
120305,JUNIN,CHANCHAMAYO,SAN RAMON,PLAYA HERMOSA
160305,LORETO,LORETO,URARINAS,BERLIN
160305,LORETO,LORETO,URARINAS,SANTA BEATRIZ
150511,LIMA,CAÏ¿½ETE,PACARAN,ROMANI
160107,LORETO,MAYNAS,NAPO,SAN ROMAN
060607,CAJAMARCA,CUTERVO,QUEROCOTILLO,LOS ALISOS
220907,SAN MARTIN,SAN MARTIN,HUIMBAYOC,PONGO ISLA
150516,LIMA,CAÏ¿½ETE,ZUÏ¿½IGA,ZUÑIGA
160202,LORETO,ALTO AMAZONAS,BALSAPUERTO,SAN JUAN DE ARMANAYACU
160105,LORETO,MAYNAS,LAS AMAZONAS,COLONIA
210303,PUNO,CARABAYA,AYAPATA,LECHEMAYO GRANDE
160704,LORETO,DATEM DEL MARAÏ¿½ON,MORONA,VISTA ALEGRE
200408,PIURA,MORROPON,SANTA CATALINA DE MOSSA,SANTA CATALINA DE MOSSA
120302,JUNIN,CHANCHAMAYO,PERENE,SHINARI
250106,UCAYALI,CORONEL PORTILLO,NUEVA REQUENA,PALESTINA
120303,JUNIN,CHANCHAMAYO,PICHANAQUI,C.N. PAMPA JULIAN
060611,CAJAMARCA,CUTERVO,SANTA CRUZ,CHIPLE LIMON
160704,LORETO,DATEM DEL MARAÏ¿½ON,MORONA,NUEVO PROGRESO
220508,SAN MARTIN,LAMAS,SAN ROQUE DE CUMBAZA,AVIACION
120301,JUNIN,CHANCHAMAYO,CHANCHAMAYO,PUENTE PERENE
160206,LORETO,ALTO AMAZONAS,LAGUNAS,PUCALLPA
160401,LORETO,MARISCAL RAMON CASTILLA,RAMON CASTILLA,CHINERIAS
160702,LORETO,DATEM DEL MARAÏ¿½ON,CAHUAPANAS,SINCHI ROCA
010202,AMAZONAS,BAGUA,ARAMANGO,PERLAMAYO
160706,LORETO,DATEM DEL MARAÏ¿½ON,ANDOAS,WARARAY
120607,JUNIN,SATIPO,RIO NEGRO,PEREZ GODOY
120305,JUNIN,CHANCHAMAYO,SAN RAMON,LOURDES
120302,JUNIN,CHANCHAMAYO,PERENE,ALTO SHANKIVIRIONI
010609,AMAZONAS,RODRIGUEZ DE MENDOZA,OMIA,VISTA HERMOSA
120608,JUNIN,SATIPO,RIO TAMBO,VILLA JUNIN
120608,JUNIN,SATIPO,RIO TAMBO,SAVARENI
140308,LAMBAYEQUE,LAMBAYEQUE,OLMOS,SAN CRISTOBAL
100608,HUANUCO,LEONCIO PRADO,CASTILLO GRANDE,MANCO CAPAC
190305,PASCO,OXAPAMPA,POZUZO,RINCONADA
160801,LORETO,PUTUMAYO,PUTUMAYO,LA FLORIDA
090117,HUANCAVELICA,HUANCAVELICA,YAULI,YAULI
010601,AMAZONAS,RODRIGUEZ DE MENDOZA,SAN NICOLAS,CARAPUNGO
220202,SAN MARTIN,BELLAVISTA,ALTO BIAVO,PUERTO FRANCO
010607,AMAZONAS,RODRIGUEZ DE MENDOZA,MARISCAL BENAVIDES,CRUZ YACO
120303,JUNIN,CHANCHAMAYO,PICHANAQUI,MAUNARI
021805,ANCASH,SANTA,MORO,BREÑA ALTA (BREÑA)
120608,JUNIN,SATIPO,RIO TAMBO,QUIRISHARI (SANTA CRUZ)
120305,JUNIN,CHANCHAMAYO,SAN RAMON,PUENTE LA VICTORIA
100606,HUANUCO,LEONCIO PRADO,MARIANO DAMASO BERAUN,RIO ORO _ MELITON CARBAJAL
080906,CUSCO,LA CONVENCION,QUELLOUNO,SAN MARTIN DE LACCO
160702,LORETO,DATEM DEL MARAÏ¿½ON,CAHUAPANAS,SANTA LUCIA
100902,HUANUCO,PUERTO INCA,CODO DEL POZUZO,MASHOCA
120608,JUNIN,SATIPO,RIO TAMBO,CHARAHUAJA
160301,LORETO,LORETO,NAUTA,SAN PEDRO II ZONA
220501,SAN MARTIN,LAMAS,LAMAS,VISTA ALEGRE
190303,PASCO,OXAPAMPA,HUANCABAMBA,PURUMAYO
200304,PIURA,HUANCABAMBA,HUARMACA,EL CEDRO
220305,SAN MARTIN,EL DORADO,SHATOJA,TULLISHAMA
200604,PIURA,SULLANA,LANCONES,LANCONES
160705,LORETO,DATEM DEL MARAÏ¿½ON,PASTAZA,PUERTO MATIVA
190305,PASCO,OXAPAMPA,POZUZO,SAN MIGUEL
160704,LORETO,DATEM DEL MARAÏ¿½ON,MORONA,YANKUNTZA
010202,AMAZONAS,BAGUA,ARAMANGO,CAMPO SEIS
010306,AMAZONAS,BONGARA,FLORIDA,FLORIDA
090713,HUANCAVELICA,TAYACAJA,QUISHUAR,QUISHUAR
010205,AMAZONAS,BAGUA,IMAZA,KAMPANENTSA
160702,LORETO,DATEM DEL MARAÏ¿½ON,CAHUAPANAS,SANTA MARTHA
250103,UCAYALI,CORONEL PORTILLO,IPARIA,ATAHUALPA DE TABACOA
010608,AMAZONAS,RODRIGUEZ DE MENDOZA,MILPUCC,CRUZ PATA
100606,HUANUCO,LEONCIO PRADO,MARIANO DAMASO BERAUN,"JUAN SANTOS ATAHUALPA,RIO SANTA"
220506,SAN MARTIN,LAMAS,PINTO RECODO,EL MIRADOR
160701,LORETO,DATEM DEL MARAÏ¿½ON,BARRANCA,SAN JOSE
220507,SAN MARTIN,LAMAS,RUMISAPA,SHAMBOLOA
160106,LORETO,MAYNAS,MAZAN,NUEVO ORIENTE
220302,SAN MARTIN,EL DORADO,AGUA BLANCA,ALTO ALGARROBO
160702,LORETO,DATEM DEL MARAÏ¿½ON,CAHUAPANAS,CHAYAHUITA
160404,LORETO,MARISCAL RAMON CASTILLA,SAN PABLO,UNION PROGRESISTA
160105,LORETO,MAYNAS,LAS AMAZONAS,CUZCO
150806,LIMA,HUAURA,HUAURA,VILCAHUAURA - PAM.INDUST
020802,ANCASH,CASMA,BUENA VISTA ALTA,TUCTUPILLIN
010202,AMAZONAS,BAGUA,ARAMANGO,CAMPO BONITO
010601,AMAZONAS,RODRIGUEZ DE MENDOZA,SAN NICOLAS,MITO
220802,SAN MARTIN,RIOJA,AWAJUN,ALTO NARANJILLO
010403,AMAZONAS,CONDORCANQUI,RIO SANTIAGO,NUEVA NAZARETH
210309,PUNO,CARABAYA,SAN GABAN,ARICA
221005,SAN MARTIN,TOCACHE,UCHIZA,LA VICTORIA
160705,LORETO,DATEM DEL MARAÏ¿½ON,PASTAZA,UNGURI
160705,LORETO,DATEM DEL MARAÏ¿½ON,PASTAZA,YANACOCHA
160501,LORETO,REQUENA,REQUENA,FRANCISCO BOLOGNESI
250401,UCAYALI,PURUS,PURUS,MI PERU
221005,SAN MARTIN,TOCACHE,UCHIZA,TINGO DE CRISNEJA
200302,PIURA,HUANCABAMBA,CANCHAQUE,VAQUERIA
200302,PIURA,HUANCABAMBA,CANCHAQUE,HUABAL
200302,PIURA,HUANCABAMBA,CANCHAQUE,HUARAPOS
200302,PIURA,HUANCABAMBA,CANCHAQUE,YUMBE
150806,LIMA,HUAURA,HUAURA,HUMAYA - CALDERA
250201,UCAYALI,ATALAYA,RAIMONDI,TIAHUANASQUI
220809,SAN MARTIN,RIOJA,YURACYACU,PATRIA NUEVA
120303,JUNIN,CHANCHAMAYO,PICHANAQUI,UNION PROGRESO (PROGRESO)
250201,UCAYALI,ATALAYA,RAIMONDI,CHENGARI
160803,LORETO,PUTUMAYO,TENIENTE MANUEL CLAVERO,SAN MARTIN
160103,LORETO,MAYNAS,FERNANDO LORES,SANTA ROSA DE MUYUY
150807,LIMA,HUAURA,LEONCIO PRADO,PARAN - HUAMBOY
200803,PIURA,SECHURA,BERNAL,CORDIILLERA
250103,UCAYALI,CORONEL PORTILLO,IPARIA,JERUSALEN DE SHESHEA
160706,LORETO,DATEM DEL MARAÏ¿½ON,ANDOAS,NUEVA ESPERANZA
160704,LORETO,DATEM DEL MARAÏ¿½ON,MORONA,NUEVO ALEGRIA
120302,JUNIN,CHANCHAMAYO,PERENE,ALTO ESPERANZA (ESPERANZA)
200308,PIURA,HUANCABAMBA,SONDORILLO,LANCHALES
250103,UCAYALI,CORONEL PORTILLO,IPARIA,PIFAYAL
200107,PIURA,PIURA,CURA MORI,NUEVO CHATO GRANDE
160305,LORETO,LORETO,URARINAS,GUINEAL
221003,SAN MARTIN,TOCACHE,POLVORA,VISTA ALEGRE DE MISHOLLO
160105,LORETO,MAYNAS,LAS AMAZONAS,PAICHE HUAHUA
220605,SAN MARTIN,MARISCAL CACERES,PAJARILLO,PAMPA HERMOSA
160113,LORETO,MAYNAS,SAN JUAN BAUTISTA,KM.50 CARRETERA IQUITOS-NAUTA
220602,SAN MARTIN,MARISCAL CACERES,CAMPANILLA,VISTA ALEGRE
100507,HUANUCO,HUAMALIES,MONZON,PALO WIMBA
211209,PUNO,SANDIA,ALTO INAMBARI,PACAYSUIZO
160106,LORETO,MAYNAS,MAZAN,URCO MIRANO
160210,LORETO,ALTO AMAZONAS,SANTA CRUZ,SAN JUAN
160107,LORETO,MAYNAS,NAPO,NUEVA PALETA
120608,JUNIN,SATIPO,RIO TAMBO,SHAORIATO
200601,PIURA,SULLANA,SULLANA,CIENEGUILLO SUR
160101,LORETO,MAYNAS,IQUITOS,CAMPAMENTO Q.R.M. VARGAS GUERRA
221001,SAN MARTIN,TOCACHE,TOCACHE,VILLA PALMA
210303,PUNO,CARABAYA,AYAPATA,CUESTA BLANCA
211208,PUNO,SANDIA,YANAHUAYA,HUAÑARAYA
080915,CUSCO,LA CONVENCION,KUMPIRUSHIATO,KUMPIRUSHIATO
010114,AMAZONAS,CHACHAPOYAS,MOLINOPAMPA,GUALAMITA
200302,PIURA,HUANCABAMBA,CANCHAQUE,PAJONAL
100507,HUANUCO,HUAMALIES,MONZON,MUSHCAPATA ALTA
150510,LIMA,CAÏ¿½ETE,NUEVO IMPERIAL,LA RINCONADA DE CONTA (LA RINCONADA)
200803,PIURA,SECHURA,BERNAL,VEGA DEL CHILCO
080902,CUSCO,LA CONVENCION,ECHARATE,ACOPAMPA
220805,SAN MARTIN,RIOJA,PARDO MIGUEL,ORIENTE NUEVO
010201,AMAZONAS,BAGUA,BAGUA,SAN ISIDRO
200208,PIURA,AYABACA,SAPILLICA,TUNAL
040303,AREQUIPA,CARAVELI,ATICO,ATICO
100610,HUANUCO,LEONCIO PRADO,SANTO DOMINGO DE ANDA,SANTO DOMINGO DE ANDA
060901,CAJAMARCA,SAN IGNACIO,SAN IGNACIO,LA ZANDRA
120302,JUNIN,CHANCHAMAYO,PERENE,SANTARI
160402,LORETO,MARISCAL RAMON CASTILLA,PEBAS,LUZ DEL ORIENTE
220605,SAN MARTIN,MARISCAL CACERES,PAJARILLO,PORVENIR - 1
060601,CAJAMARCA,CUTERVO,CUTERVO,LIRIO CHICO
220709,SAN MARTIN,PICOTA,TINGO DE PONASA,SELVA ALEGRE
220505,SAN MARTIN,LAMAS,CUÏ¿½UMBUQUI,LAS FLORES DE MAMONAQUIHUA
140310,LAMBAYEQUE,LAMBAYEQUE,SALAS,LAGUNA HUANAMA
200410,PIURA,MORROPON,YAMANGO,LANQUE
120608,JUNIN,SATIPO,RIO TAMBO,SAN JUAN DE IVOTZOTE
130613,LA LIBERTAD,OTUZCO,SINSICAP,LLAGUEN
120608,JUNIN,SATIPO,RIO TAMBO,CC.NN. MERITORI
160303,LORETO,LORETO,TIGRE,NUEVO REMANENTE
010706,AMAZONAS,UTCUBAMBA,LONYA GRANDE,CARACHUPA
120302,JUNIN,CHANCHAMAYO,PERENE,RIO BLANCO I
200114,PIURA,PIURA,TAMBO GRANDE,EL ALGARROBO
250106,UCAYALI,CORONEL PORTILLO,NUEVA REQUENA,NUEVO ISRAEL
120301,JUNIN,CHANCHAMAYO,CHANCHAMAYO,SAN JOSE
010602,AMAZONAS,RODRIGUEZ DE MENDOZA,CHIRIMOTO,SINAI
060603,CAJAMARCA,CUTERVO,CHOROS,MIRAFLORES
021802,ANCASH,SANTA,CACERES DEL PERU,HUANCA
100601,HUANUCO,LEONCIO PRADO,RUPA-RUPA,SHAMIRO BAJO
220405,SAN MARTIN,HUALLAGA,SACANCHE,MIRAFLORES
160705,LORETO,DATEM DEL MARAÏ¿½ON,PASTAZA,SANTA ANA
021104,ANCASH,HUARMEY,HUAYAN,HUALLAN
170104,MADRE DE DIOS,TAMBOPATA,LABERINTO,CINCO ISLAS
120607,JUNIN,SATIPO,RIO NEGRO,PUEBLO LIBRE
120604,JUNIN,SATIPO,MAZAMARI,MAPITAMANI
190304,PASCO,OXAPAMPA,PALCAZU,VILLA PROGRESO
160206,LORETO,ALTO AMAZONAS,LAGUNAS,8 DE OCTUBRE
151008,LIMA,YAUYOS,CATAHUASI,CANCHAN
250101,UCAYALI,CORONEL PORTILLO,CALLERIA,BELGICA
221005,SAN MARTIN,TOCACHE,UCHIZA,BARRO BLANCO
120302,JUNIN,CHANCHAMAYO,PERENE,PUEBLO LIBRE ALTO UBIRIKE
160103,LORETO,MAYNAS,FERNANDO LORES,2 DE MAYO DE MUYUY
120303,JUNIN,CHANCHAMAYO,PICHANAQUI,SANTA ROSA DE ALTO ZOTARARI
160113,LORETO,MAYNAS,SAN JUAN BAUTISTA,KM.47 CARRETERA IQUITOS - NAUTA
010706,AMAZONAS,UTCUBAMBA,LONYA GRANDE,ROBLE PAMPA
010705,AMAZONAS,UTCUBAMBA,JAMALCA,DUNIA GRANDE
200110,PIURA,PIURA,LA UNION,BARRIO JUAN VELASCO
160706,LORETO,DATEM DEL MARAÏ¿½ON,ANDOAS,PUERTO GALILEA
200403,PIURA,MORROPON,CHALACO,CHALACO
220808,SAN MARTIN,RIOJA,YORONGOS,NUEVA ESPERANZA
080915,CUSCO,LA CONVENCION,KUMPIRUSHIATO,KUVIRIARI
220602,SAN MARTIN,MARISCAL CACERES,CAMPANILLA,SAN JUAN DE MIRAFLORES
160305,LORETO,LORETO,URARINAS,ABEJAICO
120606,JUNIN,SATIPO,PANGOA,SAN ISIDRO DE MATZURINIARI
160705,LORETO,DATEM DEL MARAÏ¿½ON,PASTAZA,NUEVO  MAMBOYACU
020802,ANCASH,CASMA,BUENA VISTA ALTA,HUANCHUY
120606,JUNIN,SATIPO,PANGOA,SOL RADIANTE
160702,LORETO,DATEM DEL MARAÏ¿½ON,CAHUAPANAS,BOCA DE CAHUAPANAS
160305,LORETO,LORETO,URARINAS,NUEVA ESPERANZA (CHAMBIRA)
160704,LORETO,DATEM DEL MARAÏ¿½ON,MORONA,KATIRENTZA
160305,LORETO,LORETO,URARINAS,SAN MIGUEL
160404,LORETO,MARISCAL RAMON CASTILLA,SAN PABLO,JUAN PABLO II
160110,LORETO,MAYNAS,TORRES CAUSANA,CECHO ISLA
160703,LORETO,DATEM DEL MARAÏ¿½ON,MANSERICHE,NUEVO JERUSALEM
100104,HUANUCO,HUANUCO,CHURUBAMBA,YANAMACHAY
120606,JUNIN,SATIPO,PANGOA,LOS OLIVOS
160705,LORETO,DATEM DEL MARAÏ¿½ON,PASTAZA,CALIFORNIA
220205,SAN MARTIN,BELLAVISTA,SAN PABLO,VISTA ALEGRE
120502,JUNIN,JUNIN,CARHUAMAYO,CARHUAMAYO
211207,PUNO,SANDIA,SAN JUAN DEL ORO,PAMPA GRANDE
160511,LORETO,REQUENA,YAQUERANA,BUENAS LOMAS ANTIGUA
160703,LORETO,DATEM DEL MARAÏ¿½ON,MANSERICHE,NUEVA ALIANZA
220511,SAN MARTIN,LAMAS,ZAPATERO,UCHUMULLACA
080913,CUSCO,LA CONVENCION,VILLA KINTIARINA,LIMATAMBO
160305,LORETO,LORETO,URARINAS,NUEVO PERU
010401,AMAZONAS,CONDORCANQUI,NIEVA,ANKAIS
250104,UCAYALI,CORONEL PORTILLO,MASISEA,ISLA LIBERTAD
080914,CUSCO,LA CONVENCION,MEGANTONI,ALTO TIMPIA
211207,PUNO,SANDIA,SAN JUAN DEL ORO,PAMPAS DE MOHO
120113,JUNIN,HUANCAYO,CULLHUAS,CULLHUAS
160705,LORETO,DATEM DEL MARAÏ¿½ON,PASTAZA,ANGUILLACOCHA
080914,CUSCO,LA CONVENCION,MEGANTONI,NUEVO MUNDO
120606,JUNIN,SATIPO,PANGOA,UNION ALTO SANIBENI
010702,AMAZONAS,UTCUBAMBA,CAJARURO,EL PROGRESO
010701,AMAZONAS,UTCUBAMBA,BAGUA GRANDE,VISTA HERMOSA
211207,PUNO,SANDIA,SAN JUAN DEL ORO,BELEN
080915,CUSCO,LA CONVENCION,KUMPIRUSHIATO,SOL NACIENTE
210309,PUNO,CARABAYA,SAN GABAN,CASA HUIRI
080914,CUSCO,LA CONVENCION,MEGANTONI,BARRIO SAN JUAN
250201,UCAYALI,ATALAYA,RAIMONDI,SHUMAHUANI
080914,CUSCO,LA CONVENCION,MEGANTONI,BARRIO ZUMAETA
100601,HUANUCO,LEONCIO PRADO,RUPA-RUPA,LOS CEDROS
220802,SAN MARTIN,RIOJA,AWAJUN,SAN PABLO
211208,PUNO,SANDIA,YANAHUAYA,PILCO
010702,AMAZONAS,UTCUBAMBA,CAJARURO,SANTA CRUZ
120302,JUNIN,CHANCHAMAYO,PERENE,VILLA PROGRESO SHIMAKI
120606,JUNIN,SATIPO,PANGOA,CARACOL
250201,UCAYALI,ATALAYA,RAIMONDI,NUEVO EL POZO
120606,JUNIN,SATIPO,PANGOA,SANTA CRUZ DE ANAPATI
010201,AMAZONAS,BAGUA,BAGUA,RENTEMA
220904,SAN MARTIN,SAN MARTIN,CHAZUTA,LA BANDA DE CHAZUTA
160501,LORETO,REQUENA,REQUENA,CONCORDANCIA
120133,JUNIN,HUANCAYO,SAPALLANGA,SAPALLANGA
010403,AMAZONAS,CONDORCANQUI,RIO SANTIAGO,FORTALEZA
080906,CUSCO,LA CONVENCION,QUELLOUNO,SANTA TERESITA
080914,CUSCO,LA CONVENCION,MEGANTONI,BARRIO JERUSALEN
220205,SAN MARTIN,BELLAVISTA,SAN PABLO,EL CARIBE
120606,JUNIN,SATIPO,PANGOA,NARANJAL
160113,LORETO,MAYNAS,SAN JUAN BAUTISTA,28 DE ENERO
160106,LORETO,MAYNAS,MAZAN,BUEN PASO
120606,JUNIN,SATIPO,PANGOA,LIBERTAD DE SAN GARENI
120606,JUNIN,SATIPO,PANGOA,MENCORIARI
080914,CUSCO,LA CONVENCION,MEGANTONI,CASHIRIARI
220605,SAN MARTIN,MARISCAL CACERES,PAJARILLO,CINCO UNIDOS
060906,CAJAMARCA,SAN IGNACIO,SAN JOSE DE LOURDES,NAMBACASA
190304,PASCO,OXAPAMPA,PALCAZU,ALDEA NATIVA SANTA ROSA DE PICHANAZ
080913,CUSCO,LA CONVENCION,VILLA KINTIARINA,CC.NN. MANITINKIARI
160202,LORETO,ALTO AMAZONAS,BALSAPUERTO,NUEVO PILLINGUE
160106,LORETO,MAYNAS,MAZAN,QUEBRADA SALINAS
160107,LORETO,MAYNAS,NAPO,ARGELIA
160202,LORETO,ALTO AMAZONAS,BALSAPUERTO,TAWARI DE PLATOYACU
220204,SAN MARTIN,BELLAVISTA,HUALLAGA,PAÑASAPA
220303,SAN MARTIN,EL DORADO,SAN MARTIN,SANANGO
160106,LORETO,MAYNAS,MAZAN,22 DE NOVIEMBRE
211201,PUNO,SANDIA,SANDIA,APABUCO
220203,SAN MARTIN,BELLAVISTA,BAJO BIAVO,SAN RAMON
160705,LORETO,DATEM DEL MARAÏ¿½ON,PASTAZA,PUERTO MINLLA
080915,CUSCO,LA CONVENCION,KUMPIRUSHIATO,CIGAQUIATO
160107,LORETO,MAYNAS,NAPO,YANAYACU
120604,JUNIN,SATIPO,MAZAMARI,SANTA ROSA SONOMORO
110114,ICA,ICA,YAUCA DEL ROSARIO,ROSARIO DE YAUCA
160601,LORETO,UCAYALI,CONTAMANA,PUERTO PRADO
190308,PASCO,OXAPAMPA,CONSTITUCION,NUEVO PORVENIR
150204,LIMA,BARRANCA,SUPE,LLAMAHUACA
210304,PUNO,CARABAYA,COASA,HUANCHICANI
200201,PIURA,AYABACA,AYABACA,ANCHALA
160305,LORETO,LORETO,URARINAS,SANTA ELENA
190308,PASCO,OXAPAMPA,CONSTITUCION,CAHUAPANAS
220805,SAN MARTIN,RIOJA,PARDO MIGUEL,TRES DE MAYO
010202,AMAZONAS,BAGUA,ARAMANGO,FLOR DE LA VIÑA
190305,PASCO,OXAPAMPA,POZUZO,SANTA CRUZ
021805,ANCASH,SANTA,MORO,TAMBO
080915,CUSCO,LA CONVENCION,KUMPIRUSHIATO,AENDOSHIARI
150503,LIMA,CAÏ¿½ETE,CALANGO,AYMARA
120302,JUNIN,CHANCHAMAYO,PERENE,SAN JOSE DE HUATZIROKI
010605,AMAZONAS,RODRIGUEZ DE MENDOZA,LIMABAMBA,RIO VERDE
190303,PASCO,OXAPAMPA,HUANCABAMBA,TORREBAMBA
200304,PIURA,HUANCABAMBA,HUARMACA,JAJAN
221004,SAN MARTIN,TOCACHE,SHUNTE,PAMPA HERMOSA
150103,LIMA,LIMA,ATE,AMAUTA
010401,AMAZONAS,CONDORCANQUI,NIEVA,CHAMIKAR
080915,CUSCO,LA CONVENCION,KUMPIRUSHIATO,PAKICHARI
010702,AMAZONAS,UTCUBAMBA,CAJARURO,LUNCHICATE
160202,LORETO,ALTO AMAZONAS,BALSAPUERTO,NUEVO TRIUNFO DE PANANCILLO
220805,SAN MARTIN,RIOJA,PARDO MIGUEL,AMANGAY
211209,PUNO,SANDIA,ALTO INAMBARI,PATA CHONTABAMBA
211207,PUNO,SANDIA,SAN JUAN DEL ORO,HUAYRURUMI
211209,PUNO,SANDIA,ALTO INAMBARI,ALFONSO UGARTE
120606,JUNIN,SATIPO,PANGOA,LIBERTAD DE ANAPATI
190307,PASCO,OXAPAMPA,VILLA RICA,AZULIZ
250201,UCAYALI,ATALAYA,RAIMONDI,SAN FRANCISCO TSIOKIATO
250104,UCAYALI,CORONEL PORTILLO,MASISEA,NUEVO SAN RAFAEL
211207,PUNO,SANDIA,SAN JUAN DEL ORO,CURVA ALEGRE
211207,PUNO,SANDIA,SAN JUAN DEL ORO,SAN IGNACIO (SILLACUNCA)
010305,AMAZONAS,BONGARA,CUISPES,CUISPES
021103,ANCASH,HUARMEY,CULEBRAS,MOLINO
220101,SAN MARTIN,MOYOBAMBA,MOYOBAMBA,NUEVO AMANECER
220602,SAN MARTIN,MARISCAL CACERES,CAMPANILLA,ANCHOLMA
160305,LORETO,LORETO,URARINAS,LAS PETROLERAS
080902,CUSCO,LA CONVENCION,ECHARATE,PAQUICHARI ALTO IVOCHOTE
120604,JUNIN,SATIPO,MAZAMARI,PUEBLO LIBRE
250201,UCAYALI,ATALAYA,RAIMONDI,TSIBETARI
060901,CAJAMARCA,SAN IGNACIO,SAN IGNACIO,HUANGARI
211201,PUNO,SANDIA,SANDIA,SUMAC QUINRAY
211207,PUNO,SANDIA,SAN JUAN DEL ORO,SAN LORENZO
020511,ANCASH,BOLOGNESI,LA PRIMAVERA,TAURIPON
120606,JUNIN,SATIPO,PANGOA,VILLA VISTA
160803,LORETO,PUTUMAYO,TENIENTE MANUEL CLAVERO,NUEVO BELEN
220604,SAN MARTIN,MARISCAL CACERES,PACHIZA,MONTEDRET
160211,LORETO,ALTO AMAZONAS,TENIENTE CESAR LOPEZ ROJAS,SAN ILARION
080915,CUSCO,LA CONVENCION,KUMPIRUSHIATO,CHINGUARIATO (ALTO)
220105,SAN MARTIN,MOYOBAMBA,SORITOR,LA PALMA
160402,LORETO,MARISCAL RAMON CASTILLA,PEBAS,PALOMETA
220709,SAN MARTIN,PICOTA,TINGO DE PONASA,CAPIRONA
130108,LA LIBERTAD,TRUJILLO,POROTO,CUSHMUN
120608,JUNIN,SATIPO,RIO TAMBO,ALTO UNINE
200401,PIURA,MORROPON,CHULUCANAS,SAN FRANCISCO
170104,MADRE DE DIOS,TAMBOPATA,LABERINTO,FILADELFIA
190308,PASCO,OXAPAMPA,CONSTITUCION,HAUSWALD
080914,CUSCO,LA CONVENCION,MEGANTONI,MARANQUIATO
250103,UCAYALI,CORONEL PORTILLO,IPARIA,DOS DE MAYO
160305,LORETO,LORETO,URARINAS,NUEVA UNION
010401,AMAZONAS,CONDORCANQUI,NIEVA,NUMPATKAIM
200303,PIURA,HUANCABAMBA,EL CARMEN DE LA FRONTERA,ROSARIOS BAJOS
220502,SAN MARTIN,LAMAS,ALONSO DE ALVARADO,DINAMARCA
120608,JUNIN,SATIPO,RIO TAMBO,PARAISOHUAROCHIRANO
100608,HUANUCO,LEONCIO PRADO,CASTILLO GRANDE,SHAMIRO BAJO
211210,PUNO,SANDIA,SAN PEDRO DE PUTINA PUNCO,PAMPA SALINAS
211207,PUNO,SANDIA,SAN JUAN DEL ORO,SAN JUAN DEL ORO
220105,SAN MARTIN,MOYOBAMBA,SORITOR,VISTA ALEGRE
120302,JUNIN,CHANCHAMAYO,PERENE,BUENOS AIRES
200303,PIURA,HUANCABAMBA,EL CARMEN DE LA FRONTERA,YUMBE
021808,ANCASH,SANTA,SANTA,VINZOS
160601,LORETO,UCAYALI,CONTAMANA,BARRIO MAQUIA
220708,SAN MARTIN,PICOTA,SHAMBOYACU,PROGRESO
220708,SAN MARTIN,PICOTA,SHAMBOYACU,ALTO PONAZA
160801,LORETO,PUTUMAYO,PUTUMAYO,SANTA ROSA
080902,CUSCO,LA CONVENCION,ECHARATE,KUSHIPIARI
220401,SAN MARTIN,HUALLAGA,SAPOSOA,CURICO
080910,CUSCO,LA CONVENCION,PICHARI,KATONGO
100602,HUANUCO,LEONCIO PRADO,DANIEL ALOMIA ROBLES,NUEVO MILENIUN
160403,LORETO,MARISCAL RAMON CASTILLA,YAVARI,SACAMBU
160403,LORETO,MARISCAL RAMON CASTILLA,YAVARI,SOPLIN VARGAS
100704,HUANUCO,MARAÏ¿½ON,LA MORADA,ALTO AGUASHI
100902,HUANUCO,PUERTO INCA,CODO DEL POZUZO,NUEVA LIBERTAD
250201,UCAYALI,ATALAYA,RAIMONDI,HUAO
160703,LORETO,DATEM DEL MARAÏ¿½ON,MANSERICHE,OROPRETO
120608,JUNIN,SATIPO,RIO TAMBO,CANA EDEN
100109,HUANUCO,HUANUCO,SANTA MARIA DEL VALLE,CULLCUY
211210,PUNO,SANDIA,SAN PEDRO DE PUTINA PUNCO,PAMPA GRANDE
211209,PUNO,SANDIA,ALTO INAMBARI,MANCUARI
160113,LORETO,MAYNAS,SAN JUAN BAUTISTA,KM. 23 CARRETERA IQUITOS-NAUTA
100602,HUANUCO,LEONCIO PRADO,DANIEL ALOMIA ROBLES,NUEVA ZELANDIA
081106,CUSCO,PAUCARTAMBO,KOSÏ¿½IPATA,QUEROS
120606,JUNIN,SATIPO,PANGOA,SANTA ROSA DE SANGARENI
150728,LIMA,HUAROCHIRI,SANTA EULALIA,HUAYORINGA ALTA
160107,LORETO,MAYNAS,NAPO,JUAN PABLO II
160705,LORETO,DATEM DEL MARAÏ¿½ON,PASTAZA,CAIMITO
010205,AMAZONAS,BAGUA,IMAZA,WACHINS
100902,HUANUCO,PUERTO INCA,CODO DEL POZUZO,MIAMI BEACH
100902,HUANUCO,PUERTO INCA,CODO DEL POZUZO,SAN CRISTOBAL
250202,UCAYALI,ATALAYA,SEPAHUA,CEYLAN
200206,PIURA,AYABACA,PACAIPAMPA,TAZAJERAS
220502,SAN MARTIN,LAMAS,ALONSO DE ALVARADO,SOMOS LIBRES
010205,AMAZONAS,BAGUA,IMAZA,SUWA
120301,JUNIN,CHANCHAMAYO,CHANCHAMAYO,QUIMIRI NORTE
080914,CUSCO,LA CONVENCION,MEGANTONI,KIRIGUETI
220203,SAN MARTIN,BELLAVISTA,BAJO BIAVO,EL PORVENIR
211209,PUNO,SANDIA,ALTO INAMBARI,PAJCHANI
211209,PUNO,SANDIA,ALTO INAMBARI,CHAQUIMAYO
220105,SAN MARTIN,MOYOBAMBA,SORITOR,SAN MIGUEL
050408,AYACUCHO,HUANTA,LLOCHEGUA,NUEVO AMANECER
250301,UCAYALI,PADRE ABAD,PADRE ABAD,NUEVO PERU
220201,SAN MARTIN,BELLAVISTA,BELLAVISTA,ALTO ÑEJASAPA
060609,CAJAMARCA,CUTERVO,SAN JUAN DE CUTERVO,PARAISO
150508,LIMA,CAÏ¿½ETE,LUNAHUANA,SAN JERONIMO
080914,CUSCO,LA CONVENCION,MEGANTONI,TAINI
160704,LORETO,DATEM DEL MARAÏ¿½ON,MORONA,COPACABANA
250302,UCAYALI,PADRE ABAD,IRAZOLA,UNION CAJAMARCA
151022,LIMA,YAUYOS,OMAS,OMAS
010201,AMAZONAS,BAGUA,BAGUA,PARAISO
080910,CUSCO,LA CONVENCION,PICHARI,LA VICTORIA
220502,SAN MARTIN,LAMAS,ALONSO DE ALVARADO,SELVA VERDE
190308,PASCO,OXAPAMPA,CONSTITUCION,UNION SIRIA
190308,PASCO,OXAPAMPA,CONSTITUCION,LOCENCILLO I
250302,UCAYALI,PADRE ABAD,IRAZOLA,ALTO ROBLES
250202,UCAYALI,ATALAYA,SEPAHUA,ALTO CUMARRILLO
080914,CUSCO,LA CONVENCION,MEGANTONI,TANGOSHIARI
050408,AYACUCHO,HUANTA,LLOCHEGUA,KAPACHARI
220203,SAN MARTIN,BELLAVISTA,BAJO BIAVO,NUEVO CHANCHAMAYO
010205,AMAZONAS,BAGUA,IMAZA,JEMPE
160501,LORETO,REQUENA,REQUENA,CRISTO REDENTOR
010609,AMAZONAS,RODRIGUEZ DE MENDOZA,OMIA,GARZAYACU
060906,CAJAMARCA,SAN IGNACIO,SAN JOSE DE LOURDES,NARANJOS
160105,LORETO,MAYNAS,LAS AMAZONAS,NUEVO ISRAEL
010609,AMAZONAS,RODRIGUEZ DE MENDOZA,OMIA,LUZ DEL ORIENTE
220708,SAN MARTIN,PICOTA,SHAMBOYACU,EL DORADO
050407,AYACUCHO,HUANTA,SIVIA,NUEVA GENERACION
220510,SAN MARTIN,LAMAS,TABALOSOS,TANGARANA
190308,PASCO,OXAPAMPA,CONSTITUCION,VILLA ASIS DE KIMPIRARI
080914,CUSCO,LA CONVENCION,MEGANTONI,MIARIA
120604,JUNIN,SATIPO,MAZAMARI,PUERTO PORVENIR
190304,PASCO,OXAPAMPA,PALCAZU,CONVENTO
060204,CAJAMARCA,CAJABAMBA,SITACOCHA,CARHUAYLLO
010609,AMAZONAS,RODRIGUEZ DE MENDOZA,OMIA,GETZEMANI
160705,LORETO,DATEM DEL MARAÏ¿½ON,PASTAZA,NARANJAL (MARAÑON)
120606,JUNIN,SATIPO,PANGOA,MIRAFLORES DE ALTO KIATARI
160705,LORETO,DATEM DEL MARAÏ¿½ON,PASTAZA,SAN FERNANDO
010609,AMAZONAS,RODRIGUEZ DE MENDOZA,OMIA,CETRO AMERICA
160202,LORETO,ALTO AMAZONAS,BALSAPUERTO,PALMERAS DEL PARANAPURA
220105,SAN MARTIN,MOYOBAMBA,SORITOR,DANCEL
211210,PUNO,SANDIA,SAN PEDRO DE PUTINA PUNCO,NUEVA ESPERANZA
100702,HUANUCO,MARAÏ¿½ON,CHOLON,ALTO FRIJOL
220506,SAN MARTIN,LAMAS,PINTO RECODO,MIRAMAYO DE LAS PALMERAS
220205,SAN MARTIN,BELLAVISTA,SAN PABLO,SAN JUAN DE MIRAFLORES
100802,HUANUCO,PACHITEA,CHAGLLA,YANANO
010205,AMAZONAS,BAGUA,IMAZA,MEENTE
170302,MADRE DE DIOS,TAHUAMANU,IBERIA,CHILINA VIEJA
160202,LORETO,ALTO AMAZONAS,BALSAPUERTO,DOS DE MAYO DEL CACHIYACU
100902,HUANUCO,PUERTO INCA,CODO DEL POZUZO,BELLAVISTA
120301,JUNIN,CHANCHAMAYO,CHANCHAMAYO,RIO DOLORES
150732,LIMA,HUAROCHIRI,SURCO,SURCO
010401,AMAZONAS,CONDORCANQUI,NIEVA,KASHAK
160601,LORETO,UCAYALI,CONTAMANA,TUPAC AMARU
220807,SAN MARTIN,RIOJA,SAN FERNANDO,LETICIA
220105,SAN MARTIN,MOYOBAMBA,SORITOR,CALORA
250103,UCAYALI,CORONEL PORTILLO,IPARIA,SANTA ROSA DE RUNUYA
050507,AYACUCHO,LA MAR,SANTA ROSA,CAMAVENIA
250104,UCAYALI,CORONEL PORTILLO,MASISEA,3 DE MAYO
010205,AMAZONAS,BAGUA,IMAZA,UCHI NAYUM
200202,PIURA,AYABACA,FRIAS,CHUPICARUME
250103,UCAYALI,CORONEL PORTILLO,IPARIA,23 DE SETIEMBRE
250103,UCAYALI,CORONEL PORTILLO,IPARIA,LA SELVA
120609,JUNIN,SATIPO,VIZCATAN DEL ENE,ALTO AMAZONAS
210309,PUNO,CARABAYA,SAN GABAN,SELVA VERDE
131102,LA LIBERTAD,GRAN CHIMU,LUCMA,SIMBRON
120601,JUNIN,SATIPO,SATIPO,BELEN
160103,LORETO,MAYNAS,FERNANDO LORES,FATIMA
190306,PASCO,OXAPAMPA,PUERTO BERMUDEZ,SARDIS
080914,CUSCO,LA CONVENCION,MEGANTONI,KUWAIT
080914,CUSCO,LA CONVENCION,MEGANTONI,NUEVA VIDA
250203,UCAYALI,ATALAYA,TAHUANIA,SEÑOR DE LOS MILAGROS
250203,UCAYALI,ATALAYA,TAHUANIA,SANTA ROSA
160108,LORETO,MAYNAS,PUNCHANA,FLOR DE AGOSTO
050513,AYACUCHO,LA MAR,RIO MAGDALENA,NUEVA JERUSALEN
220105,SAN MARTIN,MOYOBAMBA,SORITOR,LAS BRISAS
160113,LORETO,MAYNAS,SAN JUAN BAUTISTA,KM.01 CARRETERA IQUITOS-NAUTA
100702,HUANUCO,MARAÏ¿½ON,CHOLON,SACHACUY
160703,LORETO,DATEM DEL MARAÏ¿½ON,MANSERICHE,GASOLINA
160703,LORETO,DATEM DEL MARAÏ¿½ON,MANSERICHE,CHOTE
080914,CUSCO,LA CONVENCION,MEGANTONI,POROTOBANGO
100607,HUANUCO,LEONCIO PRADO,PUCAYACU,LOS JASMINES
240203,TUMBES,CONTRALMIRANTE VILLAR,CANOAS DE PUNTA SAL,PUNTA SAL
100902,HUANUCO,PUERTO INCA,CODO DEL POZUZO,PUERTO ENCANTO
160802,LORETO,PUTUMAYO,ROSA PANDURO,NUEVO SAN JUAN
160113,LORETO,MAYNAS,SAN JUAN BAUTISTA,SAN VALENTIN
250202,UCAYALI,ATALAYA,SEPAHUA,PORVENIR BOCA CUMARILLO
160705,LORETO,DATEM DEL MARAÏ¿½ON,PASTAZA,LIMON COCHA
160401,LORETO,MARISCAL RAMON CASTILLA,RAMON CASTILLA,GALILEA
120303,JUNIN,CHANCHAMAYO,PICHANAQUI,SAN PABLO SHIMASHIRO
130905,LA LIBERTAD,SANCHEZ CARRION,MARCABAL,SHALCAPATA
210309,PUNO,CARABAYA,SAN GABAN,BOCA SAN GABAN
021805,ANCASH,SANTA,MORO,MORO
190308,PASCO,OXAPAMPA,CONSTITUCION,YARINA
190308,PASCO,OXAPAMPA,CONSTITUCION,ORELLANA
050206,AYACUCHO,CANGALLO,TOTOS,CHUYMAY (PUEBLO NUEVO)
160403,LORETO,MARISCAL RAMON CASTILLA,YAVARI,3 DE NOVIEMBRE
220911,SAN MARTIN,SAN MARTIN,PAPAPLAYA,SAN MANUEL DE NASHATAURI
050206,AYACUCHO,CANGALLO,TOTOS,QUIÑASI
250202,UCAYALI,ATALAYA,SEPAHUA,VALLE DEL ENCANTO
100604,HUANUCO,LEONCIO PRADO,JOSE CRESPO Y CASTILLO,SUCRE
060802,CAJAMARCA,JAEN,BELLAVISTA,GRAMALOTAL DE CHINGAMA
190308,PASCO,OXAPAMPA,CONSTITUCION,MOSQUITO PLAYA
080914,CUSCO,LA CONVENCION,MEGANTONI,SEGAKIATO
120303,JUNIN,CHANCHAMAYO,PICHANAQUI,LA FLORIDA (PARADERO HUANCAYO)
050509,AYACUCHO,LA MAR,SAMUGARI,SAN CRISTOBAL
160108,LORETO,MAYNAS,PUNCHANA,PROGRESO I ZONA
010520,AMAZONAS,LUYA,SANTA CATALINA,SAN JUAN DE PROVIDENCIA
170102,MADRE DE DIOS,TAMBOPATA,INAMBARI,MALINOSQUI
190308,PASCO,OXAPAMPA,CONSTITUCION,MIRAFLORES
160705,LORETO,DATEM DEL MARAÏ¿½ON,PASTAZA,CHIMARA
220101,SAN MARTIN,MOYOBAMBA,MOYOBAMBA,SHAMA
160703,LORETO,DATEM DEL MARAÏ¿½ON,MANSERICHE,LIMON
250201,UCAYALI,ATALAYA,RAIMONDI,SHEYAMASHYA
021805,ANCASH,SANTA,MORO,HUAMBACHO
010202,AMAZONAS,BAGUA,ARAMANGO,EL TAYO
100607,HUANUCO,LEONCIO PRADO,PUCAYACU,CONSUELO
210309,PUNO,CARABAYA,SAN GABAN,SALIMAYO
250101,UCAYALI,CORONEL PORTILLO,CALLERIA,NUEVO JERUSALEN
100607,HUANUCO,LEONCIO PRADO,PUCAYACU,NUEVA ESPERANZA
050512,AYACUCHO,LA MAR,UNION PROGRESO,PATERINE
120608,JUNIN,SATIPO,RIO TAMBO,NUEVO AMANECER HUAWAI
200105,PIURA,PIURA,CATACAOS,MOCARA
160107,LORETO,MAYNAS,NAPO,BANDEJA ISLA
220702,SAN MARTIN,PICOTA,BUENOS AIRES,NUEVO PIURA
160802,LORETO,PUTUMAYO,ROSA PANDURO,ERE
160305,LORETO,LORETO,URARINAS,CAYMITUYO (CHAMBIRA)
120301,JUNIN,CHANCHAMAYO,CHANCHAMAYO,BAJO QUIMIRI
200210,PIURA,AYABACA,SUYO,PICO DE LORO
250401,UCAYALI,PURUS,PURUS,GASTABALA
100702,HUANUCO,MARAÏ¿½ON,CHOLON,GAVILAN
100602,HUANUCO,LEONCIO PRADO,DANIEL ALOMIA ROBLES,TRAMPOLIN
131101,LA LIBERTAD,GRAN CHIMU,CASCAS,COJITAMBO
150806,LIMA,HUAURA,HUAURA,HUAURA - BALCONCILLO
150508,LIMA,CAÏ¿½ETE,LUNAHUANA,PAULLO
250105,UCAYALI,CORONEL PORTILLO,YARINACOCHA,SEÑOR DE LOS MILAGROS
220203,SAN MARTIN,BELLAVISTA,BAJO BIAVO,LAS PALMAS
050405,AYACUCHO,HUANTA,LURICOCHA,AZANGARO
160113,LORETO,MAYNAS,SAN JUAN BAUTISTA,KM.19 CARETERA IQUITOS NAUTA
080909,CUSCO,LA CONVENCION,VILCABAMBA,ESPIRITUPAMPA
220906,SAN MARTIN,SAN MARTIN,EL PORVENIR,SELVA ALEGRE
190308,PASCO,OXAPAMPA,CONSTITUCION,PUERTO PORVENIR
120606,JUNIN,SATIPO,PANGOA,VISTA ALEGRE
050409,AYACUCHO,HUANTA,CANAYRE,NUEVA MARAVILLA
080910,CUSCO,LA CONVENCION,PICHARI,MONKIRINSHI
200108,PIURA,PIURA,EL TALLAN,NUEVO PIEDRAL
220503,SAN MARTIN,LAMAS,BARRANQUITA,LOS ANGELES
080914,CUSCO,LA CONVENCION,MEGANTONI,TICUMPINIA CHOCORIARI
220602,SAN MARTIN,MARISCAL CACERES,CAMPANILLA,HUACAMAYO
220913,SAN MARTIN,SAN MARTIN,SAUCE,SANTA ROSA DE HUAYALI
100602,HUANUCO,LEONCIO PRADO,DANIEL ALOMIA ROBLES,ALTO PEREGRINO
120608,JUNIN,SATIPO,RIO TAMBO,PAVENI
120608,JUNIN,SATIPO,RIO TAMBO,SANTARONSHIATO
160403,LORETO,MARISCAL RAMON CASTILLA,YAVARI,1  DE SAN MATEO
250201,UCAYALI,ATALAYA,RAIMONDI,PRIMAVERA
211207,PUNO,SANDIA,SAN JUAN DEL ORO,SANTA ROSA
211210,PUNO,SANDIA,SAN PEDRO DE PUTINA PUNCO,PALMERANI
211210,PUNO,SANDIA,SAN PEDRO DE PUTINA PUNCO,VICTORIA
190308,PASCO,OXAPAMPA,CONSTITUCION,SAN FRANCISCO
140312,LAMBAYEQUE,LAMBAYEQUE,TUCUME,TRAPICHE
160301,LORETO,LORETO,NAUTA,NUEVA UNION
131101,LA LIBERTAD,GRAN CHIMU,CASCAS,EL ESPEJO
160705,LORETO,DATEM DEL MARAÏ¿½ON,PASTAZA,SANCHIC
220913,SAN MARTIN,SAN MARTIN,SAUCE,EL LAUREL
160104,LORETO,MAYNAS,INDIANA,SAN PEDRO DE FALCON
190305,PASCO,OXAPAMPA,POZUZO,NUEVO MIRAFLORES
080914,CUSCO,LA CONVENCION,MEGANTONI,SELVA VERDE
130110,LA LIBERTAD,TRUJILLO,SIMBAL,ÑARI
200604,PIURA,SULLANA,LANCONES,ALTO EL TORO
160201,LORETO,ALTO AMAZONAS,YURIMAGUAS,JOSE A QUIÑONEZ
080914,CUSCO,LA CONVENCION,MEGANTONI,SERINGABENI
160801,LORETO,PUTUMAYO,PUTUMAYO,PUERTO ALEGRE
210309,PUNO,CARABAYA,SAN GABAN,TANTAMAYO
220203,SAN MARTIN,BELLAVISTA,BAJO BIAVO,PLATAFORMA
220203,SAN MARTIN,BELLAVISTA,BAJO BIAVO,FLOR DE SELVA
220203,SAN MARTIN,BELLAVISTA,BAJO BIAVO,EL TRIUNFO
100604,HUANUCO,LEONCIO PRADO,JOSE CRESPO Y CASTILLO,ALTO UNION
190306,PASCO,OXAPAMPA,PUERTO BERMUDEZ,AGUACHINI
100609,HUANUCO,LEONCIO PRADO,PUEBLO NUEVO,PUENTE PENDENCIA
160201,LORETO,ALTO AMAZONAS,YURIMAGUAS,CENTRO CHAMBIRA
221001,SAN MARTIN,TOCACHE,TOCACHE,PEDRO RONDOI
100609,HUANUCO,LEONCIO PRADO,PUEBLO NUEVO,SAIPAI
060810,CAJAMARCA,JAEN,SAN FELIPE,SAN FELIPE
060410,CAJAMARCA,CHOTA,LAJAS,LAS ANIMAS
250107,UCAYALI,CORONEL PORTILLO,MANANTAY,TUPAC AMARU
200801,PIURA,SECHURA,SECHURA,PAMPA DEL LORO
200409,PIURA,MORROPON,SANTO DOMINGO,YUMBE
120609,JUNIN,SATIPO,VIZCATAN DEL ENE,ALTO MANTARO
120609,JUNIN,SATIPO,VIZCATAN DEL ENE,SAN MIGUEL DEL ENE
120606,JUNIN,SATIPO,PANGOA,TZOMAVENI
010403,AMAZONAS,CONDORCANQUI,RIO SANTIAGO,BARADERO
221002,SAN MARTIN,TOCACHE,NUEVO PROGRESO,CIRUELO
080917,CUSCO,LA CONVENCION,MANITEA,C.P. UNION VISTA ALEGRE
220101,SAN MARTIN,MOYOBAMBA,MOYOBAMBA,PRIMAVERA
120607,JUNIN,SATIPO,RIO NEGRO,LOS ANGELES DE ALTO IPOKI
200304,PIURA,HUANCABAMBA,HUARMACA,COYONAYUC
190308,PASCO,OXAPAMPA,CONSTITUCION,PUERTO LIBRE
220105,SAN MARTIN,MOYOBAMBA,SORITOR,JORGE CHAVEZ
010704,AMAZONAS,UTCUBAMBA,EL MILAGRO,AVIACION
120601,JUNIN,SATIPO,SATIPO,COMUNIDAD SANDOVENI
010205,AMAZONAS,BAGUA,IMAZA,NUJAGKIM
211210,PUNO,SANDIA,SAN PEDRO DE PUTINA PUNCO,SAN BENIGNO
100604,HUANUCO,LEONCIO PRADO,JOSE CRESPO Y CASTILLO,PUERTO ALEGRE DE MOHEMA
080914,CUSCO,LA CONVENCION,MEGANTONI,IROMANI
100111,HUANUCO,HUANUCO,PILLCO MARCA,HUANCACHUPACHO
220501,SAN MARTIN,LAMAS,LAMAS,LAS FLORES DEL RIO MAYO
101107,HUANUCO,YAROWILCA,PAMPAMARCA,PAMPAMARCA
100609,HUANUCO,LEONCIO PRADO,PUEBLO NUEVO,SANTA MARTHA
190308,PASCO,OXAPAMPA,CONSTITUCION,PUERTO DAVIS
160803,LORETO,PUTUMAYO,TENIENTE MANUEL CLAVERO,URCO MIRANO
100607,HUANUCO,LEONCIO PRADO,PUCAYACU,7 DE OCTUBRE
250202,UCAYALI,ATALAYA,SEPAHUA,LOS ANGELES
160206,LORETO,ALTO AMAZONAS,LAGUNAS,SANTA ISABEL
220203,SAN MARTIN,BELLAVISTA,BAJO BIAVO,BELLO HORIZONTE
160105,LORETO,MAYNAS,LAS AMAZONAS,CAMALEON ISLA
160801,LORETO,PUTUMAYO,PUTUMAYO,NUEVO PERU
160705,LORETO,DATEM DEL MARAÏ¿½ON,PASTAZA,PUERTO SUNGACHI
250301,UCAYALI,PADRE ABAD,PADRE ABAD,NUEVA AMANECER
120608,JUNIN,SATIPO,RIO TAMBO,GARZA COCHA
131201,LA LIBERTAD,VIRU,VIRU,TOMABAL
160106,LORETO,MAYNAS,MAZAN,NUEVO IQUITOS
050509,AYACUCHO,LA MAR,SAMUGARI,PIRIATO SORZA
170102,MADRE DE DIOS,TAMBOPATA,INAMBARI,UNION PROGRESO
160202,LORETO,ALTO AMAZONAS,BALSAPUERTO,PUERTO INCA
250201,UCAYALI,ATALAYA,RAIMONDI,GALILEA
160604,LORETO,UCAYALI,PAMPA HERMOSA,NUEVO UCAYALI
220202,SAN MARTIN,BELLAVISTA,ALTO BIAVO,SHITARI
160801,LORETO,PUTUMAYO,PUTUMAYO,PUERTO ELVIRA
160704,LORETO,DATEM DEL MARAÏ¿½ON,MORONA,NUEVA ALEGRIA
120604,JUNIN,SATIPO,MAZAMARI,BAJO CAPIRUSHARI
190308,PASCO,OXAPAMPA,CONSTITUCION,SAN LUIS
080914,CUSCO,LA CONVENCION,MEGANTONI,SENSA
190305,PASCO,OXAPAMPA,POZUZO,TINGO MAL PASO
120302,JUNIN,CHANCHAMAYO,PERENE,CAHUIDE
250103,UCAYALI,CORONEL PORTILLO,IPARIA,NUEVA ISLANDIA
250103,UCAYALI,CORONEL PORTILLO,IPARIA,SAN LUIS DE CONTAMANILLO
250103,UCAYALI,CORONEL PORTILLO,IPARIA,26 DE NOVIEMBRE
220502,SAN MARTIN,LAMAS,ALONSO DE ALVARADO,LAGUNA DEL REY
160305,LORETO,LORETO,URARINAS,NUEVA SANTA ROSA
220203,SAN MARTIN,BELLAVISTA,BAJO BIAVO,SELVA ANDINA
221006,SAN MARTIN,TOCACHE,SANTA LUCIA,SANTA LUCIA
050408,AYACUCHO,HUANTA,LLOCHEGUA,VIRGEN CCASA
190308,PASCO,OXAPAMPA,CONSTITUCION,NUEVA ESPERANZA
160104,LORETO,MAYNAS,INDIANA,MONTE CARMELO
110305,ICA,NAZCA,VISTA ALEGRE,POROMA
060607,CAJAMARCA,CUTERVO,QUEROCOTILLO,CELIN
220509,SAN MARTIN,LAMAS,SHANAO,MORILLO
050621,AYACUCHO,LUCANAS,SANTA LUCIA,HUANCA
160110,LORETO,MAYNAS,TORRES CAUSANA,LORO YAKU
040301,AREQUIPA,CARAVELI,CARAVELI,ALTO DEL  MOLINO
160201,LORETO,ALTO AMAZONAS,YURIMAGUAS,NUEVO PARAISO
010109,AMAZONAS,CHACHAPOYAS,LA JALCA,UBILON
220804,SAN MARTIN,RIOJA,NUEVA CAJAMARCA,LIBERTAD DE PACUYACU (PACUYACU)
250105,UCAYALI,CORONEL PORTILLO,YARINACOCHA,PANAILLO
221005,SAN MARTIN,TOCACHE,UCHIZA,CACHIYACU
010202,AMAZONAS,BAGUA,ARAMANGO,NARANJOS
220809,SAN MARTIN,RIOJA,YURACYACU,SINAMAL
080914,CUSCO,LA CONVENCION,MEGANTONI,NUEVA LUZ
100704,HUANUCO,MARAÏ¿½ON,LA MORADA,ZONA E EL TRIUNFO
060804,CAJAMARCA,JAEN,COLASAY,LA PODEROSA
190308,PASCO,OXAPAMPA,CONSTITUCION,SANANTIARI
010205,AMAZONAS,BAGUA,IMAZA,BICHANTS
160705,LORETO,DATEM DEL MARAÏ¿½ON,PASTAZA,SAN JOSE
101106,HUANUCO,YAROWILCA,OBAS,HUANPARIN
101106,HUANUCO,YAROWILCA,OBAS,OBAS
220602,SAN MARTIN,MARISCAL CACERES,CAMPANILLA,PLAYA HERMOZA
210309,PUNO,CARABAYA,SAN GABAN,SANGARI
160605,LORETO,UCAYALI,SARAYACU,PUERTO IRENE
220602,SAN MARTIN,MARISCAL CACERES,CAMPANILLA,PUEBLO LIBRE
160301,LORETO,LORETO,NAUTA,LAGUNILLAS
080910,CUSCO,LA CONVENCION,PICHARI,LIBERTAD
220203,SAN MARTIN,BELLAVISTA,BAJO BIAVO,PRIMAVERA
160402,LORETO,MARISCAL RAMON CASTILLA,PEBAS,SANTA ROSA DE PICHANA
160206,LORETO,ALTO AMAZONAS,LAGUNAS,PAUCARYACU
160704,LORETO,DATEM DEL MARAÏ¿½ON,MORONA,SANTA ROSA
060903,CAJAMARCA,SAN IGNACIO,HUARANGO,VALENCIA
160302,LORETO,LORETO,PARINARI,NUEVO SAN JUAN
160305,LORETO,LORETO,URARINAS,BUENOS AIRES
100905,HUANUCO,PUERTO INCA,YUYAPICHIS,HUACAMAYO
160301,LORETO,LORETO,NAUTA,EL CERRO
250106,UCAYALI,CORONEL PORTILLO,NUEVA REQUENA,SHAMBO PORVENIR
220502,SAN MARTIN,LAMAS,ALONSO DE ALVARADO,LAUREL
220105,SAN MARTIN,MOYOBAMBA,SORITOR,EL LIBANO
100103,HUANUCO,HUANUCO,CHINCHAO,PUQUIO CHIHUANGALA
160703,LORETO,DATEM DEL MARAÏ¿½ON,MANSERICHE,NACACUY
160601,LORETO,UCAYALI,CONTAMANA,VILLA CONTAMANA
250303,UCAYALI,PADRE ABAD,CURIMANA,PEDREGAL
220805,SAN MARTIN,RIOJA,PARDO MIGUEL,TIWINZA
210309,PUNO,CARABAYA,SAN GABAN,SECTOR NO JONUNTA
221001,SAN MARTIN,TOCACHE,TOCACHE,MARIPOSA
010203,AMAZONAS,BAGUA,COPALLIN,LA CRUZ
110301,ICA,NAZCA,NAZCA,ORCONA
081209,CUSCO,QUISPICANCHI,MARCAPATA,SAYAPATA
221005,SAN MARTIN,TOCACHE,UCHIZA,PAMPA HERMOSA
100902,HUANUCO,PUERTO INCA,CODO DEL POZUZO,LA FLORIDA
160505,LORETO,REQUENA,MAQUIA,PUERTO CLAVERO
250104,UCAYALI,CORONEL PORTILLO,MASISEA,SAN JORGE DE INUMAPUYA
080910,CUSCO,LA CONVENCION,PICHARI,MIRADOR DEL VALLE
220401,SAN MARTIN,HUALLAGA,SAPOSOA,PULGA
250101,UCAYALI,CORONEL PORTILLO,CALLERIA,SAN MARTIN RIO ABUJAO
160403,LORETO,MARISCAL RAMON CASTILLA,YAVARI,YAHUMA CALLARU (2 DE MAYO)
160210,LORETO,ALTO AMAZONAS,SANTA CRUZ,NARANJAL
240303,TUMBES,ZARUMILLA,MATAPALO,ALGARROBAL
221001,SAN MARTIN,TOCACHE,TOCACHE,SAN FRANCISCO
200306,PIURA,HUANCABAMBA,SAN MIGUEL DE EL FAIQUE,QUITAHUAJARA
250105,UCAYALI,CORONEL PORTILLO,YARINACOCHA,JOSE OLAYA
010403,AMAZONAS,CONDORCANQUI,RIO SANTIAGO,YUMINAS
220105,SAN MARTIN,MOYOBAMBA,SORITOR,NUEVO CHONTALI
220502,SAN MARTIN,LAMAS,ALONSO DE ALVARADO,TRES REYES ALTO
170103,MADRE DE DIOS,TAMBOPATA,LAS PIEDRAS,FILADELFIA
250203,UCAYALI,ATALAYA,TAHUANIA,PUERTO ALEGRE
010401,AMAZONAS,CONDORCANQUI,NIEVA,TSEKUNTS
010401,AMAZONAS,CONDORCANQUI,NIEVA,NUEVA VISTA - TUTINO
160701,LORETO,DATEM DEL MARAÏ¿½ON,BARRANCA,NUEVO PROGRESO
200301,PIURA,HUANCABAMBA,HUANCABAMBA,CABEZA
080408,CUSCO,CALCA,YANATILE,PASTO GRANDE
160401,LORETO,MARISCAL RAMON CASTILLA,RAMON CASTILLA,BARRANQUILLA
120302,JUNIN,CHANCHAMAYO,PERENE,PAMPA WHALEY
220605,SAN MARTIN,MARISCAL CACERES,PAJARILLO,PLAYA HERMOSA
211210,PUNO,SANDIA,SAN PEDRO DE PUTINA PUNCO,TUNQUIPATA DESAGUADERO
211207,PUNO,SANDIA,SAN JUAN DEL ORO,NOGALANI
070104,CALLAO,CALLAO,LA PERLA,LA PERLA
110102,ICA,ICA,LA TINGUIÏ¿½A,LA VELA
130101,LA LIBERTAD,TRUJILLO,TRUJILLO,LAS QUINTANAS
130402,LA LIBERTAD,CHEPEN,PACANGA,SAN JOSE DE MORO
130206,LA LIBERTAD,ASCOPE,RAZURI,MACABI ALTO
130101,LA LIBERTAD,TRUJILLO,TRUJILLO,SAN LUIS
130101,LA LIBERTAD,TRUJILLO,TRUJILLO,SANTA TERESA DE AVILA
130101,LA LIBERTAD,TRUJILLO,TRUJILLO,SANTO DOMINGUITO
130401,LA LIBERTAD,CHEPEN,CHEPEN,SANTA CECILIA
130205,LA LIBERTAD,ASCOPE,PAIJAN,MACABI ALTO
130701,LA LIBERTAD,PACASMAYO,SAN PEDRO DE LLOC,MAZANCA
130701,LA LIBERTAD,PACASMAYO,SAN PEDRO DE LLOC,AA.HH.LAS MARAVILLAS
130101,LA LIBERTAD,TRUJILLO,TRUJILLO,VISTA ALEGRE
130102,LA LIBERTAD,TRUJILLO,EL PORVENIR,SEMI RUSTICA MAMPUESTO
130107,LA LIBERTAD,TRUJILLO,MOCHE,ALTO MOCHE
130701,LA LIBERTAD,PACASMAYO,SAN PEDRO DE LLOC,AA.HH.  LOS SAUCES
130107,LA LIBERTAD,TRUJILLO,MOCHE,LAS DELICIAS
130107,LA LIBERTAD,TRUJILLO,MOCHE,MOCHE PUEBLO
130401,LA LIBERTAD,CHEPEN,CHEPEN,MORANA
130403,LA LIBERTAD,CHEPEN,PUEBLO NUEVO,NUEVA ESPERANZA
130402,LA LIBERTAD,CHEPEN,PACANGA,SANTA MARIA
130705,LA LIBERTAD,PACASMAYO,SAN JOSE,SAN MARTIN DE PORRES
140105,LAMBAYEQUE,CHICLAYO,JOSE LEONARDO ORTIZ,JOSE LEONARDO ORTIZ (SANN
140312,LAMBAYEQUE,LAMBAYEQUE,TUCUME,GRANJA SASAPE (GRANJA MIL
140115,LAMBAYEQUE,CHICLAYO,SAÏ¿½A,SAÏ¿½A
250101,UCAYALI,CORONEL PORTILLO,CALLERIA,7 DE JUNIO
150501,LIMA,CAÏ¿½ETE,SAN VICENTE DE CAÏ¿½ETE,LA ESMERALDA (ESMERALDA)
150122,LIMA,LIMA,MIRAFLORES,MIRAFLORES
150507,LIMA,CAÏ¿½ETE,IMPERIAL,SAN ISIDRO
150501,LIMA,CAÏ¿½ETE,SAN VICENTE DE CAÏ¿½ETE,PAMPA CASTILLA
150806,LIMA,HUAURA,HUAURA,HUAURA   J.C.MARIATEGUI
150810,LIMA,HUAURA,SANTA MARIA,CHONTA   SECTOR VI
150812,LIMA,HUAURA,VEGUETA,J.C.M.   AMIRALLA
150810,LIMA,HUAURA,SANTA MARIA,A.VELASQUEZ   EL SOLITARI
150810,LIMA,HUAURA,SANTA MARIA,STA.MARIA   EL MILAGRO
150801,LIMA,HUAURA,HUACHO,SECTOR VI
150205,LIMA,BARRANCA,SUPE PUERTO,LA PALMA
150810,LIMA,HUAURA,SANTA MARIA,SAN BARTOLOME   VALDIVIA
150811,LIMA,HUAURA,SAYAN,SAYAN   CASA VIEJA
150603,LIMA,HUARAL,ATAVILLOS BAJO,SAN AGUSTIN
150805,LIMA,HUAURA,HUALMAY,C.ALEGRE   EL ANGEL
150801,LIMA,HUAURA,HUACHO,MANZANARES I
150603,LIMA,HUARAL,ATAVILLOS BAJO,SAN AGUSTIN DE HUAYOPAMPA
150810,LIMA,HUAURA,SANTA MARIA,CHONTA   SECTOR III
150810,LIMA,HUAURA,SANTA MARIA,ZAPATA   SECTOR II
150805,LIMA,HUAURA,HUALMAY,HUALMAY   EL PORVENIR
150801,LIMA,HUAURA,HUACHO,SECTOR II
150501,LIMA,CAÏ¿½ETE,SAN VICENTE DE CAÏ¿½ETE,BOCA DEL RIO
150805,LIMA,HUAURA,HUALMAY,HUALMAY   LAS PALMAS
150510,LIMA,CAÏ¿½ETE,NUEVO IMPERIAL,CARMEN ALTO
150811,LIMA,HUAURA,SAYAN,9 DE OCTUBRE
150611,LIMA,HUARAL,SUMBILCA,CUCAPUNCO
150203,LIMA,BARRANCA,PATIVILCA,PROVIDENCIA
150810,LIMA,HUAURA,SANTA MARIA,SAN BARTOLOME   I ETAPA
150204,LIMA,BARRANCA,SUPE,LA CAMPIÏ¿½A DE SUPE (PEDRE
150810,LIMA,HUAURA,SANTA MARIA,CHONTA   SECTOR II
150810,LIMA,HUAURA,SANTA MARIA,ZAPATA   SECTOR I
150605,LIMA,HUARAL,CHANCAY,CERRO LA CULEBRA
150801,LIMA,HUAURA,HUACHO,SECTOR V
150805,LIMA,HUAURA,HUALMAY,DOMINGO MANDAMIENTO
150812,LIMA,HUAURA,VEGUETA,MAZO   GUADALUPE
150605,LIMA,HUARAL,CHANCAY,AA.HH. LOS ALAMOS
150604,LIMA,HUARAL,AUCALLAMA,MATUCANA
080603,CUSCO,CANCHIS,COMBAPATA,COMBAPATA
080601,CUSCO,CANCHIS,SICUANI,SICUANI
090103,HUANCAVELICA,HUANCAVELICA,ACORIA,AÑANCUSI
090118,HUANCAVELICA,HUANCAVELICA,ASCENSION,ASCENCION
090202,HUANCAVELICA,ACOBAMBA,ANDABAMBA,MAYUNMARCA
110110,ICA,ICA,SAN JUAN BAUTISTA,SAN JUAN BAUTISTA
110203,ICA,CHINCHA,CHAVIN,CHAVIN
090410,HUANCAVELICA,CASTROVIRREYNA,SAN JUAN,SAN JUAN
130106,LA LIBERTAD,TRUJILLO,LAREDO,SANTA ROSA ALTA
130402,LA LIBERTAD,CHEPEN,PACANGA,QUITO
130906,LA LIBERTAD,SANCHEZ CARRION,SANAGORAN,CASAÑA
130501,LA LIBERTAD,JULCAN,JULCAN,CANDUALL ALTO
130601,LA LIBERTAD,OTUZCO,OTUZCO,LA LIBERTAD
130403,LA LIBERTAD,CHEPEN,PUEBLO NUEVO,ALTO SAN ILDEFONSO
130601,LA LIBERTAD,OTUZCO,OTUZCO,PUSUNCHAS
130502,LA LIBERTAD,JULCAN,CALAMARCA,VILLA VERDE
130501,LA LIBERTAD,JULCAN,JULCAN,SANTA CRUZ
140112,LAMBAYEQUE,CHICLAYO,PIMENTEL,FERMIN AVILA MORON
200404,PIURA,MORROPON,LA MATANZA,HUALTACO
200401,PIURA,MORROPON,CHULUCANAS,AV. DEL RIO
150601,LIMA,HUARAL,HUARAL,HUAYAN
150204,LIMA,BARRANCA,SUPE,ANTA
151011,LIMA,YAUYOS,COLONIA,PISACHA
150201,LIMA,BARRANCA,BARRANCA,AMAUTA
151006,LIMA,YAUYOS,CACRA,CACRA
151019,LIMA,YAUYOS,LINCHA,TANA
150204,LIMA,BARRANCA,SUPE,SANTA ROSA
150304,LIMA,CAJATAMBO,HUANCAPON,HUANCAPON
151008,LIMA,YAUYOS,CATAHUASI,MONTE NEGRO (MONTE)
150605,LIMA,HUARAL,CHANCAY,EL HATILLO
151009,LIMA,YAUYOS,CHOCOS,CHOCOS
150404,LIMA,CANTA,HUAROS,HUAROS
151003,LIMA,YAUYOS,ALLAUCA,AYAUCA
150407,LIMA,CANTA,SANTA ROSA DE QUIVES,APAN
150508,LIMA,CAÏ¿½ETE,LUNAHUANA,SOCSI
150601,LIMA,HUARAL,HUARAL,CABUYAL
150511,LIMA,CAÏ¿½ETE,PACARAN,PUENTE
150405,LIMA,CANTA,LACHAQUI,LACHAQUI
020505,ANCASH,BOLOGNESI,CAJACAY,CAJACAY
151025,LIMA,YAUYOS,QUINOCAY,SAN JUAN DE VISCAS
150401,LIMA,CANTA,CANTA,CANCAY
150406,LIMA,CANTA,SAN BUENAVENTURA,NUEVO SAN JOSE
151004,LIMA,YAUYOS,AYAVIRI,AYAVIRI
150601,LIMA,HUARAL,HUARAL,ESPERANZA ALTA
150810,LIMA,HUAURA,SANTA MARIA,SAN BARTOLOME - II ETAPA
150810,LIMA,HUAURA,SANTA MARIA,STA.MARIA - LURIAMA
150810,LIMA,HUAURA,SANTA MARIA,SAN BARTOLOME - I ETAPA
150810,LIMA,HUAURA,SANTA MARIA,STA.MARIA - PAM.ANIMAS BA
150802,LIMA,HUAURA,AMBAR,AMBAR - HUACAN
150811,LIMA,HUAURA,SAYAN,SAYAN - 17 DE ENERO
150810,LIMA,HUAURA,SANTA MARIA,CHONTA - SECTOR I
150807,LIMA,HUAURA,LEONCIO PRADO,ACOTAMA - PICHUPAMPA
150801,LIMA,HUAURA,HUACHO,MANCHURRIA
150905,LIMA,OYON,NAVAN,CONCHAO
150810,LIMA,HUAURA,SANTA MARIA,ZAPATA - SECTOR I
150812,LIMA,HUAURA,VEGUETA,MAZO - SAN LUIS
150810,LIMA,HUAURA,SANTA MARIA,STA.MARIA - SAN LORENZO
150810,LIMA,HUAURA,SANTA MARIA,A.VELASQUEZ - EL PARAISO
150810,LIMA,HUAURA,SANTA MARIA,CHONTA - SECTOR VI
150806,LIMA,HUAURA,HUAURA,HUAURA - URB.SAN MARTIN
150806,LIMA,HUAURA,HUAURA,HUAURA - ALCANTARILLA
150803,LIMA,HUAURA,CALETA DE CARQUIN,CARQUIN ALTO
150806,LIMA,HUAURA,HUAURA,HUAURA - J.C.MARIATEGUI
150801,LIMA,HUAURA,HUACHO,MANZANARES IV
150805,LIMA,HUAURA,HUALMAY,HUALMAY - SANTA ROSA
150812,LIMA,HUAURA,VEGUETA,M.MUNDO - LA QUERENCIA
081202,CUSCO,QUISPICANCHI,ANDAHUAYLILLAS,ANDAHUAYLILLAS
030606,APURIMAC,CHINCHEROS,ONGOY,ONGOY
081001,CUSCO,PARURO,PARURO,PARURO
090119,HUANCAVELICA,HUANCAVELICA,HUANDO,CACHI ALTO
090705,HUANCAVELICA,TAYACAJA,COLCABAMBA,POCCYAC
090705,HUANCAVELICA,TAYACAJA,COLCABAMBA,HUANTACCERO
100109,HUANUCO,HUANUCO,SANTA MARIA DEL VALLE,CASHA
080201,CUSCO,ACOMAYO,ACOMAYO,ACOMAYO
120501,JUNIN,JUNIN,JUNIN,ALCACOCHA
120114,JUNIN,HUANCAYO,EL TAMBO,CHUCRUZ
120213,JUNIN,CONCEPCION,ORCOTUNA,HUAYCHA
130601,LA LIBERTAD,OTUZCO,OTUZCO,PACHIN BAJO
130102,LA LIBERTAD,TRUJILLO,EL PORVENIR,LA ESPERANZA
130705,LA LIBERTAD,PACASMAYO,SAN JOSE,CRUCE SAN MARTIN DE PORRES (EL CRUCE)
131201,LA LIBERTAD,VIRU,VIRU,SANTA ELENA
130402,LA LIBERTAD,CHEPEN,PACANGA,CERRO COLORADO
130111,LA LIBERTAD,TRUJILLO,VICTOR LARCO HERRERA,BOCANA SUR
130601,LA LIBERTAD,OTUZCO,OTUZCO,PICHAMPAMPA
130107,LA LIBERTAD,TRUJILLO,MOCHE,SAN JUAN
130106,LA LIBERTAD,TRUJILLO,LAREDO,BELLO HORIZONTE
131201,LA LIBERTAD,VIRU,VIRU,SUSANGA
061301,CAJAMARCA,SANTA CRUZ,SANTA CRUZ,NUEVA ESPERANZA
200404,PIURA,MORROPON,LA MATANZA,PAMPAS DE LOS SILVA
030107,APURIMAC,ABANCAY,PICHIRHUA,LUCUCHANGA
150407,LIMA,CANTA,SANTA ROSA DE QUIVES,COCAYALTA
150204,LIMA,BARRANCA,SUPE,CALETA VIDAL
150601,LIMA,HUARAL,HUARAL,HORNILLOS
150510,LIMA,CAÏ¿½ETE,NUEVO IMPERIAL,ALMENARES
150604,LIMA,HUARAL,AUCALLAMA,SAN JOSE
150201,LIMA,BARRANCA,BARRANCA,POTAO
150201,LIMA,BARRANCA,BARRANCA,CENICERO
151027,LIMA,YAUYOS,SAN PEDRO DE PILAS,SAN PEDRO DE PILAS
150701,LIMA,HUAROCHIRI,MATUCANA,MATUCANA
150507,LIMA,CAÏ¿½ETE,IMPERIAL,CERRO ALEGRE
150601,LIMA,HUARAL,HUARAL,LUMBRA
151022,LIMA,YAUYOS,OMAS,LAQUIS
150305,LIMA,CAJATAMBO,MANAS,PAMPLONA
150407,LIMA,CANTA,SANTA ROSA DE QUIVES,CHECTA
150401,LIMA,CANTA,CANTA,CARHUA
150407,LIMA,CANTA,SANTA ROSA DE QUIVES,HUARABI BAJO
151018,LIMA,YAUYOS,LARAOS,AHUICHO
151022,LIMA,YAUYOS,OMAS,ESQUINA DE OMAS
150713,LIMA,HUAROCHIRI,MARIATANA,MARIATANA
150810,LIMA,HUAURA,SANTA MARIA,A.VELASQUEZ - LOS CIPRESE
150806,LIMA,HUAURA,HUAURA,SOCORRO - RUQUIA
150805,LIMA,HUAURA,HUALMAY,D.MANDAM. - TAMBO BLANCO
150808,LIMA,HUAURA,PACCHO,PACCHO
150810,LIMA,HUAURA,SANTA MARIA,ZAPATA - SECTOR II
150805,LIMA,HUAURA,HUALMAY,HUALMAY - LAS PALMAS
150806,LIMA,HUAURA,HUAURA,HUAURA - INGENIO/VILLA
150805,LIMA,HUAURA,HUALMAY,HUALMAY - SAN ISIDRO
150516,LIMA,CAÏ¿½ETE,ZUÏ¿½IGA,ZUÏ¿½IGA
151019,LIMA,YAUYOS,LINCHA,LINCHA
021510,ANCASH,PALLASCA,SANTA ROSA,SANTA ROSA
081005,CUSCO,PARURO,HUANOQUITE,HUANOQUITE
090718,HUANCAVELICA,TAYACAJA,TINTAY PUNCU,PUERTO SAN ANTONIO
090705,HUANCAVELICA,TAYACAJA,COLCABAMBA,ANCAUPIÑAN
090717,HUANCAVELICA,TAYACAJA,SURCUBAMBA,CAIMO
090703,HUANCAVELICA,TAYACAJA,ACRAQUIA,ACRAQUIA
090703,HUANCAVELICA,TAYACAJA,ACRAQUIA,PAMURI
090703,HUANCAVELICA,TAYACAJA,ACRAQUIA,SANTA ROSA
090717,HUANCAVELICA,TAYACAJA,SURCUBAMBA,SURCUBAMBA
090705,HUANCAVELICA,TAYACAJA,COLCABAMBA,CARPAPATA
120304,JUNIN,CHANCHAMAYO,SAN LUIS DE SHUARO,LLAPAS BAJO (LLAPAS)
120503,JUNIN,JUNIN,ONDORES,ONDORES
130601,LA LIBERTAD,OTUZCO,OTUZCO,PACHIN ALTO
131002,LA LIBERTAD,SANTIAGO DE CHUCO,ANGASMARCA,MANZANADA
130705,LA LIBERTAD,PACASMAYO,SAN JOSE,CULTAMBO
130501,LA LIBERTAD,JULCAN,JULCAN,JULCAN
130601,LA LIBERTAD,OTUZCO,OTUZCO,POLLO
150601,LIMA,HUARAL,HUARAL,PUQUIO
150604,LIMA,HUARAL,AUCALLAMA,SANTO DOMINGO
150407,LIMA,CANTA,SANTA ROSA DE QUIVES,YASO
150406,LIMA,CANTA,SAN BUENAVENTURA,SAN MIGUEL
150404,LIMA,CANTA,HUAROS,CULLHUAY
150402,LIMA,CANTA,ARAHUAY,ARAHUAY
150407,LIMA,CANTA,SANTA ROSA DE QUIVES,HUANCHIPUQUIO
150610,LIMA,HUARAL,SANTA CRUZ DE ANDAMARCA,SANTA CRUZ DE ANDAMARCA
150611,LIMA,HUARAL,SUMBILCA,SUMBILCA
150801,LIMA,HUAURA,HUACHO,MANZANARES III
150801,LIMA,HUAURA,HUACHO,ATALAYA
150810,LIMA,HUAURA,SANTA MARIA,STA.MARIA - EL MILAGRO
150801,LIMA,HUAURA,HUACHO,MANZANARES II
150812,LIMA,HUAURA,VEGUETA,VEGUETA - PUERTO
150802,LIMA,HUAURA,AMBAR,AMBAR - LACUAN
150812,LIMA,HUAURA,VEGUETA,JOSE CARLOS MARIATEGUI
150807,LIMA,HUAURA,LEONCIO PRADO,PARAN
150514,LIMA,CAÏ¿½ETE,SAN LUIS,SANTA BARBARA
151013,LIMA,YAUYOS,HUAMPARA,HUAMPARA
150509,LIMA,CAÏ¿½ETE,MALA,BUJAMA ALTA
150201,LIMA,BARRANCA,BARRANCA,LAS HUERTAS
150203,LIMA,BARRANCA,PATIVILCA,PAMPAS SAN JOSE (SAN JOSE)
150701,LIMA,HUAROCHIRI,MATUCANA,COLLANA
150701,LIMA,HUAROCHIRI,MATUCANA,CACACHAQUI
081301,CUSCO,URUBAMBA,URUBAMBA,URUBAMBA
080104,CUSCO,CUSCO,SAN JERONIMO,SAN JERONIMO
080106,CUSCO,CUSCO,SANTIAGO,SANTIAGO
080401,CUSCO,CALCA,CALCA,CALCA
081208,CUSCO,QUISPICANCHI,LUCRE,HUACARPAY
081105,CUSCO,PAUCARTAMBO,HUANCARANI,HUANCARANI
090503,HUANCAVELICA,CHURCAMPA,CHINCHIHUASI,URPAY
090201,HUANCAVELICA,ACOBAMBA,ACOBAMBA,CCARABAMBA
090705,HUANCAVELICA,TAYACAJA,COLCABAMBA,HUALLHUAYPATA (HUALLUHUAY)
090702,HUANCAVELICA,TAYACAJA,ACOSTAMBO,ACOSTAMBO
090717,HUANCAVELICA,TAYACAJA,SURCUBAMBA,CHILLHUA
090710,HUANCAVELICA,TAYACAJA,Ï¿½AHUIMPUQUIO,IMPERIAL
090301,HUANCAVELICA,ANGARAES,LIRCAY,LIRCAY
090103,HUANCAVELICA,HUANCAVELICA,ACORIA,ACORIA
090704,HUANCAVELICA,TAYACAJA,AHUAYCHA,ICHMACCASA
090709,HUANCAVELICA,TAYACAJA,HUARIBAMBA,SAN CRISTOBAL DE ANTIPHUASIN (ANTIPAHUASIN)
100107,HUANUCO,HUANUCO,SAN FRANCISCO DE CAYRAN,SAN CRISTOBAL DE HUALLABAMBA
050613,AYACUCHO,LUCANAS,OTOCA,OTOCA
131005,LA LIBERTAD,SANTIAGO DE CHUCO,MOLLEPATA,LA YEGUADA
131002,LA LIBERTAD,SANTIAGO DE CHUCO,ANGASMARCA,TAMBO PAMPAMARCA (PAMPAMARCA)
130109,LA LIBERTAD,TRUJILLO,SALAVERRY,ALTO SALAVERRY
130613,LA LIBERTAD,OTUZCO,SINSICAP,YERBA BUENA
130602,LA LIBERTAD,OTUZCO,AGALLPAMPA,MAYDAY
130601,LA LIBERTAD,OTUZCO,OTUZCO,SUYUPAMPA
130104,LA LIBERTAD,TRUJILLO,HUANCHACO,VALDIVIA
130504,LA LIBERTAD,JULCAN,HUASO,SANTA CRUZ
130614,LA LIBERTAD,OTUZCO,USQUIL,MONCHACAP
130701,LA LIBERTAD,PACASMAYO,SAN PEDRO DE LLOC,EL HORNITO
131003,LA LIBERTAD,SANTIAGO DE CHUCO,CACHICADAN,CACHICADAN
140311,LAMBAYEQUE,LAMBAYEQUE,SAN JOSE,GALLITO
220303,SAN MARTIN,EL DORADO,SAN MARTIN,MONTE LOS OLIVOS
221002,SAN MARTIN,TOCACHE,NUEVO PROGRESO,VICTOR ANDRES BELAUNDE
200104,PIURA,PIURA,CASTILLA,URB. 15 DE SETIEMBRE
200101,PIURA,PIURA,PIURA,A.H. JORGE CHAVEZ
200104,PIURA,PIURA,CASTILLA,SAN GABRIEL DE VARADERO
200101,PIURA,PIURA,PIURA,A.H. MANUEL SOANE CORRALES
200101,PIURA,PIURA,PIURA,URB. LA ALBORADA
061001,CAJAMARCA,SAN MARCOS,PEDRO GALVEZ,SAN MARCOS
150606,LIMA,HUARAL,IHUARI,ACOTAMA - IHUARI
150810,LIMA,HUAURA,SANTA MARIA,CHONTA - SECTOR IV
151030,LIMA,YAUYOS,TOMAS,TOMAS
150806,LIMA,HUAURA,HUAURA,HUMAYA - LA SOLEDAD
150506,LIMA,CAÏ¿½ETE,COAYLLO,LA YESERA
151001,LIMA,YAUYOS,YAUYOS,AUCO
150805,LIMA,HUAURA,HUALMAY,C.ALEGRE - AUSEJO PINTADO
151025,LIMA,YAUYOS,QUINOCAY,QUINOCAY
150604,LIMA,HUARAL,AUCALLAMA,PASAMAYO
150607,LIMA,HUARAL,LAMPIAN,LAMPIAN
081212,CUSCO,QUISPICANCHI,QUIQUIJANA,QUIQUIJANA
030501,APURIMAC,COTABAMBAS,TAMBOBAMBA,TAMBOBAMBA
090410,HUANCAVELICA,CASTROVIRREYNA,SAN JUAN,AMAILLA
090701,HUANCAVELICA,TAYACAJA,PAMPAS,VIÑAS
090701,HUANCAVELICA,TAYACAJA,PAMPAS,PARIA CANCHA
090704,HUANCAVELICA,TAYACAJA,AHUAYCHA,SAN MIGUEL DE HUALLHUA
090705,HUANCAVELICA,TAYACAJA,COLCABAMBA,ESCALERA
090705,HUANCAVELICA,TAYACAJA,COLCABAMBA,TOCLLACURI
090706,HUANCAVELICA,TAYACAJA,DANIEL HERNANDEZ,SANTA MARIA
090709,HUANCAVELICA,TAYACAJA,HUARIBAMBA,INYAC
100201,HUANUCO,AMBO,AMBO,RINCONADA
110107,ICA,ICA,PUEBLO NUEVO,PONGO CHICO
120302,JUNIN,CHANCHAMAYO,PERENE,SHANKIVIRONI
120212,JUNIN,CONCEPCION,NUEVE DE JULIO,HAUYCHULO
120703,JUNIN,TARMA,HUARICOLCA,APAICANCHILLA
120201,JUNIN,CONCEPCION,CONCEPCION,LULIN
130906,LA LIBERTAD,SANCHEZ CARRION,SANAGORAN,SANAGORAN
130705,LA LIBERTAD,PACASMAYO,SAN JOSE,NUEVA ESPERANZA
131101,LA LIBERTAD,GRAN CHIMU,CASCAS,CARCEL
131201,LA LIBERTAD,VIRU,VIRU,HUACA LARGA
130605,LA LIBERTAD,OTUZCO,HUARANCHAL,HUARANCHAL
131101,LA LIBERTAD,GRAN CHIMU,CASCAS,SAN MARTIN
130705,LA LIBERTAD,PACASMAYO,SAN JOSE,LA PORTADA DE LA SIERRA
131005,LA LIBERTAD,SANTIAGO DE CHUCO,MOLLEPATA,SUCCHA
130104,LA LIBERTAD,TRUJILLO,HUANCHACO,EL TABLAZO
131005,LA LIBERTAD,SANTIAGO DE CHUCO,MOLLEPATA,COCHAMARCA
131101,LA LIBERTAD,GRAN CHIMU,CASCAS,PALMIRA
131101,LA LIBERTAD,GRAN CHIMU,CASCAS,PAMPA DE SAN ISIDRO
130106,LA LIBERTAD,TRUJILLO,LAREDO,BARRAZA
131006,LA LIBERTAD,SANTIAGO DE CHUCO,QUIRUVILCA,LLARAY
131101,LA LIBERTAD,GRAN CHIMU,CASCAS,PAMPA DE CHEPATE
130611,LA LIBERTAD,OTUZCO,SALPO,RAYAMPAMPA
131201,LA LIBERTAD,VIRU,VIRU,CHANQUIN ALTO
131005,LA LIBERTAD,SANTIAGO DE CHUCO,MOLLEPATA,MOLLEPATA
130503,LA LIBERTAD,JULCAN,CARABAMBA,SAN ISIDRO
131002,LA LIBERTAD,SANTIAGO DE CHUCO,ANGASMARCA,MOLLEPAMBA
131001,LA LIBERTAD,SANTIAGO DE CHUCO,SANTIAGO DE CHUCO,SINCON
131101,LA LIBERTAD,GRAN CHIMU,CASCAS,EL PLATANAR
131007,LA LIBERTAD,SANTIAGO DE CHUCO,SANTA CRUZ DE CHUCA,SANTA CRUZ DE CHUCA
200404,PIURA,MORROPON,LA MATANZA,LAS VILLEGAS (NORIA LA VILLEGAS)
200101,PIURA,PIURA,PIURA,A.H. PACHITEA
030101,APURIMAC,ABANCAY,ABANCAY,HUAYLLABAMBA
061001,CAJAMARCA,SAN MARCOS,PEDRO GALVEZ,MOLLORCO
061002,CAJAMARCA,SAN MARCOS,CHANCAY,CHANCAY
061001,CAJAMARCA,SAN MARCOS,PEDRO GALVEZ,SANTO DOMINGO
060202,CAJAMARCA,CAJABAMBA,CACHACHI,ARAQUEDA
150203,LIMA,BARRANCA,PATIVILCA,SANTA ROSA
150805,LIMA,HUAURA,HUALMAY,HUALMAY - BELLAVISTA
150810,LIMA,HUAURA,SANTA MARIA,CHONTA - SECTOR V
150402,LIMA,CANTA,ARAHUAY,LICAHUASI
150407,LIMA,CANTA,SANTA ROSA DE QUIVES,MAGDALENA
150803,LIMA,HUAURA,CALETA DE CARQUIN,CARQUIN BAJO
150606,LIMA,HUARAL,IHUARI,HUACHINGA
020105,ANCASH,HUARAZ,INDEPENDENCIA,INDEPENDENCIA (CENTENARIO)
021805,ANCASH,SANTA,MORO,CESAR VALLEJO
021803,ANCASH,SANTA,COISHCO,COISHCO
021809,ANCASH,SANTA,NUEVO CHIMBOTE,TANGAY MEDIO
080301,CUSCO,ANTA,ANTA,ANTA
030401,APURIMAC,AYMARAES,CHALHUANCA,CHALHUANCA
081201,CUSCO,QUISPICANCHI,URCOS,URCOS
080102,CUSCO,CUSCO,CCORCA,CCORCCA
090705,HUANCAVELICA,TAYACAJA,COLCABAMBA,HUARANHUAY
090402,HUANCAVELICA,CASTROVIRREYNA,ARMA,COTAS
090203,HUANCAVELICA,ACOBAMBA,ANTA,TAMBRAICO (TAMBORAICO)
100605,HUANUCO,LEONCIO PRADO,LUYANDO,ABANCAY
100103,HUANUCO,HUANUCO,CHINCHAO,PAMPAMARCA
110108,ICA,ICA,SALAS,SANTA CRUZ DE VILLACURI (VILLACURI)
120504,JUNIN,JUNIN,ULCUMAYO,ULCUMAYO
120504,JUNIN,JUNIN,ULCUMAYO,LLAUPICUCHO
120204,JUNIN,CONCEPCION,CHAMBARA,CHAMBARA
120504,JUNIN,JUNIN,ULCUMAYO,TAMBOS
120119,JUNIN,HUANCAYO,HUANCAN,HUANCAN
130613,LA LIBERTAD,OTUZCO,SINSICAP,MEMBRILLAR
130104,LA LIBERTAD,TRUJILLO,HUANCHACO,SANTA MARIA
131001,LA LIBERTAD,SANTIAGO DE CHUCO,SANTIAGO DE CHUCO,CONRA
130503,LA LIBERTAD,JULCAN,CARABAMBA,PADA HUAMBO
130608,LA LIBERTAD,OTUZCO,MACHE,MACHE
060303,CAJAMARCA,CELENDIN,CORTEGANA,CORTEGANA
131102,LA LIBERTAD,GRAN CHIMU,LUCMA,SAMAMUY
130101,LA LIBERTAD,TRUJILLO,TRUJILLO,NUEVA VICTORIA
130503,LA LIBERTAD,JULCAN,CARABAMBA,CAMBULUHARA
200401,PIURA,MORROPON,CHULUCANAS,CALLE LIZARDO MONTERO
200406,PIURA,MORROPON,SALITRAL,NUEVO PROGRESO
061001,CAJAMARCA,SAN MARCOS,PEDRO GALVEZ,CHOLOQUE
061002,CAJAMARCA,SAN MARCOS,CHANCAY,MATARITA
060805,CAJAMARCA,JAEN,HUABAL,NUEVO MOYOBAMBA
060904,CAJAMARCA,SAN IGNACIO,LA COIPA,LLANO GRANDE
151031,LIMA,YAUYOS,TUPE,TUPE
151008,LIMA,YAUYOS,CATAHUASI,CHAVIN
150401,LIMA,CANTA,CANTA,TAMBO
150505,LIMA,CAÏ¿½ETE,CHILCA,CAPTO
151024,LIMA,YAUYOS,QUINCHES,QUINCHES
150502,LIMA,CAÏ¿½ETE,ASIA,9 DE OCTUBRE
150602,LIMA,HUARAL,ATAVILLOS ALTO,CONTADERA
150604,LIMA,HUARAL,AUCALLAMA,SEÑOR DE LOS MILAGROS
150601,LIMA,HUARAL,HUARAL,PUEBLO LIBRE
150601,LIMA,HUARAL,HUARAL,EL ANGEL MACATON
150802,LIMA,HUAURA,AMBAR,AYNACA - ARCATA
150811,LIMA,HUAURA,SAYAN,LA UNION
150812,LIMA,HUAURA,VEGUETA,MAZO
020101,ANCASH,HUARAZ,HUARAZ,TOCLLA
021208,ANCASH,HUAYLAS,SANTA CRUZ,HUALCALLAN
021701,ANCASH,RECUAY,RECUAY,PAMPACANCHA
021801,ANCASH,SANTA,CHIMBOTE,CAMBIO PUENTE
020105,ANCASH,HUARAZ,INDEPENDENCIA,MITUCRO
021808,ANCASH,SANTA,SANTA,ALTO PERU
021801,ANCASH,SANTA,CHIMBOTE,CHACHAPOYAS ALTO
021801,ANCASH,SANTA,CHIMBOTE,CAMPIÑA KM 4 1/2
022006,ANCASH,YUNGAY,RANRAHIRCA,RANRAHIRCA
020105,ANCASH,HUARAZ,INDEPENDENCIA,OCSHARUTUNA
021801,ANCASH,SANTA,CHIMBOTE,BOLIVAR BAJO
021801,ANCASH,SANTA,CHIMBOTE,ESPERANZA ALTA
021801,ANCASH,SANTA,CHIMBOTE,10 DE SETIEMBRE
021801,ANCASH,SANTA,CHIMBOTE,CASCO URBANO
081009,CUSCO,PARURO,YAURISQUE,YAURISQUE
030504,APURIMAC,COTABAMBAS,HAQUIRA,HAQUIRA
080301,CUSCO,ANTA,ANTA,APARQUILLA
080306,CUSCO,ANTA,LIMATAMBO,LIMATAMBO
081208,CUSCO,QUISPICANCHI,LUCRE,LUCRE
030503,APURIMAC,COTABAMBAS,COYLLURQUI,COYLLURQUI
080305,CUSCO,ANTA,HUAROCONDO,HUAROCONDO
081305,CUSCO,URUBAMBA,MARAS,MARAS
090111,HUANCAVELICA,HUANCAVELICA,MARISCAL CACERES,MARISCAL CACERES
090701,HUANCAVELICA,TAYACAJA,PAMPAS,CASAY
090204,HUANCAVELICA,ACOBAMBA,CAJA,CAJA
090711,HUANCAVELICA,TAYACAJA,PAZOS,SAN JOSE DE AYMARA (AYMARA)
100201,HUANUCO,AMBO,AMBO,AYANCOCHA
100201,HUANUCO,AMBO,AMBO,PORVENIR
100601,HUANUCO,LEONCIO PRADO,RUPA-RUPA,PICURAYACU ALTO
100602,HUANUCO,LEONCIO PRADO,DANIEL ALOMIA ROBLES,HUAYHUANTILLO
100604,HUANUCO,LEONCIO PRADO,JOSE CRESPO Y CASTILLO,YACUSISA
100801,HUANUCO,PACHITEA,PANAO,PANAO
120114,JUNIN,HUANCAYO,EL TAMBO,CULLPA ALTA
120101,JUNIN,HUANCAYO,HUANCAYO,PALIANÑUÑAS
120407,JUNIN,JAUJA,EL MANTARO,PUCUCHO (MANTARO)
120108,JUNIN,HUANCAYO,CHONGOS ALTO,CHONGOS ALTO
120125,JUNIN,HUANCAYO,PILCOMAYO,PILCOMAYO
130611,LA LIBERTAD,OTUZCO,SALPO,CHEPEN
130602,LA LIBERTAD,OTUZCO,AGALLPAMPA,CHUAL
130107,LA LIBERTAD,TRUJILLO,MOCHE,EL PALMO
130403,LA LIBERTAD,CHEPEN,PUEBLO NUEVO,NUEVO HORIZONTE
130401,LA LIBERTAD,CHEPEN,CHEPEN,HUACA BLANCA ALTA
130503,LA LIBERTAD,JULCAN,CARABAMBA,SANTA ROSA
130614,LA LIBERTAD,OTUZCO,USQUIL,LA LEONERA
130401,LA LIBERTAD,CHEPEN,CHEPEN,SAN MATEO
140107,LAMBAYEQUE,CHICLAYO,LAGUNAS,LAGUNAS (CANASLOCHE)
220504,SAN MARTIN,LAMAS,CAYNARACHI,CACAICO
220301,SAN MARTIN,EL DORADO,SAN JOSE DE SISA,CESAR VALLEJO
200607,PIURA,SULLANA,QUERECOTILLO,PUENTE DE LOS SERRANOS
200301,PIURA,HUANCABAMBA,HUANCABAMBA,ALIGUAY
200301,PIURA,HUANCABAMBA,HUANCABAMBA,BARRIO CHALACO
200301,PIURA,HUANCABAMBA,HUANCABAMBA,BARRIO LA VILLA
200101,PIURA,PIURA,PIURA,A.H. LOS TITANES
030104,APURIMAC,ABANCAY,CURAHUASI,PISONAYPATA
010604,AMAZONAS,RODRIGUEZ DE MENDOZA,HUAMBO,ESCOBAR
010611,AMAZONAS,RODRIGUEZ DE MENDOZA,TOTORA,CALHUAYCO
010701,AMAZONAS,UTCUBAMBA,BAGUA GRANDE,LIMON YACU
060901,CAJAMARCA,SAN IGNACIO,SAN IGNACIO,SAN ANTONIO DE LA BALSA
150403,LIMA,CANTA,HUAMANTANGA,QUIPAN
150512,LIMA,CAÏ¿½ETE,QUILMANA,LA VICTORIA
150502,LIMA,CAÏ¿½ETE,ASIA,CAPILLA DE ASIA (ASIA)
150501,LIMA,CAÏ¿½ETE,SAN VICENTE DE CAÏ¿½ETE,CERRO BLANCO-HIPOLITO UNANUE (CERRO BLANCO UNANUE)
150513,LIMA,CAÏ¿½ETE,SAN ANTONIO,SAN ANDRES
151025,LIMA,YAUYOS,QUINOCAY,HUAYULA
151022,LIMA,YAUYOS,OMAS,PIE DE LA CUESTA
150806,LIMA,HUAURA,HUAURA,SOCORRO - EL MILAGRO
150606,LIMA,HUARAL,IHUARI,HUAYRENCA
150806,LIMA,HUAURA,HUAURA,SOCORRO - LOS PINOS
150801,LIMA,HUAURA,HUACHO,PUERTO
150812,LIMA,HUAURA,VEGUETA,PRIMAVERA - TUPAC AMARU
150601,LIMA,HUARAL,HUARAL,BARRIO UNION OBRERO
150609,LIMA,HUARAL,SAN MIGUEL DE ACOS,BUENA VISTA
150602,LIMA,HUARAL,ATAVILLOS ALTO,PIRCA
150604,LIMA,HUARAL,AUCALLAMA,MIRAFLORES
150606,LIMA,HUARAL,IHUARI,ACOTAMA -  HUAYCHO
150726,LIMA,HUAROCHIRI,SANGALLAYA,HUANCATA
150711,LIMA,HUAROCHIRI,LANGA,LANGA
150701,LIMA,HUAROCHIRI,MATUCANA,HUARIQUIÑA
150721,LIMA,HUAROCHIRI,SAN LORENZO DE QUINTI,SAN LORENZO DE QUINTI
150713,LIMA,HUAROCHIRI,MARIATANA,CALAHUAYA
020105,ANCASH,HUARAZ,INDEPENDENCIA,UQUIA
020105,ANCASH,HUARAZ,INDEPENDENCIA,LLACSHACOTU
200107,PIURA,PIURA,CURA MORI,CUCUNGARA
050705,AYACUCHO,PARINACOCHAS,PULLO,RELAVE
080608,CUSCO,CANCHIS,TINTA,TINTA
230101,TACNA,TACNA,TACNA,PUEBLO LIBRE
120901,JUNIN,CHUPACA,CHUPACA,LA PERLA
060601,CAJAMARCA,CUTERVO,CUTERVO,LIBERTAD DE NARANJITO
080602,CUSCO,CANCHIS,CHECACUPE,CHECACUPE
080703,CUSCO,CHUMBIVILCAS,CHAMACA,CHAMACA
080608,CUSCO,CANCHIS,TINTA,QUEROMARCA
080605,CUSCO,CANCHIS,PITUMARCA,PITUMARCA
150905,LIMA,OYON,NAVAN,PUNA
150501,LIMA,CAÏ¿½ETE,SAN VICENTE DE CAÏ¿½ETE,SAN BENITO
140110,LAMBAYEQUE,CHICLAYO,OYOTUN,ESPINAL
021801,ANCASH,SANTA,CHIMBOTE,ESPERANZA BAJA
021508,ANCASH,PALLASCA,PALLASCA,SANTA ROSA
150806,LIMA,HUAURA,HUAURA,SOCORRO - CHACACA
150808,LIMA,HUAURA,PACCHO,LACSANGA - LA PERLA
150906,LIMA,OYON,PACHANGARA,PACHANGARA
150905,LIMA,OYON,NAVAN,NAVAN
150501,LIMA,CAÏ¿½ETE,SAN VICENTE DE CAÏ¿½ETE,ARENA BAJA
150501,LIMA,CAÏ¿½ETE,SAN VICENTE DE CAÏ¿½ETE,PALO
150501,LIMA,CAÏ¿½ETE,SAN VICENTE DE CAÏ¿½ETE,HERBAY BAJO
130608,LA LIBERTAD,OTUZCO,MACHE,PISCO PAMPA
130601,LA LIBERTAD,OTUZCO,OTUZCO,HUACADAY
130503,LA LIBERTAD,JULCAN,CARABAMBA,SAN CARLOS
130802,LA LIBERTAD,PATAZ,BULDIBUYO,LLAMPAO
150134,LIMA,LIMA,SAN LUIS,SAN LUIS
130614,LA LIBERTAD,OTUZCO,USQUIL,BARRO NEGRO ALTO
130604,LA LIBERTAD,OTUZCO,CHARAT,ALTO DE CANCHAS
130601,LA LIBERTAD,OTUZCO,OTUZCO,PANGO
080607,CUSCO,CANCHIS,SAN PEDRO,PICHURA
080604,CUSCO,CANCHIS,MARANGANI,CUYO
130601,LA LIBERTAD,OTUZCO,OTUZCO,PAMPA GRANDE
130702,LA LIBERTAD,PACASMAYO,GUADALUPE,JORGE CHAVEZ (CERILLO)
130104,LA LIBERTAD,TRUJILLO,HUANCHACO,EL CAMPANARIO
080205,CUSCO,ACOMAYO,POMACANCHI,POMACANCHI
080603,CUSCO,CANCHIS,COMBAPATA,TUCCSA
080301,CUSCO,ANTA,ANTA,CCHONCHACCALLA CENTRAL (CONCHACALLA)
080601,CUSCO,CANCHIS,SICUANI,PAMPA PHALLA
080801,CUSCO,ESPINAR,ESPINAR,ESPINAR (YAURI)
080501,CUSCO,CANAS,YANAOCA,PONGOÑA
150901,LIMA,OYON,OYON,TINTA
060613,CAJAMARCA,CUTERVO,SANTO TOMAS,EL ROBLE
131101,LA LIBERTAD,GRAN CHIMU,CASCAS,EL SALITRE
010603,AMAZONAS,RODRIGUEZ DE MENDOZA,COCHAMAL,SAN MARCOS
140103,LAMBAYEQUE,CHICLAYO,ETEN,VILLA EL MILAGRO
150812,LIMA,HUAURA,VEGUETA,J.C.M. - SANTA TERESA
030502,APURIMAC,COTABAMBAS,COTABAMBAS,COTABAMBAS
130601,LA LIBERTAD,OTUZCO,OTUZCO,CARNACHIQUE
010704,AMAZONAS,UTCUBAMBA,EL MILAGRO,SAN PEDRO
150731,LIMA,HUAROCHIRI,SANTO DOMINGO DE LOS OLLEROS,CUCULI CHICO
200202,PIURA,AYABACA,FRIAS,PARIHUANAS
020109,ANCASH,HUARAZ,PAMPAS GRANDE,PAMPAS
100507,HUANUCO,HUAMALIES,MONZON,SHITARI
100207,HUANUCO,AMBO,SAN RAFAEL,ACOBAMBA
190206,PASCO,DANIEL ALCIDES CARRION,SANTA ANA DE TUSI,OXAPAMPA
100109,HUANUCO,HUANUCO,SANTA MARIA DEL VALLE,PACHABAMBA
100702,HUANUCO,MARAÏ¿½ON,CHOLON,AJENJO
090707,HUANCAVELICA,TAYACAJA,HUACHOCOLPA,SANTA MARIA
060907,CAJAMARCA,SAN IGNACIO,TABACONAS,PANCHIA
060801,CAJAMARCA,JAEN,JAEN,LAS COCHAS
090705,HUANCAVELICA,TAYACAJA,COLCABAMBA,CAMPO ARMIÑO
090404,HUANCAVELICA,CASTROVIRREYNA,CAPILLAS,CAJAMARCA
090404,HUANCAVELICA,CASTROVIRREYNA,CAPILLAS,TOCLUCHE
090710,HUANCAVELICA,TAYACAJA,Ï¿½AHUIMPUQUIO,JATUM PAMPA
151022,LIMA,YAUYOS,OMAS,PUEBLO VIEJO
230105,TACNA,TACNA,INCLAN,SAMA GRANDE
230101,TACNA,TACNA,TACNA,LOS OLIVOS
230101,TACNA,TACNA,TACNA,PARA GRANDE
230109,TACNA,TACNA,SAMA,MORRO SAMA
230101,TACNA,TACNA,TACNA,ASENTAMIENTO 5 - 6
090717,HUANCAVELICA,TAYACAJA,SURCUBAMBA,ÑUÑUNGA
010610,AMAZONAS,RODRIGUEZ DE MENDOZA,SANTA ROSA,RAMOS (PALMA)
010602,AMAZONAS,RODRIGUEZ DE MENDOZA,CHIRIMOTO,CEJAPATA
010609,AMAZONAS,RODRIGUEZ DE MENDOZA,OMIA,TUENAL
010601,AMAZONAS,RODRIGUEZ DE MENDOZA,SAN NICOLAS,SHIPARA
211207,PUNO,SANDIA,SAN JUAN DEL ORO,TAMBOPATA
120135,JUNIN,HUANCAYO,SANTO DOMINGO DE ACOBAMBA,SANTA ROSA DE YUNCA CHAQUICOCHA (YUNCA)
120135,JUNIN,HUANCAYO,SANTO DOMINGO DE ACOBAMBA,SAN ANTONIO DE ALEGRIA (HUACHICNA)
021801,ANCASH,SANTA,CHIMBOTE,LA UNION
150901,LIMA,OYON,OYON,OYON
150106,LIMA,LIMA,CARABAYLLO,CHOCAS BAJO
150106,LIMA,LIMA,CARABAYLLO,JICAMARCA
030205,APURIMAC,ANDAHUAYLAS,HUANCARAY,SANTIAGO PATA
021802,ANCASH,SANTA,CACERES DEL PERU,COLCAP
021809,ANCASH,SANTA,NUEVO CHIMBOTE,NUEVO CHIMBOTE
021508,ANCASH,PALLASCA,PALLASCA,CULCUBAMBA
021802,ANCASH,SANTA,CACERES DEL PERU,JIMBE
050601,AYACUCHO,LUCANAS,PUQUIO,SAN ANDRES
050617,AYACUCHO,LUCANAS,SAN PEDRO,SANTA ANA
050615,AYACUCHO,LUCANAS,SAN CRISTOBAL,SAN CRISTOBAL
050617,AYACUCHO,LUCANAS,SAN PEDRO,PALAYCCA
050619,AYACUCHO,LUCANAS,SANCOS,CHICALLE
050601,AYACUCHO,LUCANAS,PUQUIO,SANTA CRUZ
010610,AMAZONAS,RODRIGUEZ DE MENDOZA,SANTA ROSA,TUCUCHIN
200504,PIURA,PAITA,COLAN,PUEBLO NUEVO (SAN LUCAS)
060607,CAJAMARCA,CUTERVO,QUEROCOTILLO,AGUA BLANCA
010606,AMAZONAS,RODRIGUEZ DE MENDOZA,LONGAR,MARAY PAMPA
070101,CALLAO,CALLAO,CALLAO,MI PERU
070101,CALLAO,CALLAO,CALLAO,VENTANILLA
070101,CALLAO,CALLAO,CALLAO,BOCANEGRA
010609,AMAZONAS,RODRIGUEZ DE MENDOZA,OMIA,PLAN GRANDE
010609,AMAZONAS,RODRIGUEZ DE MENDOZA,OMIA,PUMAMARCA
010610,AMAZONAS,RODRIGUEZ DE MENDOZA,SANTA ROSA,TUNAS PATA
010601,AMAZONAS,RODRIGUEZ DE MENDOZA,SAN NICOLAS,CHALHUA DERECHA
010702,AMAZONAS,UTCUBAMBA,CAJARURO,MANDINGAS BAJO
020201,ANCASH,AIJA,AIJA,AIJA
021801,ANCASH,SANTA,CHIMBOTE,SAN PEDRO
021801,ANCASH,SANTA,CHIMBOTE,SAN JUAN
022005,ANCASH,YUNGAY,QUILLO,HUACUY ALTO
020602,ANCASH,CARHUAZ,ACOPAMPA,ACOPAMPA
020901,ANCASH,CORONGO,CORONGO,CORONGO
021801,ANCASH,SANTA,CHIMBOTE,PRIMAVERA ALTA
021808,ANCASH,SANTA,SANTA,TAMBO REAL ANTIGUO
021801,ANCASH,SANTA,CHIMBOTE,TRAPECIO I
021801,ANCASH,SANTA,CHIMBOTE,LA VICTORIA
021801,ANCASH,SANTA,CHIMBOTE,SAN MIGUEL
131203,LA LIBERTAD,VIRU,GUADALUPITO,SAN IGNACIO
021602,ANCASH,POMABAMBA,HUAYLLAN,HUAYLLAN
021801,ANCASH,SANTA,CHIMBOTE,CESAR VALLEJO
021801,ANCASH,SANTA,CHIMBOTE,VILLA ESPAÑA
021801,ANCASH,SANTA,CHIMBOTE,BOLIVAR ALTO
021801,ANCASH,SANTA,CHIMBOTE,MIRAFLORES BAJO
090119,HUANCAVELICA,HUANCAVELICA,HUANDO,HUANDO
090718,HUANCAVELICA,TAYACAJA,TINTAY PUNCU,TINTAY
090510,HUANCAVELICA,CHURCAMPA,PACHAMARCA,PACHAMARCA
090705,HUANCAVELICA,TAYACAJA,COLCABAMBA,MONTE HUASI
090717,HUANCAVELICA,TAYACAJA,SURCUBAMBA,SACHACOTO
090704,HUANCAVELICA,TAYACAJA,AHUAYCHA,NUEVA ESPERANZA (LA ESPERANZA)
090706,HUANCAVELICA,TAYACAJA,DANIEL HERNANDEZ,RUNDO
100601,HUANUCO,LEONCIO PRADO,RUPA-RUPA,FELIPE PINEDO ALVA
120135,JUNIN,HUANCAYO,SANTO DOMINGO DE ACOBAMBA,POTRERO
120127,JUNIN,HUANCAYO,QUICHUAY,QUICHUAY
120908,JUNIN,CHUPACA,TRES DE DICIEMBRE,TRES DE DICIEMBRE
120107,JUNIN,HUANCAYO,CHILCA,AURAY
120114,JUNIN,HUANCAYO,EL TAMBO,SAÑOSCHAUPI
120129,JUNIN,HUANCAYO,SAN AGUSTIN,COYLLOR PATA
120114,JUNIN,HUANCAYO,EL TAMBO,CULLPA BAJA
090502,HUANCAVELICA,CHURCAMPA,ANCO,ANCO
120206,JUNIN,CONCEPCION,COMAS,COMAS
090101,HUANCAVELICA,HUANCAVELICA,HUANCAVELICA,OCCO PUCRO
120133,JUNIN,HUANCAYO,SAPALLANGA,COCHARCAS
120501,JUNIN,JUNIN,JUNIN,HUAYRE
120121,JUNIN,HUANCAYO,HUAYUCACHI,HUAYUCACHI
120202,JUNIN,CONCEPCION,ACO,ACO
120411,JUNIN,JAUJA,JANJAILLO,JANJAILLO
120135,JUNIN,HUANCAYO,SANTO DOMINGO DE ACOBAMBA,SANTO DOMINGO DE ACOBAMBA
120434,JUNIN,JAUJA,YAUYOS,YAUYOS
120134,JUNIN,HUANCAYO,SICAYA,COLIPUQUIO (LAFLORIDA)
120117,JUNIN,HUANCAYO,HUALHUAS,HUALHUAS
150501,LIMA,CAÏ¿½ETE,SAN VICENTE DE CAÏ¿½ETE,ENCAÑADA
150606,LIMA,HUARAL,IHUARI,ACOTAMA
150303,LIMA,CAJATAMBO,GORGOR,CAYA
151011,LIMA,YAUYOS,COLONIA,OYUNCO
150604,LIMA,HUARAL,AUCALLAMA,BOZA ALTA
150606,LIMA,HUARAL,IHUARI,ACOTAMA - ANANPAY
150806,LIMA,HUAURA,HUAURA,SOCORRO - PAMPA DE CURA
151004,LIMA,YAUYOS,AYAVIRI,ÑAUÑACO
151005,LIMA,YAUYOS,AZANGARO,MARCALLA
150303,LIMA,CAJATAMBO,GORGOR,VIRUNHUAYRA
150507,LIMA,CAÏ¿½ETE,IMPERIAL,SAN BENITO
150606,LIMA,HUARAL,IHUARI,ACOTAMA -  HUAYCHO VIEJO
150512,LIMA,CAÏ¿½ETE,QUILMANA,SAN FRANCISCO
151020,LIMA,YAUYOS,MADEAN,MADEAN
150805,LIMA,HUAURA,HUALMAY,HUALMAY - LAS FLORES
150612,LIMA,HUARAL,VEINTISIETE DE NOVIEMBRE,CARAC
150726,LIMA,HUAROCHIRI,SANGALLAYA,SANGALLAYA
150501,LIMA,CAÏ¿½ETE,SAN VICENTE DE CAÏ¿½ETE,COCHAHUASI-PLAYA HERMOSA (COCHAHUASI)
200504,PIURA,PAITA,COLAN,SAN LUCAS DE COLAN (LA ARENA CHIQUITA)
200207,PIURA,AYABACA,PAIMAS,ALGODONAL
211208,PUNO,SANDIA,YANAHUAYA,SICUNI
210204,PUNO,AZANGARO,ASILLO,JILA CENTRAL
130202,LA LIBERTAD,ASCOPE,CHICAMA,CHICLIN
130611,LA LIBERTAD,OTUZCO,SALPO,USHCOS
130601,LA LIBERTAD,OTUZCO,OTUZCO,SANCHIQUE
130111,LA LIBERTAD,TRUJILLO,VICTOR LARCO HERRERA,EL ARENAL
131202,LA LIBERTAD,VIRU,CHAO,BUENA VISTA
130611,LA LIBERTAD,OTUZCO,SALPO,SHULGON
230103,TACNA,TACNA,CALANA,CALANA
230303,TACNA,JORGE BASADRE,ITE,PAMPA ALTA
200101,PIURA,PIURA,PIURA,A.H. 6 DE SETIEMBRE
230109,TACNA,TACNA,SAMA,BUENA VISTA
080705,CUSCO,CHUMBIVILCAS,LIVITACA,LIVITACA
081211,CUSCO,QUISPICANCHI,OROPESA,OROPESA
030502,APURIMAC,COTABAMBAS,COTABAMBAS,HUAROCOY
080302,CUSCO,ANTA,ANCAHUASI,ANCAHUASI
081302,CUSCO,URUBAMBA,CHINCHERO,CHINCHERO
081211,CUSCO,QUISPICANCHI,OROPESA,HUASAO
080704,CUSCO,CHUMBIVILCAS,COLQUEMARCA,COLQUEMARCA
080601,CUSCO,CANCHIS,SICUANI,CHAUCHAPATA
080506,CUSCO,CANAS,PAMPAMARCA,CHOSECANI
080601,CUSCO,CANCHIS,SICUANI,CHUMO (CHUMO QOCHA PAMPA)
080501,CUSCO,CANAS,YANAOCA,QUECHCA QUECHCA
040103,AREQUIPA,AREQUIPA,CAYMA,CAYMA
040104,AREQUIPA,AREQUIPA,CERRO COLORADO,CONO NORTE
030101,APURIMAC,ABANCAY,ABANCAY,AYMAS
030402,APURIMAC,AYMARAES,CAPAYA,CAPAYA
030208,APURIMAC,ANDAHUAYLAS,PACOBAMBA,HUIRUNAY
080704,CUSCO,CHUMBIVILCAS,COLQUEMARCA,TOTORANI
150726,LIMA,HUAROCHIRI,SANGALLAYA,ALLOCA
010502,AMAZONAS,LUYA,CAMPORREDONDO,CAMPORREDONDO
050612,AYACUCHO,LUCANAS,OCAÏ¿½A,SACHABAMBA
090717,HUANCAVELICA,TAYACAJA,SURCUBAMBA,PAUCAR MARCA
080501,CUSCO,CANAS,YANAOCA,YANAOCA
040520,AREQUIPA,CAYLLOMA,MAJES,EL PEDREGAL
010602,AMAZONAS,RODRIGUEZ DE MENDOZA,CHIRIMOTO,BUENOS AIRES
150135,LIMA,LIMA,SAN MARTIN DE PORRES,URB. SAN AMADEO DE GARAY
010706,AMAZONAS,UTCUBAMBA,LONYA GRANDE,YUNGAY
021103,ANCASH,HUARMEY,CULEBRAS,HUAYASH
050616,AYACUCHO,LUCANAS,SAN JUAN,SAN JUAN DE UTEC
090603,HUANCAVELICA,HUAYTARA,CORDOVA,CORDOVA
131007,LA LIBERTAD,SANTIAGO DE CHUCO,SANTA CRUZ DE CHUCA,LLATURPAMPA
150132,LIMA,LIMA,SAN JUAN DE LURIGANCHO,BAYOVAR
010701,AMAZONAS,UTCUBAMBA,BAGUA GRANDE,DELTA
150501,LIMA,CAÏ¿½ETE,SAN VICENTE DE CAÏ¿½ETE,PLAYA HERMOSA
040413,AREQUIPA,CASTILLA,URACA,CORIRE
090119,HUANCAVELICA,HUANCAVELICA,HUANDO,CACHI BAJA
150103,LIMA,LIMA,ATE,MAYORAZGO
080105,CUSCO,CUSCO,SAN SEBASTIAN,HUILLCARPAY
060401,CAJAMARCA,CHOTA,CHOTA,PROGRESO PAMPA
060417,CAJAMARCA,CHOTA,TACABAMBA,LA PUCARA
040104,AREQUIPA,AREQUIPA,CERRO COLORADO,LA LIBERTAD-CERRO COLORADO
040112,AREQUIPA,AREQUIPA,PAUCARPATA,PAUCARPATA
040110,AREQUIPA,AREQUIPA,MIRAFLORES,MIRAFLORES
040127,AREQUIPA,AREQUIPA,YARABAMBA,YARABAMBA
040125,AREQUIPA,AREQUIPA,VITOR,VITOR
150713,LIMA,HUAROCHIRI,MARIATANA,VILLA PAMPILLA
010701,AMAZONAS,UTCUBAMBA,BAGUA GRANDE,ÑUNYA TEMPLE
060415,CAJAMARCA,CHOTA,QUEROCOTO,QUEROCOTO
050206,AYACUCHO,CANGALLO,TOTOS,RAMON CASTILLA
080604,CUSCO,CANCHIS,MARANGANI,MARANGANI
080601,CUSCO,CANCHIS,SICUANI,CHURULLA
080601,CUSCO,CANCHIS,SICUANI,USCUPATA
080601,CUSCO,CANCHIS,SICUANI,ACCO ACCO PHALLA
050501,AYACUCHO,LA MAR,SAN MIGUEL,TRANCA
050501,AYACUCHO,LA MAR,SAN MIGUEL,ILLAURA
040105,AREQUIPA,AREQUIPA,CHARACATO,CHARACATO
040518,AREQUIPA,CAYLLOMA,TUTI,TUTI
050501,AYACUCHO,LA MAR,SAN MIGUEL,ALLPACORRAL
050501,AYACUCHO,LA MAR,SAN MIGUEL,CCATUMRUMI (STA.ROSALINA)
050617,AYACUCHO,LUCANAS,SAN PEDRO,SAN PEDRO
050604,AYACUCHO,LUCANAS,CARMEN SALCEDO,ANDAMARCA
050608,AYACUCHO,LUCANAS,LARAMATE,LARAMATE
150731,LIMA,HUAROCHIRI,SANTO DOMINGO DE LOS OLLEROS,LLACALLACA
010701,AMAZONAS,UTCUBAMBA,BAGUA GRANDE,NUEVO JORDAN
050201,AYACUCHO,CANGALLO,CANGALLO,YURAQYACU (YURACCYACU)
050501,AYACUCHO,LA MAR,SAN MIGUEL,SUCA
050504,AYACUCHO,LA MAR,CHILCAS,ESCCANA
050501,AYACUCHO,LA MAR,SAN MIGUEL,HUAYANAY
050501,AYACUCHO,LA MAR,SAN MIGUEL,ANTABAMBA
040803,AREQUIPA,LA UNION,CHARCANA,CHARCANA
040802,AREQUIPA,LA UNION,ALCA,ALCA
040407,AREQUIPA,CASTILLA,HUANCARQUI,HUANCARQUI
060401,CAJAMARCA,CHOTA,CHOTA,IRACA GRANDE
080911,CUSCO,LA CONVENCION,INKAWASI,INKAWASI
022005,ANCASH,YUNGAY,QUILLO,MACRAY
090501,HUANCAVELICA,CHURCAMPA,CHURCAMPA,CHURCAMPA
021801,ANCASH,SANTA,CHIMBOTE,LA LIBERTAD
151011,LIMA,YAUYOS,COLONIA,PACRICHE
150202,LIMA,BARRANCA,PARAMONGA,ANTA
150301,LIMA,CAJATAMBO,CAJATAMBO,UTCAS
010609,AMAZONAS,RODRIGUEZ DE MENDOZA,OMIA,EL GUAMBO
050501,AYACUCHO,LA MAR,SAN MIGUEL,LLAQHUAPAMPA (LLAJUAPAMPA)
230110,TACNA,TACNA,CORONEL GREGORIO ALBARRACIN L.,CORONEL GREGORIO ALBARRACIN L.
050501,AYACUCHO,LA MAR,SAN MIGUEL,COCHAS BAJA
050508,AYACUCHO,LA MAR,TAMBO,CCARHUAPAMPA
060401,CAJAMARCA,CHOTA,CHOTA,NEGROPAMPA ALTO
060401,CAJAMARCA,CHOTA,CHOTA,SIVINGAN BAJO
150507,LIMA,CAÏ¿½ETE,IMPERIAL,LAS LOMAS
040401,AREQUIPA,CASTILLA,APLAO,LA REAL
040122,AREQUIPA,AREQUIPA,SOCABAYA,SOCABAYA
040520,AREQUIPA,CAYLLOMA,MAJES,MAJES
040520,AREQUIPA,CAYLLOMA,MAJES,C3
040520,AREQUIPA,CAYLLOMA,MAJES,E2
040108,AREQUIPA,AREQUIPA,LA JOYA,SAN ISIDRO
040107,AREQUIPA,AREQUIPA,JACOBO HUNTER,JACOBO DIKSON HUNTER
040128,AREQUIPA,AREQUIPA,YURA,YURA (BAÑOS DE YURA)
040520,AREQUIPA,CAYLLOMA,MAJES,B1
040208,AREQUIPA,CAMANA,SAMUEL PASTOR,LA PAMPA
040205,AREQUIPA,CAMANA,NICOLAS DE PIEROLA,SAN JACINTO
040107,AREQUIPA,AREQUIPA,JACOBO HUNTER,JACOBO HUNTER
040129,AREQUIPA,AREQUIPA,JOSE LUIS BUSTAMANTE Y RIVERO,JOSE LUIS BUSTAMANTE Y RIVERO
040520,AREQUIPA,CAYLLOMA,MAJES,PEDREGAL RURAL
230101,TACNA,TACNA,TACNA,SANTA ROSA
010702,AMAZONAS,UTCUBAMBA,CAJARURO,DIAMANTE ALTO
060410,CAJAMARCA,CHOTA,LAJAS,LLANGODEN ALTO
200506,PIURA,PAITA,TAMARINDO,VISTA FLORIDA
050111,AYACUCHO,HUAMANGA,SANTIAGO DE PISCHA,SAN PEDRO DE CACHI
151022,LIMA,YAUYOS,OMAS,CIGUENCIA
060410,CAJAMARCA,CHOTA,LAJAS,LA RINCONADA
050106,AYACUCHO,HUAMANGA,OCROS,PAJONAL
090702,HUANCAVELICA,TAYACAJA,ACOSTAMBO,HUANTARO
090207,HUANCAVELICA,ACOBAMBA,POMACOCHA,AYAHUASAN (AYHUASAN)
080607,CUSCO,CANCHIS,SAN PEDRO,SAN PEDRO
050102,AYACUCHO,HUAMANGA,ACOCRO,MATARA
080601,CUSCO,CANCHIS,SICUANI,CHIHUACO
040520,AREQUIPA,CAYLLOMA,MAJES,D2
090108,HUANCAVELICA,HUANCAVELICA,IZCUCHACA,IZCUCHACA
080606,CUSCO,CANCHIS,SAN PABLO,SAN PABLO
010702,AMAZONAS,UTCUBAMBA,CAJARURO,NARANJOS BAJO
200605,PIURA,SULLANA,MARCAVELICA,SAMAN
030503,APURIMAC,COTABAMBAS,COYLLURQUI,VILCARO
200405,PIURA,MORROPON,MORROPON,SAN JOSE DE CHORRO
040801,AREQUIPA,LA UNION,COTAHUASI,COTAHUASI
040401,AREQUIPA,CASTILLA,APLAO,COSOS
220909,SAN MARTIN,SAN MARTIN,LA BANDA DE SHILCAYO,VENECIA
050111,AYACUCHO,HUAMANGA,SANTIAGO DE PISCHA,LARAMATE
040204,AREQUIPA,CAMANA,MARISCAL CACERES,PUCCHUN
040202,AREQUIPA,CAMANA,JOSE MARIA QUIMPER,EL CARDO
040108,AREQUIPA,AREQUIPA,LA JOYA,BASE AEREA
040106,AREQUIPA,AREQUIPA,CHIGUATA,CHIGUATA
040520,AREQUIPA,CAYLLOMA,MAJES,E6
040401,AREQUIPA,CASTILLA,APLAO,APLAO
040601,AREQUIPA,CONDESUYOS,CHUQUIBAMBA,CHUQUIBAMBA
040208,AREQUIPA,CAMANA,SAMUEL PASTOR,BAJO HUARANGAL
040201,AREQUIPA,CAMANA,CAMANA,CAMANA
040115,AREQUIPA,AREQUIPA,QUEQUEÏ¿½A,QUEQUEÏ¿½A
040123,AREQUIPA,AREQUIPA,TIABAYA,TIABAYA
040104,AREQUIPA,AREQUIPA,CERRO COLORADO,CERRO COLORADO
040129,AREQUIPA,AREQUIPA,JOSE LUIS BUSTAMANTE Y RIVERO,JOSE LUIS BUSTAMENTE Y RIVERO
040401,AREQUIPA,CASTILLA,APLAO,LA CENTRAL
040117,AREQUIPA,AREQUIPA,SACHACA,SACHACA
040520,AREQUIPA,CAYLLOMA,MAJES,PIONERO
040128,AREQUIPA,AREQUIPA,YURA,CONO NORTE
040704,AREQUIPA,ISLAY,ISLAY,ISLAY
040108,AREQUIPA,AREQUIPA,LA JOYA,EL TRIUNFO (EL CRUCE)
040414,AREQUIPA,CASTILLA,VIRACO,VIRACO
040121,AREQUIPA,AREQUIPA,SANTA RITA DE SIHUAS,SANTA RITA DE SIGUAS
040205,AREQUIPA,CAMANA,NICOLAS DE PIEROLA,EL MEDIO
040108,AREQUIPA,AREQUIPA,LA JOYA,LA CANO
040301,AREQUIPA,CARAVELI,CARAVELI,CARAVELI
040111,AREQUIPA,AREQUIPA,MOLLEBAYA,MOLLEBAYA
040520,AREQUIPA,CAYLLOMA,MAJES,C2
040702,AREQUIPA,ISLAY,COCACHACRA,COCACHACRA
040118,AREQUIPA,AREQUIPA,SAN JUAN DE SIGUAS,TAMBILLO
040104,AREQUIPA,AREQUIPA,CERRO COLORADO,IRRIGACION ZAMACOLA
080701,CUSCO,CHUMBIVILCAS,SANTO TOMAS,SANTO TOMAS
040128,AREQUIPA,AREQUIPA,YURA,YURA VIEJO
040202,AREQUIPA,CAMANA,JOSE MARIA QUIMPER,HUACAPUY
040504,AREQUIPA,CAYLLOMA,CALLALLI,CALLALLI
040124,AREQUIPA,AREQUIPA,UCHUMAYO,UCHUMAYO
040206,AREQUIPA,CAMANA,OCOÏ¿½A,OCOÑA
040106,AREQUIPA,AREQUIPA,CHIGUATA,COLLAMARCA
040520,AREQUIPA,CAYLLOMA,MAJES,D1
040208,AREQUIPA,CAMANA,SAMUEL PASTOR,LA PUNTA
040411,AREQUIPA,CASTILLA,TIPAN,TIPAN
040413,AREQUIPA,CASTILLA,URACA,ESCALERILLAS
040122,AREQUIPA,AREQUIPA,SOCABAYA,SOCABAYA PUEBLO TRADICIONAL
040520,AREQUIPA,CAYLLOMA,MAJES,B2
040120,AREQUIPA,AREQUIPA,SANTA ISABEL DE SIGUAS,RANCHERIA (PITAY)
040208,AREQUIPA,CAMANA,SAMUEL PASTOR,LA BOYA
040108,AREQUIPA,AREQUIPA,LA JOYA,LA JOYA (VITOR)
040204,AREQUIPA,CAMANA,MARISCAL CACERES,SANTA MONICA
040520,AREQUIPA,CAYLLOMA,MAJES,C1
040520,AREQUIPA,CAYLLOMA,MAJES,LA COLINA
040205,AREQUIPA,CAMANA,NICOLAS DE PIEROLA,SONAY (ARROZAL)
040608,AREQUIPA,CONDESUYOS,YANAQUIHUA,YANAQUIHUA
040804,AREQUIPA,LA UNION,HUAYNACOTAS,HUAYNACOTAS
040203,AREQUIPA,CAMANA,MARIANO NICOLAS VALCARCEL,SECOCHA
040208,AREQUIPA,CAMANA,SAMUEL PASTOR,SAMUEL PASTOR
040501,AREQUIPA,CAYLLOMA,CHIVAY,CHIVAY
040204,AREQUIPA,CAMANA,MARISCAL CACERES,HAWAI
040401,AREQUIPA,CASTILLA,APLAO,EL CASTILLO
040108,AREQUIPA,AREQUIPA,LA JOYA,CERRITO BUENA VISTA
040111,AREQUIPA,AREQUIPA,MOLLEBAYA,MACHAGUAYA
040104,AREQUIPA,AREQUIPA,CERRO COLORADO,ALTO CORAL
040520,AREQUIPA,CAYLLOMA,MAJES,B4
040520,AREQUIPA,CAYLLOMA,MAJES,EL ALTO
040208,AREQUIPA,CAMANA,SAMUEL PASTOR,ALTO DE LA LUNA
040206,AREQUIPA,CAMANA,OCOÏ¿½A,EL PUENTE
040203,AREQUIPA,CAMANA,MARIANO NICOLAS VALCARCEL,URASQUI
040108,AREQUIPA,AREQUIPA,LA JOYA,LA JOYA
040128,AREQUIPA,AREQUIPA,YURA,YURA
040804,AREQUIPA,LA UNION,HUAYNACOTAS,VISME
040205,AREQUIPA,CAMANA,NICOLAS DE PIEROLA,SAN GREGORIO
040401,AREQUIPA,CASTILLA,APLAO,MARAN GRANDE
040401,AREQUIPA,CASTILLA,APLAO,ACOY
040401,AREQUIPA,CASTILLA,APLAO,QUERULPA CHICO
040520,AREQUIPA,CAYLLOMA,MAJES,E7
040401,AREQUIPA,CASTILLA,APLAO,QUERULPA GRANDE
040205,AREQUIPA,CAMANA,NICOLAS DE PIEROLA,NICOLAS DE PIEROLA
040202,AREQUIPA,CAMANA,JOSE MARIA QUIMPER,JOSE MARIA QUIMPER
040207,AREQUIPA,CAMANA,QUILCA,QUILCA (PUEBLO NUEVO)
040413,AREQUIPA,CASTILLA,URACA,EL DIQUE
040118,AREQUIPA,AREQUIPA,SAN JUAN DE SIGUAS,SAN JUAN DE SIGUAS
120128,JUNIN,HUANCAYO,QUILCAS,QUILCAS
120107,JUNIN,HUANCAYO,CHILCA,AZAPAMPA
090719,HUANCAVELICA,TAYACAJA,QUICHUAS,QUICHUAS
130611,LA LIBERTAD,OTUZCO,SALPO,COGON
100204,HUANUCO,AMBO,CONCHAMARCA,QUILACAN
020501,ANCASH,BOLOGNESI,CHIQUIAN,CHIQUIAN
150132,LIMA,LIMA,SAN JUAN DE LURIGANCHO,MONTENEGRO
150501,LIMA,CAÏ¿½ETE,SAN VICENTE DE CAÏ¿½ETE,EL CHILCAL
151005,LIMA,YAUYOS,AZANGARO,MIRAFLORES
150515,LIMA,CAÏ¿½ETE,SANTA CRUZ DE FLORES,SAN VICENTE DE ASPITIA
150810,LIMA,HUAURA,SANTA MARIA,STA.MARIA - LA COLMENA
120116,JUNIN,HUANCAYO,HUACRAPUQUIO,HUACRAPUQUIO
010701,AMAZONAS,UTCUBAMBA,BAGUA GRANDE,LA ESPERANZA
010701,AMAZONAS,UTCUBAMBA,BAGUA GRANDE,PROSOCHO
090207,HUANCAVELICA,ACOBAMBA,POMACOCHA,POMACOCHA
090208,HUANCAVELICA,ACOBAMBA,ROSARIO,ROSARIO
150812,LIMA,HUAURA,VEGUETA,VEGUETA - SAN ISIDRO
130111,LA LIBERTAD,TRUJILLO,VICTOR LARCO HERRERA,LA ENCALADA
120211,JUNIN,CONCEPCION,MITO,MITO
120906,JUNIN,CHUPACA,SAN JUAN DE ISCOS,SAN JUAN DE ISCOS
150713,LIMA,HUAROCHIRI,MARIATANA,CAPUTISH
130601,LA LIBERTAD,OTUZCO,OTUZCO,SANTA CRUZ
230101,TACNA,TACNA,TACNA,ASENTAMIENTO 4
230301,TACNA,JORGE BASADRE,LOCUMBA,LOCUMBA
130601,LA LIBERTAD,OTUZCO,OTUZCO,LLACAHUAN
050601,AYACUCHO,LUCANAS,PUQUIO,PAMPARQUI
150811,LIMA,HUAURA,SAYAN,SAYAN - QUINCHES ALTO
080705,CUSCO,CHUMBIVILCAS,LIVITACA,QQUECHA QUEHUINCHA
090720,HUANCAVELICA,TAYACAJA,ANDAYMARCA,ANDAYMARCA
150810,LIMA,HUAURA,SANTA MARIA,A.VELASQUEZ - EL SOLITARI
150802,LIMA,HUAURA,AMBAR,AMBAR - ACOCOTO
150608,LIMA,HUARAL,PACARAOS,PACARAOS
100205,HUANUCO,AMBO,HUACAR,HUACAR
080502,CUSCO,CANAS,CHECCA,CHECCA
090308,HUANCAVELICA,ANGARAES,HUALLAY-GRANDE,HUAYLLAY GRANDE
080607,CUSCO,CANCHIS,SAN PEDRO,CCOCHA-CCOSCCO PARTE
050617,AYACUCHO,LUCANAS,SAN PEDRO,SAN PABLO
150802,LIMA,HUAURA,AMBAR,AMBAR - HUANCOY
060801,CAJAMARCA,JAEN,JAEN,LA PALMA
200208,PIURA,AYABACA,SAPILLICA,TIMBES DE SAPILLICA
200304,PIURA,HUANCABAMBA,HUARMACA,SAN FRANCISCO DE LA  LAGUNA
060812,CAJAMARCA,JAEN,SANTA ROSA,LEGIDO
080603,CUSCO,CANCHIS,COMBAPATA,CULLCUYRE
021801,ANCASH,SANTA,CHIMBOTE,PORVENIR A
030207,APURIMAC,ANDAHUAYLAS,KISHUARA,VISCHINGAY
080908,CUSCO,LA CONVENCION,SANTA TERESA,HUADQUIÑA
060802,CAJAMARCA,JAEN,BELLAVISTA,PUERTO MARAÑON
050702,AYACUCHO,PARINACOCHAS,CHUMPI,BELLAVISTA
150201,LIMA,BARRANCA,BARRANCA,PAMPA VELARDE
021801,ANCASH,SANTA,CHIMBOTE,EL ACERO
130302,LA LIBERTAD,BOLIVAR,BAMBAMARCA,SAN MATEO DE MOLLEPATA
030505,APURIMAC,COTABAMBAS,MARA,CUNCA
151018,LIMA,YAUYOS,LARAOS,LARAOS
150504,LIMA,CAÏ¿½ETE,CERRO AZUL,SEÑOR DE LOS MILAGROS
030503,APURIMAC,COTABAMBAS,COYLLURQUI,CALLAHUARO
030503,APURIMAC,COTABAMBAS,COYLLURQUI,PALLPARO
030503,APURIMAC,COTABAMBAS,COYLLURQUI,ACPITAN
220508,SAN MARTIN,LAMAS,SAN ROQUE DE CUMBAZA,CHIRIKYACU
200111,PIURA,PIURA,LAS LOMAS,TOTORAL ALTO
050113,AYACUCHO,HUAMANGA,TAMBILLO,NIÑO JESUS DE ÑEQUE (NIÑUNIQUE)
150716,LIMA,HUAROCHIRI,SAN ANTONIO,JICAMARCA
230101,TACNA,TACNA,TACNA,LOS PALOS
060401,CAJAMARCA,CHOTA,CHOTA,RAMBRAN
151001,LIMA,YAUYOS,YAUYOS,PTE AUCO
051005,AYACUCHO,VICTOR FAJARDO,CANARIA,TACA
051005,AYACUCHO,VICTOR FAJARDO,CANARIA,RACJAYA
080808,CUSCO,ESPINAR,ALTO PICHIGUA,ACCOCUNCA
100107,HUANUCO,HUANUCO,SAN FRANCISCO DE CAYRAN,SAN FRANCISCO DE CAYRAN
080203,CUSCO,ACOMAYO,ACOS,ACOS
130702,LA LIBERTAD,PACASMAYO,GUADALUPE,CASA BLANCA
050108,AYACUCHO,HUAMANGA,QUINUA,SALLALLI
051012,AYACUCHO,VICTOR FAJARDO,VILCANCHOS,HUANCANO
090201,HUANCAVELICA,ACOBAMBA,ACOBAMBA,ACOBAMBA
230111,TACNA,TACNA,LA YARADA LOS PALOS,LA YARADA LOS PALOS
021405,ANCASH,OCROS,COCHAS,COCHAS
020503,ANCASH,BOLOGNESI,ANTONIO RAIMONDI,JARACHACRA
150512,LIMA,CAÏ¿½ETE,QUILMANA,LA HUERTA (SANTA ELENA)
060801,CAJAMARCA,JAEN,JAEN,LOMA SANTA
090401,HUANCAVELICA,CASTROVIRREYNA,CASTROVIRREYNA,CASTROVIRREYNA
022005,ANCASH,YUNGAY,QUILLO,CARHUA PAMPA
050505,AYACUCHO,LA MAR,CHUNGUI,MOYABAMBA
050501,AYACUCHO,LA MAR,SAN MIGUEL,ACCOBAMBA
150802,LIMA,HUAURA,AMBAR,AMBAR - ARINCHAY
080908,CUSCO,LA CONVENCION,SANTA TERESA,CHINGANILLA
010609,AMAZONAS,RODRIGUEZ DE MENDOZA,OMIA,MIRAFLORES
131101,LA LIBERTAD,GRAN CHIMU,CASCAS,OCHAPE ALTO
021804,ANCASH,SANTA,MACATE,MACATE
120608,JUNIN,SATIPO,RIO TAMBO,CAS-TAMBO
151022,LIMA,YAUYOS,OMAS,CUMIAS
150713,LIMA,HUAROCHIRI,MARIATANA,COTO
050401,AYACUCHO,HUANTA,HUANTA,PAMPA CHACRA (CHUPIS)
050401,AYACUCHO,HUANTA,HUANTA,UCHCUMARCA
200304,PIURA,HUANCABAMBA,HUARMACA,SAN ANTONIO
080202,CUSCO,ACOMAYO,ACOPIA,ACOPIA
050508,AYACUCHO,LA MAR,TAMBO,ROSASPATA
120113,JUNIN,HUANCAYO,CULLHUAS,AZACRUZ
120404,JUNIN,JAUJA,ATAURA,ATAURA
120606,JUNIN,SATIPO,PANGOA,SAN PABLO DE QUIMOTARI
120601,JUNIN,SATIPO,SATIPO,MONTERRICO
010105,AMAZONAS,CHACHAPOYAS,CHILIQUIN,CHILIQUIN
050401,AYACUCHO,HUANTA,HUANTA,CHANCARAY
150510,LIMA,CAÏ¿½ETE,NUEVO IMPERIAL,CANTERA
010608,AMAZONAS,RODRIGUEZ DE MENDOZA,MILPUCC,CHONTA PAMPA
060805,CAJAMARCA,JAEN,HUABAL,CAJONES
090502,HUANCAVELICA,CHURCAMPA,ANCO,RODIONA
080903,CUSCO,LA CONVENCION,HUAYOPATA,HUAYOPATA
060401,CAJAMARCA,CHOTA,CHOTA,COLPAPAMPA
200402,PIURA,MORROPON,BUENOS AIRES,CARRASQUILLO
010701,AMAZONAS,UTCUBAMBA,BAGUA GRANDE,QUEBRADA SECA
010103,AMAZONAS,CHACHAPOYAS,BALSAS,SAULLAMUR
051103,AYACUCHO,VILCAS HUAMAN,CARHUANCA,CHILE CRUZ
050401,AYACUCHO,HUANTA,HUANTA,PULTUNCHARA
050401,AYACUCHO,HUANTA,HUANTA,PAMPALCA
050617,AYACUCHO,LUCANAS,SAN PEDRO,SAN ANTONIO
050617,AYACUCHO,LUCANAS,SAN PEDRO,SANTA ISABEL
150501,LIMA,CAÏ¿½ETE,SAN VICENTE DE CAÏ¿½ETE,SANTA ROSA
120133,JUNIN,HUANCAYO,SAPALLANGA,MIRAFLORES
050401,AYACUCHO,HUANTA,HUANTA,CCACCAS
040520,AREQUIPA,CAYLLOMA,MAJES,ALTO SIGUAS
040208,AREQUIPA,CAMANA,SAMUEL PASTOR,BELLAVISTA
040520,AREQUIPA,CAYLLOMA,MAJES,D5
040201,AREQUIPA,CAMANA,CAMANA,EL PEDREGAL
040115,AREQUIPA,AREQUIPA,QUEQUEÏ¿½A,QUEQUEÑA
040120,AREQUIPA,AREQUIPA,SANTA ISABEL DE SIGUAS,SANTA ISABEL DE SIGUAS
040106,AREQUIPA,AREQUIPA,CHIGUATA,TILUMPAYA
040208,AREQUIPA,CAMANA,SAMUEL PASTOR,EL MONTE
200114,PIURA,PIURA,TAMBO GRANDE,TEJEDORES BAJO
150506,LIMA,CAÏ¿½ETE,COAYLLO,SANTA ROSA DE CATA (CATA)
150603,LIMA,HUARAL,ATAVILLOS BAJO,ATAVILLOS BAJO
040308,AREQUIPA,CARAVELI,CHAPARRA,CHAPARRAL
050407,AYACUCHO,HUANTA,SIVIA,NOVILLOCCASA
010702,AMAZONAS,UTCUBAMBA,CAJARURO,LA CURVA SANTA CRUZ
080908,CUSCO,LA CONVENCION,SANTA TERESA,COCALMAYO
010103,AMAZONAS,CHACHAPOYAS,BALSAS,CHACANTO
010202,AMAZONAS,BAGUA,ARAMANGO,MIRADOR
040208,AREQUIPA,CAMANA,SAMUEL PASTOR,LA YESERA
010103,AMAZONAS,CHACHAPOYAS,BALSAS,BALSAS
090114,HUANCAVELICA,HUANCAVELICA,PALCA,PALCA
131001,LA LIBERTAD,SANTIAGO DE CHUCO,SANTIAGO DE CHUCO,CHAMBUC (MEMBRILLO)
080601,CUSCO,CANCHIS,SICUANI,24 DE NOVIEMBRE
120601,JUNIN,SATIPO,SATIPO,CASHINGARI
050405,AYACUCHO,HUANTA,LURICOCHA,IRIBAMBA
050401,AYACUCHO,HUANTA,HUANTA,PALMAYOCC
080601,CUSCO,CANCHIS,SICUANI,TRAPICHE
220502,SAN MARTIN,LAMAS,ALONSO DE ALVARADO,CANAAN
090311,HUANCAVELICA,ANGARAES,SANTO TOMAS DE PATA,CHUPACC
040206,AREQUIPA,CAMANA,OCOÏ¿½A,PESCADORES
150601,LIMA,HUARAL,HUARAL,MARIA PAZ
131104,LA LIBERTAD,GRAN CHIMU,SAYAPULLO,BRASIL
130504,LA LIBERTAD,JULCAN,HUASO,CANRAZ
120132,JUNIN,HUANCAYO,SAN PEDRO DE SAÏ¿½O,SAN PEDRO DE SAÑO
050405,AYACUCHO,HUANTA,LURICOCHA,INTAY
120403,JUNIN,JAUJA,APATA,APATA
120808,JUNIN,YAULI,SANTA ROSA DE SACCO,SANTA ROSA DE SACCO
120422,JUNIN,JAUJA,PACA,PACA
100107,HUANUCO,HUANUCO,SAN FRANCISCO DE CAYRAN,ROSARIO DE HUANCACHUPA
120904,JUNIN,CHUPACA,HUACHAC,HUACHAC
010602,AMAZONAS,RODRIGUEZ DE MENDOZA,CHIRIMOTO,VISTA ALEGRE
040605,AREQUIPA,CONDESUYOS,IRAY,IRAY
040413,AREQUIPA,CASTILLA,URACA,PEDREGAL
040413,AREQUIPA,CASTILLA,URACA,PITIS
040608,AREQUIPA,CONDESUYOS,YANAQUIHUA,ISPACAS
040413,AREQUIPA,CASTILLA,URACA,TORAN
040605,AREQUIPA,CONDESUYOS,IRAY,PACAYCHACRA
040401,AREQUIPA,CASTILLA,APLAO,HUATIAPILLA (SAN JOSE DE HUATIAPILLA)
040601,AREQUIPA,CONDESUYOS,CHUQUIBAMBA,BUENA VISTA
040401,AREQUIPA,CASTILLA,APLAO,ONGORO BAJO
040601,AREQUIPA,CONDESUYOS,CHUQUIBAMBA,CHIRINGAY
040413,AREQUIPA,CASTILLA,URACA,SARCAS
040401,AREQUIPA,CASTILLA,APLAO,LOS PUROS
040413,AREQUIPA,CASTILLA,URACA,EL MIRADOR
040520,AREQUIPA,CAYLLOMA,MAJES,B3
040124,AREQUIPA,AREQUIPA,UCHUMAYO,QUISHUARANI
040706,AREQUIPA,ISLAY,PUNTA DE BOMBON,PUNTA DE BOMBON
040116,AREQUIPA,AREQUIPA,SABANDIA,SABANDIA
040520,AREQUIPA,CAYLLOMA,MAJES,E4
180201,MOQUEGUA,GENERAL SANCHEZ CERRO,OMATE,OMATE
040116,AREQUIPA,AREQUIPA,SABANDIA,HUMAPALCA
180201,MOQUEGUA,GENERAL SANCHEZ CERRO,OMATE,LINDAY PAMPA
040503,AREQUIPA,CAYLLOMA,CABANACONDE,CABANACONDE
040701,AREQUIPA,ISLAY,MOLLENDO,MOLLENDO
040512,AREQUIPA,CAYLLOMA,MACA,MACA
040120,AREQUIPA,AREQUIPA,SANTA ISABEL DE SIGUAS,TINTIN
040308,AREQUIPA,CARAVELI,CHAPARRA,CHAPARRA
060603,CAJAMARCA,CUTERVO,CHOROS,CUYCA
040208,AREQUIPA,CAMANA,SAMUEL PASTOR,HABITAT LA PAMPA
050114,AYACUCHO,HUAMANGA,VINCHOS,SAN LUCAS
050114,AYACUCHO,HUAMANGA,VINCHOS,ARIZONA
150731,LIMA,HUAROCHIRI,SANTO DOMINGO DE LOS OLLEROS,MATARA
130601,LA LIBERTAD,OTUZCO,OTUZCO,EL PORVENIR
080904,CUSCO,LA CONVENCION,MARANURA,HUALLPAMAYTA
060804,CAJAMARCA,JAEN,COLASAY,CUYCA
050204,AYACUCHO,CANGALLO,MARIA PARADO DE BELLIDO,URIHUANA(HORIHUANA)
050405,AYACUCHO,HUANTA,LURICOCHA,PICHIURARA
150713,LIMA,HUAROCHIRI,MARIATANA,PIE LA CUESTA
100505,HUANUCO,HUAMALIES,JIRCAN,JIRCAN
040122,AREQUIPA,AREQUIPA,SOCABAYA,CHUCA
100105,HUANUCO,HUANUCO,MARGOS,HUILLI
101101,HUANUCO,YAROWILCA,CHAVINILLO,CHAVINILLO
120210,JUNIN,CONCEPCION,MATAHUASI,MATAHUASI
020610,ANCASH,CARHUAZ,TINCO,TINCO
010702,AMAZONAS,UTCUBAMBA,CAJARURO,RON CHICO
100704,HUANUCO,MARAÏ¿½ON,LA MORADA,EL CRUCE
120136,JUNIN,HUANCAYO,VIQUES,VIQUES
151007,LIMA,YAUYOS,CARANIA,CARANIA
040401,AREQUIPA,CASTILLA,APLAO,LUCHEA
021210,ANCASH,HUAYLAS,YURACMARCA,YURACMARCA
200101,PIURA,PIURA,PIURA,A.H. JAVIER HERAUD
051104,AYACUCHO,VILCAS HUAMAN,CONCEPCION,PACOMARCA
040122,AREQUIPA,AREQUIPA,SOCABAYA,HORACIO ZEBALLOS GAMEZ
080502,CUSCO,CANAS,CHECCA,CHITIBAMBA
130614,LA LIBERTAD,OTUZCO,USQUIL,USQUIL
050106,AYACUCHO,HUAMANGA,OCROS,URUBAMBA
110508,ICA,PISCO,TUPAC AMARU INCA,TUPAC AMARU
080904,CUSCO,LA CONVENCION,MARANURA,BEATRIZ MEDIA
040401,AREQUIPA,CASTILLA,APLAO,CASPANI
220502,SAN MARTIN,LAMAS,ALONSO DE ALVARADO,MIRAFLORES
010606,AMAZONAS,RODRIGUEZ DE MENDOZA,LONGAR,LUCERO PATA
040810,AREQUIPA,LA UNION,TOMEPAMPA,TOMEPAMPA
010606,AMAZONAS,RODRIGUEZ DE MENDOZA,LONGAR,ARANJUEZ
080906,CUSCO,LA CONVENCION,QUELLOUNO,ALTO PABELLON
030202,APURIMAC,ANDAHUAYLAS,ANDARAPA,HUANCAS
120601,JUNIN,SATIPO,SATIPO,ALTO PERU
021801,ANCASH,SANTA,CHIMBOTE,REUBICACION
080910,CUSCO,LA CONVENCION,PICHARI,TRINCAVINE
040413,AREQUIPA,CASTILLA,URACA,CANTAS
080204,CUSCO,ACOMAYO,MOSOC LLACTA,CHILCANE
040410,AREQUIPA,CASTILLA,PAMPACOLCA,PAMPACOLCA
061301,CAJAMARCA,SANTA CRUZ,SANTA CRUZ,SANTA LUCIA
040413,AREQUIPA,CASTILLA,URACA,PUNTA COLORADA
040811,AREQUIPA,LA UNION,TORO,TORO
040116,AREQUIPA,AREQUIPA,SABANDIA,YUMINA
050114,AYACUCHO,HUAMANGA,VINCHOS,PUTACCA
151003,LIMA,YAUYOS,ALLAUCA,CONCUBAY
120121,JUNIN,HUANCAYO,HUAYUCACHI,HUAMANMARCA
010611,AMAZONAS,RODRIGUEZ DE MENDOZA,TOTORA,LA FLORIDA
040401,AREQUIPA,CASTILLA,APLAO,MAMAS
040704,AREQUIPA,ISLAY,ISLAY,LOMAS DE ISLAY
040606,AREQUIPA,CONDESUYOS,RIO GRANDE,SAN JUAN DE CHORUNGA
100601,HUANUCO,LEONCIO PRADO,RUPA-RUPA,LA MERCED DE LOCRO
150512,LIMA,CAÏ¿½ETE,QUILMANA,BUENOS AIRES
081003,CUSCO,PARURO,CCAPI,CCAPI
040401,AREQUIPA,CASTILLA,APLAO,ANDAMAYO
050508,AYACUCHO,LA MAR,TAMBO,ACCO
120119,JUNIN,HUANCAYO,HUANCAN,HUARI
050508,AYACUCHO,LA MAR,TAMBO,HUAYAO
190201,PASCO,DANIEL ALCIDES CARRION,YANAHUANCA,YANACOCHA
080910,CUSCO,LA CONVENCION,PICHARI,TUPAC AMARU II
061204,CAJAMARCA,SAN PABLO,TUMBADEN,TUMBADEN
120413,JUNIN,JAUJA,LEONOR ORDOÏ¿½EZ,HUANCANI
080107,CUSCO,CUSCO,SAYLLA,SAYLLA
030216,APURIMAC,ANDAHUAYLAS,TALAVERA,UCHU HUANCARAY
040519,AREQUIPA,CAYLLOMA,YANQUE,CHALHUANCA
130501,LA LIBERTAD,JULCAN,JULCAN,SANTA TERESA
010702,AMAZONAS,UTCUBAMBA,CAJARURO,SANTA CRUZ DE BUENA VISTA
130614,LA LIBERTAD,OTUZCO,USQUIL,CAPACHIQUE
050601,AYACUCHO,LUCANAS,PUQUIO,SANTA ROSA DE LA VICTORIA
130602,LA LIBERTAD,OTUZCO,AGALLPAMPA,MOTIL
040208,AREQUIPA,CAMANA,SAMUEL PASTOR,PAMPA BAJA
050804,AYACUCHO,PAUCAR DEL SARA SARA,LAMPA,LAMPA
090413,HUANCAVELICA,CASTROVIRREYNA,TICRAPO,CHIPTA
050804,AYACUCHO,PAUCAR DEL SARA SARA,LAMPA,SAN SEBASTIAN DE SACRACA
110507,ICA,PISCO,SAN CLEMENTE,BANDIN
180207,MOQUEGUA,GENERAL SANCHEZ CERRO,MATALAQUE,MATALAQUE
050805,AYACUCHO,PAUCAR DEL SARA SARA,MARCABAMBA,MARCABAMBA
040128,AREQUIPA,AREQUIPA,YURA,LA CALERA
090601,HUANCAVELICA,HUAYTARA,HUAYTARA,DOS DE MAYO
151027,LIMA,YAUYOS,SAN PEDRO DE PILAS,SAN JUAN DE CHILLA
010609,AMAZONAS,RODRIGUEZ DE MENDOZA,OMIA,LOS OLIVOS
080501,CUSCO,CANAS,YANAOCA,LAYMI
120907,JUNIN,CHUPACA,SAN JUAN DE JARPA,JARPA
200115,PIURA,PIURA,VEINTISEIS DE OCTUBRE,UPIS. KURT BERT
120406,JUNIN,JAUJA,CURICACA,CURIACA (EL ROSARIO)
040108,AREQUIPA,AREQUIPA,LA JOYA,LA GRANJA II
151015,LIMA,YAUYOS,HUANGASCAR,PALLCA
120106,JUNIN,HUANCAYO,CHICCHE,CHICCHE
040204,AREQUIPA,CAMANA,MARISCAL CACERES,CHULI
010701,AMAZONAS,UTCUBAMBA,BAGUA GRANDE,ALTO PERU
090502,HUANCAVELICA,CHURCAMPA,ANCO,SOCOS
040122,AREQUIPA,AREQUIPA,SOCABAYA,LAS PEÑAS
080301,CUSCO,ANTA,ANTA,INQUIL PATA
080606,CUSCO,CANCHIS,SAN PABLO,CHIARA
110501,ICA,PISCO,PISCO,PACHINGA BAJA
080301,CUSCO,ANTA,ANTA,HUERTA
020802,ANCASH,CASMA,BUENA VISTA ALTA,RUMIPALLANA
050401,AYACUCHO,HUANTA,HUANTA,PAQUECC
040506,AREQUIPA,CAYLLOMA,COPORAQUE,COPORAQUE
060811,CAJAMARCA,JAEN,SAN JOSE DEL ALTO,PAMPAS DEL INCA
050401,AYACUCHO,HUANTA,HUANTA,CCOLLPA
050508,AYACUCHO,LA MAR,TAMBO,OSNO BAJO
080602,CUSCO,CANCHIS,CHECACUPE,OCOBAMBA
080601,CUSCO,CANCHIS,SICUANI,QUEHUAR
090406,HUANCAVELICA,CASTROVIRREYNA,COCAS,VISCHINCHA
130503,LA LIBERTAD,JULCAN,CARABAMBA,SAN JOSE DE ZALO ALTO
021804,ANCASH,SANTA,MACATE,SOLEDAD
080501,CUSCO,CANAS,YANAOCA,JILAYHUA
050404,AYACUCHO,HUANTA,IGUAIN,PANTACA
220502,SAN MARTIN,LAMAS,ALONSO DE ALVARADO,NUEVA  UNION
100103,HUANUCO,HUANUCO,CHINCHAO,SAN PABLO DE PILLAO
151014,LIMA,YAUYOS,HUANCAYA,HUANCAYA
220801,SAN MARTIN,RIOJA,RIOJA,SANTA ROSA DE COCAYACU
150510,LIMA,CAÏ¿½ETE,NUEVO IMPERIAL,SANTA MARIA ALTA
200201,PIURA,AYABACA,AYABACA,AUL
050106,AYACUCHO,HUAMANGA,OCROS,LLACCOLLA
040202,AREQUIPA,CAMANA,JOSE MARIA QUIMPER,LA SALADA
090406,HUANCAVELICA,CASTROVIRREYNA,COCAS,COCAS
150715,LIMA,HUAROCHIRI,SAN ANDRES DE TUPICOCHA,SAN ANDRES DE TUPICOCHA
151001,LIMA,YAUYOS,YAUYOS,QUICHCA
060614,CAJAMARCA,CUTERVO,SOCOTA,LIBERTAD DE LA PALMA
120214,JUNIN,CONCEPCION,SAN JOSE DE QUERO,SAN JOSE DE QUERO
090502,HUANCAVELICA,CHURCAMPA,ANCO,SANTA ELENA
040113,AREQUIPA,AREQUIPA,POCSI,POCSI
010602,AMAZONAS,RODRIGUEZ DE MENDOZA,CHIRIMOTO,PARAISO
120124,JUNIN,HUANCAYO,PARIAHUANCA,OCCORO (OJARO)
220506,SAN MARTIN,LAMAS,PINTO RECODO,VISTA ALEGRE
022005,ANCASH,YUNGAY,QUILLO,PARIACOLCA
150510,LIMA,CAÏ¿½ETE,NUEVO IMPERIAL,PUEBLO NUEVO DE CONTA ROMA
040206,AREQUIPA,CAMANA,OCOÏ¿½A,PUEBLO VIEJO
021301,ANCASH,MARISCAL LUZURIAGA,PISCOBAMBA,PISCOBAMBA
130503,LA LIBERTAD,JULCAN,CARABAMBA,SANTA CRUZ
220101,SAN MARTIN,MOYOBAMBA,MOYOBAMBA,MEDELLIN
040520,AREQUIPA,CAYLLOMA,MAJES,CRUCE MAJES
050103,AYACUCHO,HUAMANGA,ACOS VINCHOS,MAYOPAMPA
040301,AREQUIPA,CARAVELI,CARAVELI,SAYTIÑA
010702,AMAZONAS,UTCUBAMBA,CAJARURO,SEDA FLOR
050401,AYACUCHO,HUANTA,HUANTA,SECCLLAS
050401,AYACUCHO,HUANTA,HUANTA,CALLQUI
090205,HUANCAVELICA,ACOBAMBA,MARCAS,PARISA (PARIZA)
021805,ANCASH,SANTA,MORO,SAN FELIPE
021206,ANCASH,HUAYLAS,PAMPAROMAS,PAMPAP
021805,ANCASH,SANTA,MORO,HUARCOS
050807,AYACUCHO,PAUCAR DEL SARA SARA,PARARCA,PARARCA
050807,AYACUCHO,PAUCAR DEL SARA SARA,PARARCA,COLCABAMBA
100311,HUANUCO,DOS DE MAYO,MARIAS,MARIAS
022005,ANCASH,YUNGAY,QUILLO,CORACOLLO BAJO (HUALLME)
040701,AREQUIPA,ISLAY,MOLLENDO,IRRIGACION MOLLENDO
030209,APURIMAC,ANDAHUAYLAS,PACUCHA,COTAHUACHO ALTO
130809,LA LIBERTAD,PATAZ,PATAZ,PATAZ
040108,AREQUIPA,AREQUIPA,LA JOYA,ESTACION RAMAL
150811,LIMA,HUAURA,SAYAN,SAYAN - LA PAMPILLA
010601,AMAZONAS,RODRIGUEZ DE MENDOZA,SAN NICOLAS,JUANDIL
150510,LIMA,CAÏ¿½ETE,NUEVO IMPERIAL,LA FLORIDA
050502,AYACUCHO,LA MAR,ANCO,CCOLLPAPAMPA
040312,AREQUIPA,CARAVELI,QUICACHA,QUICACHA
050404,AYACUCHO,HUANTA,IGUAIN,VILLA FLORIDA
131104,LA LIBERTAD,GRAN CHIMU,SAYAPULLO,RANCHO GRANDE
040206,AREQUIPA,CAMANA,OCOÏ¿½A,MOLLEBAMBA
050505,AYACUCHO,LA MAR,CHUNGUI,BELEN CHAPI
050501,AYACUCHO,LA MAR,SAN MIGUEL,CHACA
050502,AYACUCHO,LA MAR,ANCO,CHIQUINTIRCA
220510,SAN MARTIN,LAMAS,TABALOSOS,MACHINGAO
010103,AMAZONAS,CHACHAPOYAS,BALSAS,SAN BASILIO
130601,LA LIBERTAD,OTUZCO,OTUZCO,CUYUNDAY
021909,ANCASH,SIHUAS,SAN JUAN,SAN JUAN
010701,AMAZONAS,UTCUBAMBA,BAGUA GRANDE,LAS GUINEAS
220104,SAN MARTIN,MOYOBAMBA,JEPELACIO,EL LAUREL
131001,LA LIBERTAD,SANTIAGO DE CHUCO,SANTIAGO DE CHUCO,QUERQUERBALL
030411,APURIMAC,AYMARAES,SAN JUAN DE CHACÏ¿½A,SAN JUAN DE CHACÏ¿½A
120503,JUNIN,JUNIN,ONDORES,SAN PEDRO DE PARI
120402,JUNIN,JAUJA,ACOLLA,ACOLLA
090701,HUANCAVELICA,TAYACAJA,PAMPAS,MANTACRA
040520,AREQUIPA,CAYLLOMA,MAJES,E5
120402,JUNIN,JAUJA,ACOLLA,YANAMARCA
090504,HUANCAVELICA,CHURCAMPA,EL CARMEN,LARCAY
010609,AMAZONAS,RODRIGUEZ DE MENDOZA,OMIA,LA LAGUNA
040125,AREQUIPA,AREQUIPA,VITOR,LA CALETA
021004,ANCASH,HUARI,CHAVIN DE HUANTAR,CHAVIN DE HUANTAR
021801,ANCASH,SANTA,CHIMBOTE,2 DE MAYO
040124,AREQUIPA,AREQUIPA,UCHUMAYO,EL CURAL
022005,ANCASH,YUNGAY,QUILLO,RINCONADA
050205,AYACUCHO,CANGALLO,PARAS,PARAS
150501,LIMA,CAÏ¿½ETE,SAN VICENTE DE CAÏ¿½ETE,ARENA ALTA
040509,AREQUIPA,CAYLLOMA,ICHUPAMPA,ICHUPAMPA
200114,PIURA,PIURA,TAMBO GRANDE,SEREN
200208,PIURA,AYABACA,SAPILLICA,COLETAS
051006,AYACUCHO,VICTOR FAJARDO,CAYARA,CHINCHEROS
220804,SAN MARTIN,RIOJA,NUEVA CAJAMARCA,EL CEDRO
040121,AREQUIPA,AREQUIPA,SANTA RITA DE SIHUAS,LATERAL 1
051007,AYACUCHO,VICTOR FAJARDO,COLCA,COLCA
140107,LAMBAYEQUE,CHICLAYO,LAGUNAS,NUEVO MOCUPE
040208,AREQUIPA,CAMANA,SAMUEL PASTOR,BUENOS AIRES
090302,HUANCAVELICA,ANGARAES,ANCHONGA,ANCHONGA
150132,LIMA,LIMA,SAN JUAN DE LURIGANCHO,JUAN PABLO SEGUNDO
010103,AMAZONAS,CHACHAPOYAS,BALSAS,HORNOPAMPA
200101,PIURA,PIURA,PIURA,RESID. PIURA
050401,AYACUCHO,HUANTA,HUANTA,SAN LUIS
040125,AREQUIPA,AREQUIPA,VITOR,9 DE FEBRERO
130601,LA LIBERTAD,OTUZCO,OTUZCO,TRIGO PAMPA
130601,LA LIBERTAD,OTUZCO,OTUZCO,MARISCAL CASTILLA
050501,AYACUCHO,LA MAR,SAN MIGUEL,INCARAQAY
040801,AREQUIPA,LA UNION,COTAHUASI,QUILLUNSA
040401,AREQUIPA,CASTILLA,APLAO,COCHATE
040413,AREQUIPA,CASTILLA,URACA,GOYENECHE
040413,AREQUIPA,CASTILLA,URACA,URACA
040804,AREQUIPA,LA UNION,HUAYNACOTAS,TAURISMA
030701,APURIMAC,GRAU,CHUQUIBAMBILLA,CHUQUIBAMBILLA
030205,APURIMAC,ANDAHUAYLAS,HUANCARAY,MOLLEPATA
090601,HUANCAVELICA,HUAYTARA,HUAYTARA,HUATAS
080604,CUSCO,CANCHIS,MARANGANI,CHECTUYOC
150504,LIMA,CAÏ¿½ETE,CERRO AZUL,CASA BLANCA (CASONA)
020510,ANCASH,BOLOGNESI,HUAYLLACAYAN,HUAYLLACAYAN
120114,JUNIN,HUANCAYO,EL TAMBO,COCHAS CHICO
020904,ANCASH,CORONGO,CUSCA,CUSCA
021205,ANCASH,HUAYLAS,MATO,ANCORACA
010609,AMAZONAS,RODRIGUEZ DE MENDOZA,OMIA,LIMON
120503,JUNIN,JUNIN,ONDORES,SAN BLAS
030714,APURIMAC,GRAU,CURASCO,CURASCO
021207,ANCASH,HUAYLAS,PUEBLO LIBRE,COTORACA
021208,ANCASH,HUAYLAS,SANTA CRUZ,CUNCASH
130601,LA LIBERTAD,OTUZCO,OTUZCO,MAGDALENA DE BURRUCHAGA
120504,JUNIN,JUNIN,ULCUMAYO,JACHAHUANCA
030605,APURIMAC,CHINCHEROS,OCOBAMBA,OCOBAMBA
130202,LA LIBERTAD,ASCOPE,CHICAMA,PAMPAS DE JAGUEY
010201,AMAZONAS,BAGUA,BAGUA,ESPITAL
040206,AREQUIPA,CAMANA,OCOÏ¿½A,PANARCANA
050610,AYACUCHO,LUCANAS,LLAUTA,PUCURI (PUCARI)
130602,LA LIBERTAD,OTUZCO,AGALLPAMPA,LA MORADA TRES RIOS
120111,JUNIN,HUANCAYO,CHUPURO,CHUPURO
040206,AREQUIPA,CAMANA,OCOÏ¿½A,PUMACOTO
010603,AMAZONAS,RODRIGUEZ DE MENDOZA,COCHAMAL,COCHAMAL
200109,PIURA,PIURA,LA ARENA,MONTE GRANDE
120129,JUNIN,HUANCAYO,SAN AGUSTIN,BELLAVISTA
061001,CAJAMARCA,SAN MARCOS,PEDRO GALVEZ,SAPARCON
220804,SAN MARTIN,RIOJA,NUEVA CAJAMARCA,BUENOS AIRES
010203,AMAZONAS,BAGUA,COPALLIN,ALENYA
220805,SAN MARTIN,RIOJA,PARDO MIGUEL,SANTA GRUZ
150812,LIMA,HUAURA,VEGUETA,TIROLER - TRAVIESO
150506,LIMA,CAÏ¿½ETE,COAYLLO,UNCHOR
040405,AREQUIPA,CASTILLA,CHILCAYMARCA,CHILCAYMARCA
120420,JUNIN,JAUJA,MUQUI,MUQUI
151022,LIMA,YAUYOS,OMAS,MURALLA
040403,AREQUIPA,CASTILLA,AYO,AYO
151022,LIMA,YAUYOS,OMAS,HUAYABO
120906,JUNIN,CHUPACA,SAN JUAN DE ISCOS,YANAMARCA
090715,HUANCAVELICA,TAYACAJA,SALCAHUASI,SALCAHUASI
131201,LA LIBERTAD,VIRU,VIRU,PUENTE VIRU
010706,AMAZONAS,UTCUBAMBA,LONYA GRANDE,HUAYLLA
151024,LIMA,YAUYOS,QUINCHES,SAN JUAN DE MALLEURAN (MALLEURAN)
150111,LIMA,LIMA,EL AGUSTINO,CATALINA HUANCA
190207,PASCO,DANIEL ALCIDES CARRION,TAPUC,SAN CRISTOBAL DE CHAUPIMARCA (CHAUPIMARCA)
151029,LIMA,YAUYOS,TAURIPAMPA,SUYUCO
150506,LIMA,CAÏ¿½ETE,COAYLLO,SOCSA
061201,CAJAMARCA,SAN PABLO,SAN PABLO,SUCCHABAMBA
151002,LIMA,YAUYOS,ALIS,ALIS
120906,JUNIN,CHUPACA,SAN JUAN DE ISCOS,TINYARI GRANDE
120121,JUNIN,HUANCAYO,HUAYUCACHI,MIRAFLORES
050106,AYACUCHO,HUAMANGA,OCROS,NINABAMBA
120405,JUNIN,JAUJA,CANCHAYLLO,CANCHAYLLO
040604,AREQUIPA,CONDESUYOS,CHICHAS,YACHANGUILLO
040602,AREQUIPA,CONDESUYOS,ANDARAY,ANDARAY
040601,AREQUIPA,CONDESUYOS,CHUQUIBAMBA,PAMPACHACRA
040413,AREQUIPA,CASTILLA,URACA,LA CANDELARIA
040407,AREQUIPA,CASTILLA,HUANCARQUI,EL CONTO
040401,AREQUIPA,CASTILLA,APLAO,EL MONTE
040401,AREQUIPA,CASTILLA,APLAO,LA BARRANCA
120433,JUNIN,JAUJA,YAULI,JAJAPAQUI
151007,LIMA,YAUYOS,CARANIA,ACHIN
040413,AREQUIPA,CASTILLA,URACA,LA BARRERA
040401,AREQUIPA,CASTILLA,APLAO,MARANCITO
030207,APURIMAC,ANDAHUAYLAS,KISHUARA,QUILLABAMBA
120114,JUNIN,HUANCAYO,EL TAMBO,COCHAS GRANDE
050404,AYACUCHO,HUANTA,IGUAIN,CANGARI
022008,ANCASH,YUNGAY,YANAMA,YANAMA
021201,ANCASH,HUAYLAS,CARAZ,YANAHUARA
050706,AYACUCHO,PARINACOCHAS,PUYUSCA,PUYUSCA
120608,JUNIN,SATIPO,RIO TAMBO,SHAMPINTIARI
050705,AYACUCHO,PARINACOCHAS,PULLO,PUEBLO NUEVO DE HUILLCALLAMA
120604,JUNIN,SATIPO,MAZAMARI,SAN JOSE DE PAURALI
050701,AYACUCHO,PARINACOCHAS,CORACORA,ILCOCOCHA
040601,AREQUIPA,CONDESUYOS,CHUQUIBAMBA,CARMEN ALTO
220802,SAN MARTIN,RIOJA,AWAJUN,ALTO MAYO
050701,AYACUCHO,PARINACOCHAS,CORACORA,MUCHAPAMPA
050701,AYACUCHO,PARINACOCHAS,CORACORA,TACCRA
150205,LIMA,BARRANCA,SUPE PUERTO,SAN JOSE
150728,LIMA,HUAROCHIRI,SANTA EULALIA,PARCA
220805,SAN MARTIN,RIOJA,PARDO MIGUEL,EL AFLUENTE
120415,JUNIN,JAUJA,MARCO,TRAGADERO
010701,AMAZONAS,UTCUBAMBA,BAGUA GRANDE,CAMPO ALEGRE
120604,JUNIN,SATIPO,MAZAMARI,SANTA MARTHA
120604,JUNIN,SATIPO,MAZAMARI,SAN ISIDRO DE SOLO DE ORO
021801,ANCASH,SANTA,CHIMBOTE,EL CARMEN
230301,TACNA,JORGE BASADRE,LOCUMBA,CAMIARA
040703,AREQUIPA,ISLAY,DEAN VALDIVIA,EL ARENAL
060601,CAJAMARCA,CUTERVO,CUTERVO,CACHACARA
100701,HUANUCO,MARAÏ¿½ON,HUACRACHUCO,HUAMBO
130503,LA LIBERTAD,JULCAN,CARABAMBA,VILLA MARIA
040121,AREQUIPA,AREQUIPA,SANTA RITA DE SIHUAS,SANTA RITA DE SIHUAS
220804,SAN MARTIN,RIOJA,NUEVA CAJAMARCA,VICTORIA NUEVA
190302,PASCO,OXAPAMPA,CHONTABAMBA,SAN CARLOS
040108,AREQUIPA,AREQUIPA,LA JOYA,VILLA HERMOSA
030502,APURIMAC,COTABAMBAS,COTABAMBAS,CHAUPEC
040413,AREQUIPA,CASTILLA,URACA,MESANA
040413,AREQUIPA,CASTILLA,URACA,PAMPA BLANCA
120133,JUNIN,HUANCAYO,SAPALLANGA,HUAYLLASPANCA
080910,CUSCO,LA CONVENCION,PICHARI,SANTA INES
040413,AREQUIPA,CASTILLA,URACA,BELLAVISTA
120204,JUNIN,CONCEPCION,CHAMBARA,SAN PEDRO DE CHILCAS
100605,HUANUCO,LEONCIO PRADO,LUYANDO,POZO AZUL
100606,HUANUCO,LEONCIO PRADO,MARIANO DAMASO BERAUN,LOS ANGELES
200601,PIURA,SULLANA,SULLANA,15 DE MARZO
151032,LIMA,YAUYOS,VIÏ¿½AC,APURI
150701,LIMA,HUAROCHIRI,MATUCANA,MOYOC
151011,LIMA,YAUYOS,COLONIA,ANCAROCHA
021808,ANCASH,SANTA,SANTA,TAMBO REAL NUEVO
060505,CAJAMARCA,CONTUMAZA,SAN BENITO,EL PORTAL
040128,AREQUIPA,AREQUIPA,YURA,PATAHUASI
110305,ICA,NAZCA,VISTA ALEGRE,PORTACHUELOS
050619,AYACUCHO,LUCANAS,SANCOS,SANTA FILOMENA (SAN LUIS)
120430,JUNIN,JAUJA,SAUSA,SAUSA
120409,JUNIN,JAUJA,HUARIPAMPA,HUARIPAMPA
220104,SAN MARTIN,MOYOBAMBA,JEPELACIO,NUEVA ALIANZA
100802,HUANUCO,PACHITEA,CHAGLLA,SANTA ELENA
140205,LAMBAYEQUE,FERREÏ¿½AFE,PITIPO,POMA III
220805,SAN MARTIN,RIOJA,PARDO MIGUEL,VILLARICA
060608,CAJAMARCA,CUTERVO,SAN ANDRES DE CUTERVO,SAN ANDRES DE CUTERVO
050603,AYACUCHO,LUCANAS,CABANA,SONDONDO
130504,LA LIBERTAD,JULCAN,HUASO,PARASIBE
021804,ANCASH,SANTA,MACATE,HUASQUIL
040408,AREQUIPA,CASTILLA,MACHAGUAY,TAPARZA
040704,AREQUIPA,ISLAY,ISLAY,MATARANI
080904,CUSCO,LA CONVENCION,MARANURA,APUTINYA
151029,LIMA,YAUYOS,TAURIPAMPA,SAN LORENZO DE POROCOCHA
020302,ANCASH,ANTONIO RAIMONDI,ACZO,ACZO
150504,LIMA,CAÏ¿½ETE,CERRO AZUL,PAMPA DE LOS LOBOS
130613,LA LIBERTAD,OTUZCO,SINSICAP,RASDAY
220104,SAN MARTIN,MOYOBAMBA,JEPELACIO,DELICIA DEL GERA
150103,LIMA,LIMA,ATE,VALDIVIEZO
010701,AMAZONAS,UTCUBAMBA,BAGUA GRANDE,ROSA PAMPA
151017,LIMA,YAUYOS,HUAÏ¿½EC,HUAÑEC
040703,AREQUIPA,ISLAY,DEAN VALDIVIA,ENSENADA
080910,CUSCO,LA CONVENCION,PICHARI,SAN PEDRO
010202,AMAZONAS,BAGUA,ARAMANGO,BELLAVISTA
080910,CUSCO,LA CONVENCION,PICHARI,COM. UNION VISTOSO
081205,CUSCO,QUISPICANCHI,CCATCA,CCOPI
050404,AYACUCHO,HUANTA,IGUAIN,IGUAIN
010702,AMAZONAS,UTCUBAMBA,CAJARURO,NUEVO PORVENIR
211207,PUNO,SANDIA,SAN JUAN DEL ORO,HUYCUSMAYO
211209,PUNO,SANDIA,ALTO INAMBARI,CHUNCHUSMAYO
211207,PUNO,SANDIA,SAN JUAN DEL ORO,NUEVA ESPERANZA
211207,PUNO,SANDIA,SAN JUAN DEL ORO,HUARANJA
220506,SAN MARTIN,LAMAS,PINTO RECODO,LA MERCED
080910,CUSCO,LA CONVENCION,PICHARI,SHINUNGARI
230101,TACNA,TACNA,TACNA,COPARE-1
150139,LIMA,LIMA,SANTA ROSA,SANTA ROSA
211207,PUNO,SANDIA,SAN JUAN DEL ORO,CHOKAL
220505,SAN MARTIN,LAMAS,CUÏ¿½UMBUQUI,SAN FERNANDO
200101,PIURA,PIURA,PIURA,A.H. JOSE INCLAN
230102,TACNA,TACNA,ALTO DE LA ALIANZA,INTIORKO
230303,TACNA,JORGE BASADRE,ITE,ITE
040502,AREQUIPA,CAYLLOMA,ACHOMA,AÑASTIRA
230203,TACNA,CANDARAVE,CAMILACA,CAMILACA
120906,JUNIN,CHUPACA,SAN JUAN DE ISCOS,ISCOS
120126,JUNIN,HUANCAYO,PUCARA,RAQUINA
120431,JUNIN,JAUJA,SINCOS,SINCOS
040401,AREQUIPA,CASTILLA,APLAO,SANTA ANA
211101,PUNO,SAN ROMAN,JULIACA,AYABACAS
211207,PUNO,SANDIA,SAN JUAN DEL ORO,JANANSAYA
110504,ICA,PISCO,INDEPENDENCIA,TOMA DE LEON
211207,PUNO,SANDIA,SAN JUAN DEL ORO,TUNQUIPATA
050614,AYACUCHO,LUCANAS,SAISA,SAISA
060601,CAJAMARCA,CUTERVO,CUTERVO,ADCUÑAC (ADGUÑAC)
120907,JUNIN,CHUPACA,SAN JUAN DE JARPA,MICHQUIPATA
080915,CUSCO,LA CONVENCION,KUMPIRUSHIATO,MATERIATO
040705,AREQUIPA,ISLAY,MEJIA,MEJIA
030205,APURIMAC,ANDAHUAYLAS,HUANCARAY,HUANCARAY
030219,APURIMAC,ANDAHUAYLAS,KAQUIABAMBA,KAQUIABAMBA
190303,PASCO,OXAPAMPA,HUANCABAMBA,ANANA
101005,HUANUCO,LAURICOCHA,RONDOS,RONDOS
080915,CUSCO,LA CONVENCION,KUMPIRUSHIATO,OCHIGOTENI
120431,JUNIN,JAUJA,SINCOS,LLACUARI PAMPA
120214,JUNIN,CONCEPCION,SAN JOSE DE QUERO,USIBAMBA
030205,APURIMAC,ANDAHUAYLAS,HUANCARAY,NATIVIDAD
211207,PUNO,SANDIA,SAN JUAN DEL ORO,YURACMAYO
150501,LIMA,CAÏ¿½ETE,SAN VICENTE DE CAÏ¿½ETE,SAN JUAN
050602,AYACUCHO,LUCANAS,AUCARA,LUREN
151003,LIMA,YAUYOS,ALLAUCA,QUIRMAN
150811,LIMA,HUAURA,SAYAN,SAYAN - CHUQUIQUINTAY
010114,AMAZONAS,CHACHAPOYAS,MOLINOPAMPA,MOLINOPAMPA
120133,JUNIN,HUANCAYO,SAPALLANGA,MILUCHACA
010601,AMAZONAS,RODRIGUEZ DE MENDOZA,SAN NICOLAS,CALHUAYCO
090501,HUANCAVELICA,CHURCAMPA,CHURCAMPA,COJCOY
150501,LIMA,CAÏ¿½ETE,SAN VICENTE DE CAÏ¿½ETE,SANTA TERESA
040105,AREQUIPA,AREQUIPA,CHARACATO,MOSOPUQUIO
200301,PIURA,HUANCABAMBA,HUANCABAMBA,SAUCE CHIQUITO
150502,LIMA,CAÏ¿½ETE,ASIA,PALMA BAJA (LA PALMA)
040122,AREQUIPA,AREQUIPA,SOCABAYA,LA PAMPA
130903,LA LIBERTAD,SANCHEZ CARRION,COCHORCO,SUCCHA
211209,PUNO,SANDIA,ALTO INAMBARI,SANTA ROSA DE YANAMAYO
211209,PUNO,SANDIA,ALTO INAMBARI,CCALLANI
120403,JUNIN,JAUJA,APATA,LA NUEVA ESPERANZA
230109,TACNA,TACNA,SAMA,SAMA
130908,LA LIBERTAD,SANCHEZ CARRION,SARTIMBAMBA,SAN FELIPE I
050619,AYACUCHO,LUCANAS,SANCOS,PALCA
220804,SAN MARTIN,RIOJA,NUEVA CAJAMARCA,EL TESORO
120429,JUNIN,JAUJA,SAN PEDRO DE CHUNAN,SAN PEDRO DE CHUNAN
120107,JUNIN,HUANCAYO,CHILCA,AUQUIMARCA
230110,TACNA,TACNA,CORONEL GREGORIO ALBARRACIN L.,ALTO VIÑANI
150602,LIMA,HUARAL,ATAVILLOS ALTO,BAÑOS
100207,HUANUCO,AMBO,SAN RAFAEL,SANTA ROSA DE PILLAO (PILLAO)
211210,PUNO,SANDIA,SAN PEDRO DE PUTINA PUNCO,BAJO TUNQUIMAYO
150502,LIMA,CAÏ¿½ETE,ASIA,CAPILLA DE ASIA
030218,APURIMAC,ANDAHUAYLAS,TURPO,TURPO
120414,JUNIN,JAUJA,LLOCLLAPAMPA,LLOCLLAPAMPA
040124,AREQUIPA,AREQUIPA,UCHUMAYO,CONGATA
100109,HUANUCO,HUANUCO,SANTA MARIA DEL VALLE,PACAYPAMPA
050106,AYACUCHO,HUAMANGA,OCROS,LLAHUICCMARCA
100101,HUANUCO,HUANUCO,HUANUCO,CANCHAN
120423,JUNIN,JAUJA,PACCHA,PACCHA
150601,LIMA,HUARAL,HUARAL,JESUS DEL VALLE
101007,HUANUCO,LAURICOCHA,SAN MIGUEL DE CAURI,CAURI
230111,TACNA,TACNA,LA YARADA LOS PALOS,LOS PALOS
120204,JUNIN,CONCEPCION,CHAMBARA,SAN BLAS
010706,AMAZONAS,UTCUBAMBA,LONYA GRANDE,ORTIZ ARRIETA
030209,APURIMAC,ANDAHUAYLAS,PACUCHA,PACUCHA
200115,PIURA,PIURA,VEINTISEIS DE OCTUBRE,A.H. VILLA JARDIN
230111,TACNA,TACNA,LA YARADA LOS PALOS,PUEBLO LIBRE
051105,AYACUCHO,VILCAS HUAMAN,HUAMBALPA,HUAMBALPA
100107,HUANUCO,HUANUCO,SAN FRANCISCO DE CAYRAN,CAYRAN
100102,HUANUCO,HUANUCO,AMARILIS,JANCAO
060605,CAJAMARCA,CUTERVO,LA RAMADA,LLUSHCAPAMPA
150514,LIMA,CAÏ¿½ETE,SAN LUIS,LAURA CALLER (CASA BLANCA)
101001,HUANUCO,LAURICOCHA,JESUS,JESUS
040108,AREQUIPA,AREQUIPA,LA JOYA,SAN CAMILO
151001,LIMA,YAUYOS,YAUYOS,SAÑIN
220104,SAN MARTIN,MOYOBAMBA,JEPELACIO,PINTUYACU
220701,SAN MARTIN,PICOTA,PICOTA,BATAN
120609,JUNIN,SATIPO,VIZCATAN DEL ENE,CERRO VERDE
010202,AMAZONAS,BAGUA,ARAMANGO,SANTA CLARA
150132,LIMA,LIMA,SAN JUAN DE LURIGANCHO,CAMPOY
230301,TACNA,JORGE BASADRE,LOCUMBA,CHAUCALANA
050621,AYACUCHO,LUCANAS,SANTA LUCIA,SANTA LUCIA
230301,TACNA,JORGE BASADRE,LOCUMBA,CINTO
120418,JUNIN,JAUJA,MOLINOS,MOLINOS
100208,HUANUCO,AMBO,TOMAY-KICHWA,CHINCHOBAMBA
220802,SAN MARTIN,RIOJA,AWAJUN,SHAMBOYACU
080506,CUSCO,CANAS,PAMPAMARCA,PAMPAMARCA
150137,LIMA,LIMA,SANTA ANITA,COOP. PACHACUTEC
190303,PASCO,OXAPAMPA,HUANCABAMBA,CHINCAY
190303,PASCO,OXAPAMPA,HUANCABAMBA,SAL SI PUEDES
220505,SAN MARTIN,LAMAS,CUÏ¿½UMBUQUI,SAUCAL
220507,SAN MARTIN,LAMAS,RUMISAPA,ALTO SHAMBOLOA
080910,CUSCO,LA CONVENCION,PICHARI,ATALAYA
150502,LIMA,CAÏ¿½ETE,ASIA,SANTA CRUZ DE ASIA (BLANCA ROSA DEL MAR)
110301,ICA,NAZCA,NAZCA,CAJUCA
080908,CUSCO,LA CONVENCION,SANTA TERESA,SILLAPATA
080913,CUSCO,LA CONVENCION,VILLA KINTIARINA,COM. PUEBLO LIBRE BAJA
110301,ICA,NAZCA,NAZCA,PAJONAL BAJO
050404,AYACUCHO,HUANTA,IGUAIN,CHINUA
040507,AREQUIPA,CAYLLOMA,HUAMBO,HUAMBO
110502,ICA,PISCO,HUANCANO,PAMPANO
110301,ICA,NAZCA,NAZCA,AJA ALTO
110301,ICA,NAZCA,NAZCA,BUENA FE
030605,APURIMAC,CHINCHEROS,OCOBAMBA,SARAHUARCAY
030205,APURIMAC,ANDAHUAYLAS,HUANCARAY,PAMPA MARCA
030202,APURIMAC,ANDAHUAYLAS,ANDARAPA,CHANTA UMACA
230109,TACNA,TACNA,SAMA,TOMASIRI
080205,CUSCO,ACOMAYO,POMACANCHI,CANCHANURA
130905,LA LIBERTAD,SANCHEZ CARRION,MARCABAL,NARANJO PAMPA
120211,JUNIN,CONCEPCION,MITO,SAN JUAN DE MATAULA
120408,JUNIN,JAUJA,HUAMALI,HUAMALI
220708,SAN MARTIN,PICOTA,SHAMBOYACU,LEJIA
220708,SAN MARTIN,PICOTA,SHAMBOYACU,NUEVO ALIANZA
050108,AYACUCHO,HUAMANGA,QUINUA,MOYA
220102,SAN MARTIN,MOYOBAMBA,CALZADA,SANTA ROSA DE TANGUMI
060608,CAJAMARCA,CUTERVO,SAN ANDRES DE CUTERVO,EL MOLINO
060906,CAJAMARCA,SAN IGNACIO,SAN JOSE DE LOURDES,NUEVO TRUJILLO
100101,HUANUCO,HUANUCO,HUANUCO,KOTOSH
080907,CUSCO,LA CONVENCION,KIMBIRI,CAMONACHARI
220502,SAN MARTIN,LAMAS,ALONSO DE ALVARADO,NUEVO CHIMBAN
110305,ICA,NAZCA,VISTA ALEGRE,PAJONAL ALTO
080910,CUSCO,LA CONVENCION,PICHARI,CORAZON DEL VALLE
080917,CUSCO,LA CONVENCION,MANITEA,C.P. CCORICHAYOCC
220202,SAN MARTIN,BELLAVISTA,ALTO BIAVO,SAN JUAN
090607,HUANCAVELICA,HUAYTARA,PILPICHACA,RUMICHACA
090201,HUANCAVELICA,ACOBAMBA,ACOBAMBA,BELLAVISTA
080910,CUSCO,LA CONVENCION,PICHARI,VILLA CENTRAL
120402,JUNIN,JAUJA,ACOLLA,PACHASCUCHO
050106,AYACUCHO,HUAMANGA,OCROS,PACOBAMBA
100201,HUANUCO,AMBO,AMBO,CHAUCHA
120417,JUNIN,JAUJA,MASMA CHICCHE,MASMA CHICCHE
060610,CAJAMARCA,CUTERVO,SAN LUIS DE LUCMA,SAN LUIS DE LUCMA
030216,APURIMAC,ANDAHUAYLAS,TALAVERA,BELLAVISTA
120412,JUNIN,JAUJA,JULCAN,JULCAN
080917,CUSCO,LA CONVENCION,MANITEA,C.P. SIRENACHAYOCC
220805,SAN MARTIN,RIOJA,PARDO MIGUEL,BARRIOS ALTOS
120403,JUNIN,JAUJA,APATA,CHICCHE
061202,CAJAMARCA,SAN PABLO,SAN BERNARDINO,SANTA ANA
061201,CAJAMARCA,SAN PABLO,SAN PABLO,KUNTUR WASSI
050504,AYACUCHO,LA MAR,CHILCAS,CHILCAS
050501,AYACUCHO,LA MAR,SAN MIGUEL,PUCAMARCA (SAN FRANCISCO PATIBAMBA)
150722,LIMA,HUAROCHIRI,SAN MATEO,SAN MIGUEL DE VISO
100205,HUANUCO,AMBO,HUACAR,CARACALLA
220805,SAN MARTIN,RIOJA,PARDO MIGUEL,BUENA VISTA
050701,AYACUCHO,PARINACOCHAS,CORACORA,CONDORCCOCHA
090715,HUANCAVELICA,TAYACAJA,SALCAHUASI,QUESCHCAPATA
220804,SAN MARTIN,RIOJA,NUEVA CAJAMARCA,HONGOYACU
120203,JUNIN,CONCEPCION,ANDAMARCA,ANDAMARCA
020111,ANCASH,HUARAZ,PIRA,LLANCA
040413,AREQUIPA,CASTILLA,URACA,EL GRANADO
050612,AYACUCHO,LUCANAS,OCAÏ¿½A,SAN JOSE DE TOMATE
200501,PIURA,PAITA,PAITA,SECTOR 3
080910,CUSCO,LA CONVENCION,PICHARI,CASATAMBO
200501,PIURA,PAITA,PAITA,SECTOR 10
120415,JUNIN,JAUJA,MARCO,MARCO
081007,CUSCO,PARURO,PACCARITAMBO,HUANIMPAMPA
060602,CAJAMARCA,CUTERVO,CALLAYUC,SAN JOSE DE LIRIO
230302,TACNA,JORGE BASADRE,ILABAYA,CAOÑA
021206,ANCASH,HUAYLAS,PAMPAROMAS,PICHIU
120410,JUNIN,JAUJA,HUERTAS,HUERTAS
021206,ANCASH,HUAYLAS,PAMPAROMAS,OXA PAMPA
220105,SAN MARTIN,MOYOBAMBA,SORITOR,LA PRIMAVERA
211209,PUNO,SANDIA,ALTO INAMBARI,PATAYANAMAYO
210309,PUNO,CARABAYA,SAN GABAN,CUMBRE
230301,TACNA,JORGE BASADRE,LOCUMBA,CHIPE
200504,PIURA,PAITA,COLAN,COLAN
080105,CUSCO,CUSCO,SAN SEBASTIAN,QUILLAHUATA
220502,SAN MARTIN,LAMAS,ALONSO DE ALVARADO,MONTE DE LOS OLIVOS
150731,LIMA,HUAROCHIRI,SANTO DOMINGO DE LOS OLLEROS,SANTA CRUZ  COMALIPA (COMALIPA)
230106,TACNA,TACNA,PACHIA,SAN JOSE
230111,TACNA,TACNA,LA YARADA LOS PALOS,ASENTAMIENTO 4
220502,SAN MARTIN,LAMAS,ALONSO DE ALVARADO,DIAMANTE
110504,ICA,PISCO,INDEPENDENCIA,CABEZA DE TORO LAT CUATRO
110305,ICA,NAZCA,VISTA ALEGRE,TARUGA
050201,AYACUCHO,CANGALLO,CANGALLO,PUTICA
051009,AYACUCHO,VICTOR FAJARDO,HUANCARAYLLA,LLUSITA
150501,LIMA,CAÏ¿½ETE,SAN VICENTE DE CAÏ¿½ETE,NUEVO CAÑETE
010203,AMAZONAS,BAGUA,COPALLIN,SANTA CRUZ DE MOROCHAL
110305,ICA,NAZCA,VISTA ALEGRE,CHAUCHILLA BAJA (CHAUCHILLA)
100610,HUANUCO,LEONCIO PRADO,SANTO DOMINGO DE ANDA,PAMPA HERMOSA
050401,AYACUCHO,HUANTA,HUANTA,MIO
010601,AMAZONAS,RODRIGUEZ DE MENDOZA,SAN NICOLAS,LEYVA
180102,MOQUEGUA,MARISCAL NIETO,CARUMAS,CARUMAS
221001,SAN MARTIN,TOCACHE,TOCACHE,BAJO TANANTA
220101,SAN MARTIN,MOYOBAMBA,MOYOBAMBA,EL ARENAL
130906,LA LIBERTAD,SANCHEZ CARRION,SANAGORAN,HUALAGOSDAY
130902,LA LIBERTAD,SANCHEZ CARRION,CHUGAY,CAUCHARATAY
040108,AREQUIPA,AREQUIPA,LA JOYA,LA NUEVA ESPERANZA LATERAL VI LA CANO
080910,CUSCO,LA CONVENCION,PICHARI,SAN JERONIMO ALTA
050607,AYACUCHO,LUCANAS,HUAC-HUAS,PATE
120802,JUNIN,YAULI,CHACAPALPA,CHACAPALPA
110504,ICA,PISCO,INDEPENDENCIA,CABEZA DE TORO LAT TRES
090203,HUANCAVELICA,ACOBAMBA,ANTA,MANYACC
220101,SAN MARTIN,MOYOBAMBA,MOYOBAMBA,PARAJE
010205,AMAZONAS,BAGUA,IMAZA,UMUKAY
030216,APURIMAC,ANDAHUAYLAS,TALAVERA,CHIHUAMPATA
150501,LIMA,CAÏ¿½ETE,SAN VICENTE DE CAÏ¿½ETE,NUEVO AYACUCHO
021206,ANCASH,HUAYLAS,PAMPAROMAS,CAJAY
130901,LA LIBERTAD,SANCHEZ CARRION,HUAMACHUCO,QUINTA ALTA (LA ESQUINA)
050603,AYACUCHO,LUCANAS,CABANA,CABANA SUR (CABANA)
110302,ICA,NAZCA,CHANGUILLO,CABILDO
021603,ANCASH,POMABAMBA,PAROBAMBA,PAROBAMBA
080907,CUSCO,LA CONVENCION,KIMBIRI,SIWAYLLAWATO
150110,LIMA,LIMA,COMAS,URB HUAYQUILLAY
090112,HUANCAVELICA,HUANCAVELICA,MOYA,MOYA
120125,JUNIN,HUANCAYO,PILCOMAYO,BUENOS AIRES
120126,JUNIN,HUANCAYO,PUCARA,PUCARA
151022,LIMA,YAUYOS,OMAS,MARANGALLA
080918,CUSCO,LA CONVENCION,UNION ASHANINKA,COM. PITIRINKINI BAJA
080918,CUSCO,LA CONVENCION,UNION ASHANINKA,COM. IRININKIARI
040128,AREQUIPA,AREQUIPA,YURA,CIUDAD DE DIOS
120305,JUNIN,CHANCHAMAYO,SAN RAMON,LA FRANCIA
220502,SAN MARTIN,LAMAS,ALONSO DE ALVARADO,CRUZ DE CHALPON
100104,HUANUCO,HUANUCO,CHURUBAMBA,CHINCHOBAMBA
010201,AMAZONAS,BAGUA,BAGUA,CHOLOQUILLO
030213,APURIMAC,ANDAHUAYLAS,SAN JERONIMO,CHAMPACCOCHA
211210,PUNO,SANDIA,SAN PEDRO DE PUTINA PUNCO,JANANSAYA
130810,LA LIBERTAD,PATAZ,PIAS,YURACYACU
200501,PIURA,PAITA,PAITA,SECTOR 1
150501,LIMA,CAÏ¿½ETE,SAN VICENTE DE CAÏ¿½ETE,MONTE JATO
210309,PUNO,CARABAYA,SAN GABAN,SECTOR CHALLHUAMAYO
020105,ANCASH,HUARAZ,INDEPENDENCIA,PARIA - WILCAHUAIN (PARIA)
030207,APURIMAC,ANDAHUAYLAS,KISHUARA,KISHUARA
030202,APURIMAC,ANDAHUAYLAS,ANDARAPA,MOLLEPAMPA(CHUYPATA)
100101,HUANUCO,HUANUCO,HUANUCO,FLORIDA
120119,JUNIN,HUANCAYO,HUANCAN,WARIVILCA
211210,PUNO,SANDIA,SAN PEDRO DE PUTINA PUNCO,PUTINA PUNCO
080204,CUSCO,ACOMAYO,MOSOC LLACTA,MOSOC LLACTA
120403,JUNIN,JAUJA,APATA,SAN JOSE DE APATA
